Region,Country,Item Type,Sales Channel,Order Priority,Order Date,Order ID,Ship Date,Units Sold,Unit Price,Unit Cost,Total Revenue,Total Cost,Total Profit
Sub-Saharan Africa,South Africa,Fruits,Offline,M,7/27/2012,443368995,7/28/2012,1593,9.33,6.92,14862.69,11023.56,3839.13
Middle East and North Africa,Morocco,Clothes,Online,M,9/14/2013,667593514,10/19/2013,4611,109.28,35.84,503890.08,165258.24,338631.84
Australia and Oceania,Papua New Guinea,Meat,Offline,M,5/15/2015,940995585,06-04-2015,360,421.89,364.69,151880.4,131288.4,20592
Sub-Saharan Africa,Djibouti,Clothes,Offline,H,5/17/2017,880811536,07-02-2017,562,109.28,35.84,61415.36,20142.08,41273.28
Europe,Slovakia,Beverages,Offline,L,10/26/2016,174590194,12-04-2016,3973,47.45,31.79,188518.85,126301.67,62217.18
Asia,Sri Lanka,Fruits,Online,L,11-07-2011,830192887,12/18/2011,1379,9.33,6.92,12866.07,9542.68,3323.39
Sub-Saharan Africa,Seychelles ,Beverages,Online,M,1/18/2013,425793445,2/16/2013,597,47.45,31.79,28327.65,18978.63,9349.02
Sub-Saharan Africa,Tanzania,Beverages,Online,L,11/30/2016,659878194,1/16/2017,1476,47.45,31.79,70036.2,46922.04,23114.16
Sub-Saharan Africa,Ghana,Office Supplies,Online,L,3/23/2017,601245963,4/15/2017,896,651.21,524.96,583484.16,470364.16,113120
Sub-Saharan Africa,Tanzania,Cosmetics,Offline,L,5/23/2016,739008080,5/24/2016,7768,437.2,263.33,3396169.6,2045547.44,1350622.16
Asia,Taiwan,Fruits,Offline,M,02-09-2014,732588374,2/23/2014,8034,9.33,6.92,74957.22,55595.28,19361.94
Middle East and North Africa,Algeria,Cosmetics,Online,M,2/18/2011,761723172,2/24/2011,9669,437.2,263.33,4227286.8,2546137.77,1681149.03
Asia,Singapore,Snacks,Online,C,1/28/2013,176461303,02-07-2013,7676,152.58,97.44,1171204.08,747949.44,423254.64
Australia and Oceania,Papua New Guinea,Clothes,Offline,L,6/20/2011,647164094,7/14/2011,9092,109.28,35.84,993573.76,325857.28,667716.48
Asia,Vietnam,Personal Care,Online,M,04-04-2010,314505374,05-06-2010,7984,81.73,56.67,652532.32,452453.28,200079.04
Sub-Saharan Africa,Uganda,Personal Care,Online,M,6/19/2014,539471471,7/21/2014,451,81.73,56.67,36860.23,25558.17,11302.06
Sub-Saharan Africa,Zimbabwe,Office Supplies,Offline,C,3/28/2011,953361213,04-08-2011,9623,651.21,524.96,6266593.83,5051690.08,1214903.75
Sub-Saharan Africa,Ethiopia,Cosmetics,Online,M,07-07-2011,807785928,7/25/2011,662,437.2,263.33,289426.4,174324.46,115101.94
Europe,France,Cosmetics,Online,M,12-07-2015,324669444,1/18/2016,5758,437.2,263.33,2517397.6,1516254.14,1001143.46
Central America and the Caribbean,The Bahamas,Personal Care,Online,C,1/19/2011,246248090,2/21/2011,9137,81.73,56.67,746767.01,517793.79,228973.22
Central America and the Caribbean,Haiti,Office Supplies,Online,C,12/31/2010,485070693,1/31/2011,2052,651.21,524.96,1336282.92,1077217.92,259065
Central America and the Caribbean,Nicaragua,Household,Online,C,10/28/2015,573998582,12-07-2015,7791,668.27,502.54,5206491.57,3915289.14,1291202.43
Asia,Turkmenistan,Vegetables,Online,M,4/13/2015,116205585,06-02-2015,6670,154.06,90.93,1027580.2,606503.1,421077.1
Europe,United Kingdom,Cosmetics,Online,L,05-01-2015,135178029,5/16/2015,1038,437.2,263.33,453813.6,273336.54,180477.06
Central America and the Caribbean,Dominican Republic,Baby Food,Offline,H,8/25/2011,824714744,9/24/2011,274,255.28,159.42,69946.72,43681.08,26265.64
Asia,China,Office Supplies,Online,M,02-10-2016,198927056,3/29/2016,5791,651.21,524.96,3771157.11,3040043.36,731113.75
Sub-Saharan Africa,Uganda,Cosmetics,Online,M,2/28/2015,842238795,3/15/2015,6031,437.2,263.33,2636753.2,1588143.23,1048609.97
Middle East and North Africa,Kuwait,Household,Offline,C,6/13/2011,459386289,7/21/2011,1466,668.27,502.54,979683.82,736723.64,242960.18
Middle East and North Africa,United Arab Emirates,Office Supplies,Online,M,6/23/2012,425418365,07-06-2012,9603,651.21,524.96,6253569.63,5041190.88,1212378.75
Europe,Estonia,Household,Offline,H,09-01-2011,835696351,10/21/2011,9976,668.27,502.54,6666661.52,5013339.04,1653322.48
Asia,Malaysia,Beverages,Online,M,11/13/2014,955894076,12/28/2014,9154,47.45,31.79,434357.3,291005.66,143351.64
Australia and Oceania,Vanuatu,Fruits,Online,C,11-03-2013,571997869,11-11-2013,5735,9.33,6.92,53507.55,39686.2,13821.35
Asia,India,Snacks,Online,L,10-10-2012,440306556,11/20/2012,5349,152.58,97.44,816150.42,521206.56,294943.86
Australia and Oceania,Samoa ,Household,Online,L,12-05-2016,937431466,12-08-2016,5657,668.27,502.54,3780403.39,2842868.78,937534.61
Asia,Kazakhstan,Snacks,Online,L,09-08-2013,710296428,10/25/2013,1352,152.58,97.44,206288.16,131738.88,74549.28
Europe,Czech Republic,Cosmetics,Online,H,3/22/2014,726137769,4/26/2014,9157,437.2,263.33,4003440.4,2411312.81,1592127.59
Europe,Belgium,Personal Care,Online,H,11-01-2011,222504317,11/20/2011,2827,81.73,56.67,231050.71,160206.09,70844.62
Europe,Finland,Household,Offline,H,1/15/2016,757257401,1/31/2016,8148,668.27,502.54,5445063.96,4094695.92,1350368.04
Middle East and North Africa,Oman,Cosmetics,Online,H,11/29/2010,358570849,12/28/2010,7937,437.2,263.33,3470056.4,2090050.21,1380006.19
Central America and the Caribbean,Dominica,Household,Offline,C,11/19/2011,274930989,12/13/2011,7044,668.27,502.54,4707293.88,3539891.76,1167402.12
Europe,Serbia,Clothes,Offline,L,07-06-2016,925136649,7/13/2016,7348,109.28,35.84,802989.44,263352.32,539637.12
Sub-Saharan Africa,Sao Tome and Principe,Clothes,Offline,L,11-11-2015,548299157,12/28/2015,2760,109.28,35.84,301612.8,98918.4,202694.4
Asia,Brunei,Cereal,Offline,L,5/28/2013,153842341,7/16/2013,4222,205.7,117.11,868465.4,494438.42,374026.98
Middle East and North Africa,Israel,Beverages,Offline,H,09-08-2013,371502530,10/13/2013,4709,47.45,31.79,223442.05,149699.11,73742.94
Australia and Oceania,Solomon Islands,Household,Online,M,12/17/2010,101328551,12/28/2010,4225,668.27,502.54,2823440.75,2123231.5,700209.25
Sub-Saharan Africa,Togo,Cosmetics,Online,M,09-08-2015,563681733,09-09-2015,4806,437.2,263.33,2101183.2,1265563.98,835619.22
Sub-Saharan Africa,Mauritius ,Clothes,Offline,M,11/17/2012,349235904,12-02-2012,5520,109.28,35.84,603225.6,197836.8,405388.8
North America,Canada,Cosmetics,Online,H,05-09-2011,368977391,06-02-2011,7464,437.2,263.33,3263260.8,1965495.12,1297765.68
Middle East and North Africa,Lebanon,Meat,Online,L,03-08-2017,704205024,4/18/2017,8770,421.89,364.69,3699975.3,3198331.3,501644
Sub-Saharan Africa,Tanzania,Fruits,Offline,H,10/20/2014,156530129,11/29/2014,9599,9.33,6.92,89558.67,66425.08,23133.59
Asia,South Korea,Meat,Offline,L,3/16/2016,297876536,4/20/2016,7141,421.89,364.69,3012716.49,2604251.29,408465.2
Asia,Indonesia,Household,Online,C,9/28/2011,520480573,9/28/2011,623,668.27,502.54,416332.21,313082.42,103249.79
Central America and the Caribbean,Antigua and Barbuda ,Office Supplies,Offline,C,10-02-2011,286891067,10-04-2011,6297,651.21,524.96,4100669.37,3305673.12,794996.25
Middle East and North Africa,Tunisia ,Cosmetics,Offline,H,07-01-2012,479969346,7/20/2012,2450,437.2,263.33,1071140,645158.5,425981.5
Asia,Thailand,Meat,Online,C,02-04-2015,252889239,2/19/2015,4401,421.89,364.69,1856737.89,1605000.69,251737.2
Asia,Nepal,Meat,Online,H,2/21/2014,179137074,3/14/2014,9496,421.89,364.69,4006267.44,3463096.24,543171.2
Europe,Montenegro,Clothes,Offline,M,09-04-2016,902511680,09-08-2016,2117,109.28,35.84,231345.76,75873.28,155472.48
Europe,Greece,Cereal,Online,H,8/22/2015,887124383,10-08-2015,8674,205.7,117.11,1784241.8,1015812.14,768429.66
Europe,Monaco,Beverages,Offline,M,5/29/2016,467399013,6/14/2016,2609,47.45,31.79,123797.05,82940.11,40856.94
Asia,Taiwan,Cereal,Online,H,04-11-2010,498071897,5/26/2010,9397,205.7,117.11,1932962.9,1100482.67,832480.23
Europe,Albania,Personal Care,Offline,M,02-06-2016,104191863,02-11-2016,1543,81.73,56.67,126109.39,87441.81,38667.58
Central America and the Caribbean,Saint Lucia,Fruits,Offline,L,12-12-2015,731120240,01-12-2016,3581,9.33,6.92,33410.73,24780.52,8630.21
Europe,Italy,Cereal,Online,M,11/15/2011,294530856,12/28/2011,7080,205.7,117.11,1456356,829138.8,627217.2
Europe,Switzerland,Office Supplies,Offline,C,7/29/2014,830410039,8/27/2014,5639,651.21,524.96,3672173.19,2960249.44,711923.75
Europe,Netherlands,Fruits,Online,L,11/19/2016,845056617,11/30/2016,9887,9.33,6.92,92245.71,68418.04,23827.67
Europe,Sweden,Beverages,Online,H,9/13/2012,265081918,10-12-2012,2485,47.45,31.79,117913.25,78998.15,38915.1
Europe,Italy,Cereal,Online,C,11/30/2015,887409770,12-05-2015,3126,205.7,117.11,643018.2,366085.86,276932.34
Sub-Saharan Africa,Burundi,Beverages,Online,H,03-09-2011,529276502,04-09-2011,3533,47.45,31.79,167640.85,112314.07,55326.78
Europe,Iceland,Baby Food,Offline,M,10-02-2010,678230941,11-03-2010,2462,255.28,159.42,628499.36,392492.04,236007.32
Europe,Finland,Vegetables,Offline,C,10-09-2012,642134416,11/27/2012,698,154.06,90.93,107533.88,63469.14,44064.74
Sub-Saharan Africa,Rwanda,Fruits,Online,L,09-05-2012,699160754,9/15/2012,6059,9.33,6.92,56530.47,41928.28,14602.19
Asia,Japan,Household,Offline,M,7/16/2014,747796285,7/24/2014,8393,668.27,502.54,5608790.11,4217818.22,1390971.89
Europe,Romania,Beverages,Online,M,2/19/2012,756839835,3/13/2012,4581,47.45,31.79,217368.45,145629.99,71738.46
Central America and the Caribbean,Belize,Personal Care,Online,H,6/14/2015,315402734,08-02-2015,3533,81.73,56.67,288752.09,200215.11,88536.98
Middle East and North Africa,Egypt,Clothes,Online,C,08-09-2016,882908809,8/24/2016,1192,109.28,35.84,130261.76,42721.28,87540.48
Australia and Oceania,Tonga,Baby Food,Online,L,05-11-2016,839094388,5/31/2016,5531,255.28,159.42,1411953.68,881752.02,530201.66
Asia,Thailand,Fruits,Offline,C,9/30/2012,434008300,11/14/2012,1555,9.33,6.92,14508.15,10760.6,3747.55
Central America and the Caribbean,Dominica,Beverages,Online,L,06-12-2012,438011872,7/18/2012,6301,47.45,31.79,298982.45,200308.79,98673.66
Sub-Saharan Africa,Ghana,Clothes,Online,M,11-02-2011,791778934,12-01-2011,3836,109.28,35.84,419198.08,137482.24,281715.84
Australia and Oceania,East Timor,Cereal,Offline,M,12-07-2015,156295812,12/30/2015,259,205.7,117.11,53276.3,30331.49,22944.81
Sub-Saharan Africa,The Gambia,Fruits,Online,C,11/20/2011,862861335,11/22/2011,8699,9.33,6.92,81161.67,60197.08,20964.59
Sub-Saharan Africa,Mali,Household,Offline,M,8/19/2010,363086831,09-07-2010,4317,668.27,502.54,2884921.59,2169465.18,715456.41
Asia,Indonesia,Personal Care,Offline,L,10/22/2012,678896129,10/31/2012,9306,81.73,56.67,760579.38,527371.02,233208.36
Europe,Albania,Baby Food,Offline,H,7/19/2012,752525556,8/13/2012,7890,255.28,159.42,2014159.2,1257823.8,756335.4
Sub-Saharan Africa,Ghana,Fruits,Offline,M,5/29/2016,496523940,06-04-2016,1323,9.33,6.92,12343.59,9155.16,3188.43
Central America and the Caribbean,Nicaragua,Baby Food,Online,L,11-11-2016,343752610,11/16/2016,2891,255.28,159.42,738014.48,460883.22,277131.26
Europe,Italy,Office Supplies,Online,H,3/29/2011,797385394,04-11-2011,2913,651.21,524.96,1896974.73,1529208.48,367766.25
Europe,Moldova ,Fruits,Online,C,1/27/2013,180908620,03-03-2013,3736,9.33,6.92,34856.88,25853.12,9003.76
Central America and the Caribbean,The Bahamas,Fruits,Offline,L,6/18/2010,488121116,6/30/2010,4740,9.33,6.92,44224.2,32800.8,11423.4
Europe,Romania,Cereal,Online,M,4/16/2015,633134210,4/18/2015,7337,205.7,117.11,1509220.9,859236.07,649984.83
Middle East and North Africa,Pakistan,Meat,Online,M,12/28/2013,500371730,2/15/2014,9969,421.89,364.69,4205821.41,3635594.61,570226.8
Sub-Saharan Africa,Madagascar,Clothes,Online,L,10/17/2016,494570004,10/26/2016,3110,109.28,35.84,339860.8,111462.4,228398.4
North America,United States of America,Personal Care,Online,H,1/21/2016,190777862,2/19/2016,4264,81.73,56.67,348496.72,241640.88,106855.84
Sub-Saharan Africa,Democratic Republic of the Congo,Cosmetics,Online,M,10-07-2012,584356629,10/25/2012,2967,437.2,263.33,1297172.4,781300.11,515872.29
Australia and Oceania,New Zealand,Beverages,Online,M,10-11-2012,940980136,11-04-2012,5788,47.45,31.79,274640.6,184000.52,90640.08
Sub-Saharan Africa,Liberia,Baby Food,Offline,H,06-06-2015,146634709,06-12-2015,1324,255.28,159.42,337990.72,211072.08,126918.64
Asia,Turkmenistan,Meat,Online,M,4/30/2017,757619178,5/14/2017,5206,421.89,364.69,2196359.34,1898576.14,297783.2
Sub-Saharan Africa,Malawi,Meat,Offline,H,03-01-2016,450544869,03-12-2016,5094,421.89,364.69,2149107.66,1857730.86,291376.8
Australia and Oceania,Vanuatu,Cereal,Offline,C,6/20/2014,572335612,08-05-2014,5681,205.7,117.11,1168581.7,665301.91,503279.79
Sub-Saharan Africa,Mali,Baby Food,Online,L,11-03-2015,290227735,12-07-2015,3691,255.28,159.42,942238.48,588419.22,353819.26
Sub-Saharan Africa,Democratic Republic of the Congo,Cosmetics,Offline,M,7/30/2013,641770064,8/25/2013,2878,437.2,263.33,1258261.6,757863.74,500397.86
Asia,Sri Lanka,Fruits,Online,H,3/13/2017,484823930,4/20/2017,9030,9.33,6.92,84249.9,62487.6,21762.3
Sub-Saharan Africa,Equatorial Guinea,Cereal,Online,C,10-11-2010,547563159,11-04-2010,4962,205.7,117.11,1020683.4,581099.82,439583.58
Middle East and North Africa,United Arab Emirates,Baby Food,Offline,M,4/25/2017,278474080,6/14/2017,5523,255.28,159.42,1409911.44,880476.66,529434.78
Sub-Saharan Africa,Democratic Republic of the Congo,Snacks,Offline,C,8/30/2011,996355521,9/21/2011,2595,152.58,97.44,395945.1,252856.8,143088.3
Asia,South Korea,Household,Offline,C,2/27/2015,940318810,03-06-2015,87,668.27,502.54,58139.49,43720.98,14418.51
Central America and the Caribbean,El Salvador,Cosmetics,Offline,L,2/20/2016,219787776,03-05-2016,8942,437.2,263.33,3909442.4,2354696.86,1554745.54
Central America and the Caribbean,Antigua and Barbuda ,Vegetables,Online,H,7/30/2011,364498746,08-11-2011,2134,154.06,90.93,328764.04,194044.62,134719.42
North America,Greenland,Household,Online,H,11/14/2010,274500548,11/23/2010,9667,668.27,502.54,6460166.09,4858054.18,1602111.91
Asia,Kazakhstan,Baby Food,Online,H,11/25/2016,270154511,12/22/2016,3578,255.28,159.42,913391.84,570404.76,342987.08
Australia and Oceania,Papua New Guinea,Personal Care,Online,H,09-12-2014,742134463,10-08-2014,2934,81.73,56.67,239795.82,166269.78,73526.04
Asia,Myanmar,Cosmetics,Online,C,1/21/2013,801426732,2/19/2013,8834,437.2,263.33,3862224.8,2326257.22,1535967.58
Central America and the Caribbean,Costa Rica,Beverages,Offline,H,6/30/2010,529330146,8/16/2010,9408,47.45,31.79,446409.6,299080.32,147329.28
Europe,Serbia,Office Supplies,Offline,C,2/26/2014,527456033,03-02-2014,4816,651.21,524.96,3136227.36,2528207.36,608020
Europe,Albania,Meat,Offline,M,4/26/2013,567728221,05-12-2013,2252,421.89,364.69,950096.28,821281.88,128814.4
Europe,Armenia,Clothes,Offline,C,6/23/2013,942383038,6/29/2013,938,109.28,35.84,102504.64,33617.92,68886.72
Middle East and North Africa,Somalia,Snacks,Online,C,5/26/2017,213969314,07-07-2017,7130,152.58,97.44,1087895.4,694747.2,393148.2
Sub-Saharan Africa,Kenya,Cereal,Offline,M,10-10-2013,165348374,11/27/2013,9113,205.7,117.11,1874544.1,1067223.43,807320.67
Sub-Saharan Africa,Zambia,Cosmetics,Online,M,4/16/2011,849694049,5/29/2011,2206,437.2,263.33,964463.2,580905.98,383557.22
North America,Canada,Cosmetics,Online,C,2/14/2012,140492665,2/18/2012,3757,437.2,263.33,1642560.4,989330.81,653229.59
Australia and Oceania,Marshall Islands,Personal Care,Online,L,9/23/2015,481543052,9/24/2015,8145,81.73,56.67,665690.85,461577.15,204113.7
Europe,Estonia,Vegetables,Online,L,1/20/2015,336956536,02-04-2015,1782,154.06,90.93,274534.92,162037.26,112497.66
Europe,Armenia,Snacks,Offline,M,6/23/2015,941156947,07-06-2015,8110,152.58,97.44,1237423.8,790238.4,447185.4
Middle East and North Africa,Syria,Snacks,Online,M,11-09-2015,448880612,12-09-2015,2603,152.58,97.44,397165.74,253636.32,143529.42
Asia,Myanmar,Office Supplies,Offline,C,05-04-2012,685176360,06-08-2012,7766,651.21,524.96,5057296.86,4076839.36,980457.5
Central America and the Caribbean,The Bahamas,Office Supplies,Online,L,4/13/2017,395405519,4/26/2017,8135,651.21,524.96,5297593.35,4270549.6,1027043.75
Sub-Saharan Africa,Madagascar,Household,Offline,C,01-07-2010,195241916,02-12-2010,5276,668.27,502.54,3525792.52,2651401.04,874391.48
Sub-Saharan Africa,Niger,Clothes,Offline,C,5/25/2016,320671880,07-05-2016,2790,109.28,35.84,304891.2,99993.6,204897.6
Asia,Mongolia,Meat,Offline,H,02-07-2014,177994239,3/29/2014,1306,421.89,364.69,550988.34,476285.14,74703.2
Sub-Saharan Africa,Seychelles ,Vegetables,Online,H,03-04-2012,593820321,03-04-2012,3484,154.06,90.93,536745.04,316800.12,219944.92
Sub-Saharan Africa,Sierra Leone,Snacks,Offline,L,12-05-2016,665073955,12/24/2016,9017,152.58,97.44,1375813.86,878616.48,497197.38
Sub-Saharan Africa,Cape Verde,Vegetables,Online,L,1/14/2013,908991467,2/27/2013,9630,154.06,90.93,1483597.8,875655.9,607941.9
Europe,Denmark,Cosmetics,Online,M,9/24/2012,113121688,9/26/2012,4076,437.2,263.33,1782027.2,1073333.08,708694.12
Central America and the Caribbean,Saint Kitts and Nevis ,Meat,Online,L,03-03-2014,285325944,04-07-2014,3142,421.89,364.69,1325578.38,1145855.98,179722.4
Sub-Saharan Africa,Tanzania,Clothes,Offline,C,10-11-2012,803778064,10/30/2012,4646,109.28,35.84,507714.88,166512.64,341202.24
Middle East and North Africa,Syria,Household,Offline,L,8/20/2012,666964375,10-08-2012,8435,668.27,502.54,5636857.45,4238924.9,1397932.55
Middle East and North Africa,Saudi Arabia,Meat,Online,M,02-02-2015,743683707,02-04-2015,1390,421.89,364.69,586427.1,506919.1,79508
Europe,Bulgaria,Cereal,Offline,C,12/25/2014,623047387,1/18/2015,2422,205.7,117.11,498205.4,283640.42,214564.98
Europe,Armenia,Office Supplies,Online,M,01-02-2012,864479243,2/17/2012,7474,651.21,524.96,4867143.54,3923551.04,943592.5
Sub-Saharan Africa,Sudan,Baby Food,Online,H,6/27/2014,747715604,07-08-2014,4518,255.28,159.42,1153355.04,720259.56,433095.48
Middle East and North Africa,Morocco,Snacks,Offline,M,11/22/2012,522805297,11/28/2012,8560,152.58,97.44,1306084.8,834086.4,471998.4
Middle East and North Africa,Yemen,Vegetables,Online,C,11/26/2013,960109651,12/21/2013,6636,154.06,90.93,1022342.16,603411.48,418930.68
Europe,Netherlands,Cosmetics,Online,L,11/21/2013,200302493,11/25/2013,2814,437.2,263.33,1230280.8,741010.62,489270.18
Asia,Cambodia,Household,Offline,C,4/21/2010,504370152,06-02-2010,3191,668.27,502.54,2132449.57,1603605.14,528844.43
Central America and the Caribbean,Trinidad and Tobago,Vegetables,Online,M,01-03-2013,603611457,1/25/2013,899,154.06,90.93,138499.94,81746.07,56753.87
Australia and Oceania,East Timor,Office Supplies,Offline,C,3/23/2010,649637734,05-10-2010,1097,651.21,524.96,714377.37,575881.12,138496.25
Sub-Saharan Africa,Kenya,Cosmetics,Online,H,2/27/2010,864372813,03-03-2010,5979,437.2,263.33,2614018.8,1574450.07,1039568.73
Asia,South Korea,Clothes,Offline,C,07-10-2014,190053021,8/25/2014,9767,109.28,35.84,1067337.76,350049.28,717288.48
Australia and Oceania,Tonga,Fruits,Offline,M,9/21/2014,339227187,9/29/2014,3718,9.33,6.92,34688.94,25728.56,8960.38
Sub-Saharan Africa,Cape Verde,Meat,Offline,L,10/21/2010,844756639,12-08-2010,1117,421.89,364.69,471251.13,407358.73,63892.4
Sub-Saharan Africa,Central African Republic,Household,Online,M,3/31/2015,409815204,04-04-2015,2281,668.27,502.54,1524323.87,1146293.74,378030.13
Europe,Latvia,Meat,Online,M,4/16/2011,957889211,5/18/2011,9559,421.89,364.69,4032846.51,3486071.71,546774.8
Central America and the Caribbean,El Salvador,Household,Online,M,4/28/2017,882777488,5/21/2017,2331,668.27,502.54,1557737.37,1171420.74,386316.63
Australia and Oceania,Papua New Guinea,Beverages,Offline,M,12-09-2014,898591363,1/13/2015,2008,47.45,31.79,95279.6,63834.32,31445.28
Central America and the Caribbean,Grenada,Beverages,Offline,C,4/17/2013,889754664,4/27/2013,7032,47.45,31.79,333668.4,223547.28,110121.12
Europe,Portugal,Cereal,Online,M,1/14/2015,361003720,1/21/2015,7878,205.7,117.11,1620504.6,922592.58,697912.02
Sub-Saharan Africa,Togo,Baby Food,Online,M,7/13/2012,687387359,08-05-2012,2050,255.28,159.42,523324,326811,196513
Middle East and North Africa,Bahrain,Snacks,Offline,H,05-04-2014,164266908,5/19/2014,9083,152.58,97.44,1385884.14,885047.52,500836.62
Sub-Saharan Africa,Uganda,Cereal,Offline,M,03-02-2011,757316195,04-02-2011,5546,205.7,117.11,1140812.2,649492.06,491320.14
Central America and the Caribbean,Saint Kitts and Nevis ,Snacks,Online,C,6/27/2017,452521550,7/29/2017,38,152.58,97.44,5798.04,3702.72,2095.32
Europe,Belgium,Vegetables,Offline,L,10/13/2014,906181800,10/29/2014,8187,154.06,90.93,1261289.22,744443.91,516845.31
Sub-Saharan Africa,Cameroon,Meat,Offline,C,11/16/2015,694908273,01-02-2016,7655,421.89,364.69,3229567.95,2791701.95,437866
Asia,Bhutan,Office Supplies,Online,H,9/22/2015,265624797,10/16/2015,3135,651.21,524.96,2041543.35,1645749.6,395793.75
Europe,Georgia,Beverages,Online,L,05-10-2010,585567700,5/21/2010,1350,47.45,31.79,64057.5,42916.5,21141
Middle East and North Africa,Lebanon,Baby Food,Online,H,10/17/2015,892285811,10/27/2015,6055,255.28,159.42,1545720.4,965288.1,580432.3
Australia and Oceania,Kiribati,Cereal,Online,L,04-04-2011,943640458,05-12-2011,3036,205.7,117.11,624505.2,355545.96,268959.24
Europe,Croatia,Cosmetics,Online,C,02-11-2011,567805469,3/30/2011,5111,437.2,263.33,2234529.2,1345879.63,888649.57
Australia and Oceania,Vanuatu,Personal Care,Online,H,8/26/2015,113267171,8/30/2015,7128,81.73,56.67,582571.44,403943.76,178627.68
Asia,Cambodia,Cereal,Offline,L,11-07-2014,898824393,11/21/2014,967,205.7,117.11,198911.9,113245.37,85666.53
Europe,Czech Republic,Snacks,Online,M,12-04-2014,263588464,1/20/2015,539,152.58,97.44,82240.62,52520.16,29720.46
Middle East and North Africa,Somalia,Office Supplies,Offline,C,10-10-2011,116983211,10/18/2011,6786,651.21,524.96,4419111.06,3562378.56,856732.5
Australia and Oceania,Solomon Islands,Baby Food,Online,M,07-06-2017,188744962,7/24/2017,2683,255.28,159.42,684916.24,427723.86,257192.38
Middle East and North Africa,Algeria,Snacks,Online,M,04-02-2011,278922545,05-07-2011,8234,152.58,97.44,1256343.72,802320.96,454022.76
Middle East and North Africa,Turkey,Baby Food,Online,H,01-08-2011,707877290,02-08-2011,5475,255.28,159.42,1397658,872824.5,524833.5
Middle East and North Africa,Iraq,Personal Care,Offline,H,12/26/2016,966283023,01-10-2017,3474,81.73,56.67,283930.02,196871.58,87058.44
Sub-Saharan Africa,Comoros,Office Supplies,Offline,C,3/28/2015,165126073,04-08-2015,3329,651.21,524.96,2167878.09,1747591.84,420286.25
Asia,Bhutan,Personal Care,Offline,M,11-08-2011,185705268,12-08-2011,3170,81.73,56.67,259084.1,179643.9,79440.2
Asia,Uzbekistan,Household,Offline,H,12/25/2013,729631936,02-11-2014,3159,668.27,502.54,2111064.93,1587523.86,523541.07
Central America and the Caribbean,Antigua and Barbuda ,Household,Online,L,11/27/2010,668829905,12/23/2010,487,668.27,502.54,325447.49,244736.98,80710.51
Central America and the Caribbean,Dominican Republic,Baby Food,Offline,H,09-08-2015,295535504,10/19/2015,4378,255.28,159.42,1117615.84,697940.76,419675.08
Australia and Oceania,Tuvalu,Office Supplies,Offline,M,12-12-2015,872297561,12/20/2015,1087,651.21,524.96,707865.27,570631.52,137233.75
Europe,Iceland,Fruits,Offline,H,07-11-2015,581977403,7/16/2015,8901,9.33,6.92,83046.33,61594.92,21451.41
Sub-Saharan Africa,Gabon,Cereal,Offline,M,7/14/2015,377748858,8/31/2015,3136,205.7,117.11,645075.2,367256.96,277818.24
Asia,Indonesia,Baby Food,Offline,H,7/29/2010,833098256,8/13/2010,1142,255.28,159.42,291529.76,182057.64,109472.12
Europe,Switzerland,Personal Care,Online,H,04-02-2015,791824424,4/28/2015,7298,81.73,56.67,596465.54,413577.66,182887.88
Europe,Hungary,Snacks,Online,M,12-10-2014,518038690,12/21/2014,8015,152.58,97.44,1222928.7,780981.6,441947.1
Middle East and North Africa,Jordan,Beverages,Offline,M,01-06-2015,346164882,2/14/2015,6736,47.45,31.79,319623.2,214137.44,105485.76
Europe,Montenegro,Clothes,Online,C,05-04-2014,230939328,6/16/2014,8934,109.28,35.84,976307.52,320194.56,656112.96
Australia and Oceania,Papua New Guinea,Office Supplies,Offline,C,8/17/2016,197410857,9/29/2016,7114,651.21,524.96,4632707.94,3734565.44,898142.5
North America,Greenland,Household,Offline,C,07-08-2011,790940797,08-01-2011,5813,668.27,502.54,3884653.51,2921265.02,963388.49
Europe,Andorra,Office Supplies,Online,C,3/19/2016,827202975,3/26/2016,6598,651.21,524.96,4296683.58,3463686.08,832997.5
Middle East and North Africa,Oman,Fruits,Online,H,2/14/2011,542183721,3/16/2011,3066,9.33,6.92,28605.78,21216.72,7389.06
Sub-Saharan Africa,Kenya,Baby Food,Online,H,10/17/2011,242181861,11-01-2011,5849,255.28,159.42,1493132.72,932447.58,560685.14
Europe,Andorra,Beverages,Online,L,2/13/2012,753808724,2/13/2012,7608,47.45,31.79,360999.6,241858.32,119141.28
Europe,Luxembourg,Snacks,Offline,L,11-06-2010,273988139,11/16/2010,8034,152.58,97.44,1225827.72,782832.96,442994.76
Sub-Saharan Africa,Guinea-Bissau,Beverages,Online,H,5/14/2015,219956433,6/18/2015,8851,47.45,31.79,419979.95,281373.29,138606.66
Europe,Finland,Personal Care,Offline,L,03-09-2015,279262435,03-10-2015,8815,81.73,56.67,720449.95,499546.05,220903.9
Asia,Bangladesh,Beverages,Offline,L,1/14/2016,659767472,03-03-2016,8711,47.45,31.79,413336.95,276922.69,136414.26
Asia,Bangladesh,Office Supplies,Offline,L,05-09-2013,739645373,5/15/2013,6357,651.21,524.96,4139741.97,3337170.72,802571.25
Europe,Switzerland,Snacks,Online,H,3/17/2011,417382466,04-02-2011,1602,152.58,97.44,244433.16,156098.88,88334.28
Asia,Laos,Vegetables,Offline,L,12-12-2010,561777579,12/21/2010,1325,154.06,90.93,204129.5,120482.25,83647.25
Asia,Sri Lanka,Snacks,Online,C,12/26/2014,761942040,1/22/2015,4437,152.58,97.44,676997.46,432341.28,244656.18
Europe,Portugal,Fruits,Offline,M,6/13/2015,677299678,6/16/2015,6881,9.33,6.92,64199.73,47616.52,16583.21
Sub-Saharan Africa,Nigeria,Fruits,Offline,C,1/31/2013,487586820,03-04-2013,6630,9.33,6.92,61857.9,45879.6,15978.3
Europe,Germany,Household,Offline,H,07-06-2013,442852294,8/21/2013,8690,668.27,502.54,5807266.3,4367072.6,1440193.7
Asia,Brunei,Beverages,Online,L,10/31/2015,413457429,12/13/2015,96,47.45,31.79,4555.2,3051.84,1503.36
Middle East and North Africa,Israel,Clothes,Online,M,06-01-2016,340076053,06-08-2016,4916,109.28,35.84,537220.48,176189.44,361031.04
Middle East and North Africa,Egypt,Office Supplies,Online,M,9/19/2012,683694493,10/27/2012,9249,651.21,524.96,6023041.29,4855355.04,1167686.25
Central America and the Caribbean,Jamaica,Personal Care,Online,H,08-08-2014,175611579,8/28/2014,6224,81.73,56.67,508687.52,352714.08,155973.44
Asia,Sri Lanka,Vegetables,Offline,L,4/15/2010,767438638,4/19/2010,1002,154.06,90.93,154368.12,91111.86,63256.26
Central America and the Caribbean,Dominican Republic,Beverages,Offline,C,7/22/2015,881099498,8/20/2015,5776,47.45,31.79,274071.2,183619.04,90452.16
Sub-Saharan Africa,Tanzania,Personal Care,Online,C,12/19/2016,358830487,02-01-2017,4770,81.73,56.67,389852.1,270315.9,119536.2
Middle East and North Africa,Yemen,Office Supplies,Online,M,07-04-2013,913180434,8/13/2013,9238,651.21,524.96,6015877.98,4849580.48,1166297.5
Sub-Saharan Africa,Mauritius ,Fruits,Offline,H,10/16/2012,277010667,11-04-2012,2467,9.33,6.92,23017.11,17071.64,5945.47
Asia,Malaysia,Cosmetics,Offline,H,2/25/2012,753495013,3/19/2012,4774,437.2,263.33,2087192.8,1257137.42,830055.38
Europe,Monaco,Beverages,Online,H,7/20/2017,666119801,7/26/2017,8507,47.45,31.79,403657.15,270437.53,133219.62
Sub-Saharan Africa,Cape Verde,Vegetables,Online,M,1/31/2017,208683860,02-12-2017,3046,154.06,90.93,469266.76,276972.78,192293.98
North America,Greenland,Baby Food,Offline,C,1/23/2015,995298516,03-09-2015,9804,255.28,159.42,2502765.12,1562953.68,939811.44
Asia,Kazakhstan,Personal Care,Offline,L,1/25/2013,210387599,3/16/2013,7221,81.73,56.67,590172.33,409214.07,180958.26
Middle East and North Africa,Israel,Household,Offline,L,10-03-2013,958687436,11-07-2013,5771,668.27,502.54,3856586.17,2900158.34,956427.83
Europe,Bulgaria,Personal Care,Online,H,1/20/2017,115246856,03-06-2017,2961,81.73,56.67,242002.53,167799.87,74202.66
Sub-Saharan Africa,Botswana,Clothes,Online,H,5/21/2016,475427186,6/30/2016,8324,109.28,35.84,909646.72,298332.16,611314.56
Sub-Saharan Africa,Zimbabwe,Meat,Online,C,01-09-2010,404902255,1/25/2010,8430,421.89,364.69,3556532.7,3074336.7,482196
Central America and the Caribbean,The Bahamas,Beverages,Offline,C,6/13/2012,589658391,7/18/2012,1876,47.45,31.79,89016.2,59638.04,29378.16
Europe,Vatican City,Office Supplies,Offline,H,9/16/2012,885994422,11-01-2012,4293,651.21,524.96,2795644.53,2253653.28,541991.25
Central America and the Caribbean,Panama,Household,Online,C,1/21/2016,770521676,1/31/2016,3341,668.27,502.54,2232690.07,1678986.14,553703.93
Asia,Mongolia,Baby Food,Offline,C,6/14/2017,690163981,7/14/2017,3714,255.28,159.42,948109.92,592085.88,356024.04
Australia and Oceania,New Zealand,Cereal,Offline,H,12-01-2012,712157666,12/17/2012,2134,205.7,117.11,438963.8,249912.74,189051.06
Sub-Saharan Africa,Ethiopia,Beverages,Online,H,11/28/2010,974051558,12/22/2010,2357,47.45,31.79,111839.65,74929.03,36910.62
Sub-Saharan Africa,Namibia,Cereal,Online,H,05-12-2013,333706986,5/28/2013,168,205.7,117.11,34557.6,19674.48,14883.12
Australia and Oceania,New Zealand,Office Supplies,Online,M,12-04-2011,419297778,1/22/2012,8385,651.21,524.96,5460395.85,4401789.6,1058606.25
Sub-Saharan Africa,Madagascar,Vegetables,Offline,M,6/16/2014,679310262,7/22/2014,1857,154.06,90.93,286089.42,168857.01,117232.41
Europe,Ireland,Meat,Offline,L,12-11-2010,632543265,1/16/2011,2464,421.89,364.69,1039536.96,898596.16,140940.8
Central America and the Caribbean,Trinidad and Tobago,Cosmetics,Online,H,03-02-2015,318108117,3/16/2015,4116,437.2,263.33,1799515.2,1083866.28,715648.92
Australia and Oceania,Federated States of Micronesia,Beverages,Online,L,6/15/2015,745428645,7/15/2015,7756,47.45,31.79,368022.2,246563.24,121458.96
Europe,Romania,Snacks,Offline,L,05-07-2016,744241178,05-09-2016,6358,152.58,97.44,970103.64,619523.52,350580.12
Sub-Saharan Africa,Namibia,Fruits,Online,L,02-09-2012,114594542,3/19/2012,9927,9.33,6.92,92618.91,68694.84,23924.07
North America,Canada,Cosmetics,Offline,M,03-09-2013,976850068,3/21/2013,498,437.2,263.33,217725.6,131138.34,86587.26
Europe,Poland,Clothes,Offline,M,03-06-2012,121681582,04-08-2012,7139,109.28,35.84,780149.92,255861.76,524288.16
Europe,Kosovo,Clothes,Online,H,4/26/2010,260075414,5/18/2010,949,109.28,35.84,103706.72,34012.16,69694.56
Europe,Sweden,Office Supplies,Online,L,09-07-2013,573330390,10/20/2013,58,651.21,524.96,37770.18,30447.68,7322.5
Sub-Saharan Africa,Sao Tome and Principe,Cosmetics,Online,M,4/13/2014,763057839,05-01-2014,4626,437.2,263.33,2022487.2,1218164.58,804322.62
Sub-Saharan Africa,Tanzania,Baby Food,Offline,H,7/15/2016,601181590,7/28/2016,1847,255.28,159.42,471502.16,294448.74,177053.42
Australia and Oceania,Palau,Meat,Online,C,10/17/2010,379937970,10/20/2010,943,421.89,364.69,397842.27,343902.67,53939.6
Sub-Saharan Africa,Malawi,Cosmetics,Online,M,12/20/2014,461875808,12/23/2014,8170,437.2,263.33,3571924,2151406.1,1420517.9
Asia,India,Personal Care,Offline,H,03-05-2010,829856431,4/15/2010,1814,81.73,56.67,148258.22,102799.38,45458.84
Sub-Saharan Africa,Angola,Cereal,Online,L,09-03-2012,637053668,10-04-2012,7192,205.7,117.11,1479394.4,842255.12,637139.28
Central America and the Caribbean,El Salvador,Cereal,Offline,L,1/26/2017,456953847,1/30/2017,1653,205.7,117.11,340022.1,193582.83,146439.27
Asia,Uzbekistan,Snacks,Online,C,04-01-2015,933355796,4/30/2015,9576,152.58,97.44,1461106.08,933085.44,528020.64
Europe,Romania,Office Supplies,Online,L,4/20/2015,530370843,5/26/2015,7373,651.21,524.96,4801371.33,3870530.08,930841.25
Middle East and North Africa,Bahrain,Cosmetics,Offline,C,01-10-2015,482422816,2/22/2015,8487,437.2,263.33,3710516.4,2234881.71,1475634.69
Sub-Saharan Africa,Cape Verde,Snacks,Offline,L,4/17/2013,744248044,5/21/2013,8390,152.58,97.44,1280146.2,817521.6,462624.6
Sub-Saharan Africa,Zimbabwe,Personal Care,Offline,H,10/24/2013,440895354,11/22/2013,9588,81.73,56.67,783627.24,543351.96,240275.28
Central America and the Caribbean,Costa Rica,Cereal,Online,L,10/19/2013,117726075,10/31/2013,6617,205.7,117.11,1361116.9,774916.87,586200.03
Sub-Saharan Africa,Mauritius ,Vegetables,Online,C,4/23/2015,390414035,4/29/2015,1044,154.06,90.93,160838.64,94930.92,65907.72
Sub-Saharan Africa,Benin,Beverages,Offline,C,11/22/2013,594945561,01-09-2014,6467,47.45,31.79,306859.15,205585.93,101273.22
North America,Mexico,Personal Care,Online,H,07-12-2017,137619483,7/21/2017,3518,81.73,56.67,287526.14,199365.06,88161.08
Sub-Saharan Africa,The Gambia,Clothes,Online,M,7/15/2012,745047128,08-12-2012,4857,109.28,35.84,530772.96,174074.88,356698.08
Asia,Cambodia,Baby Food,Online,C,10/24/2012,614152324,11/24/2012,175,255.28,159.42,44674,27898.5,16775.5
Sub-Saharan Africa,Zambia,Household,Offline,H,08-05-2010,262171399,08-09-2010,1198,668.27,502.54,800587.46,602042.92,198544.54
Europe,Malta,Cosmetics,Online,M,7/16/2010,276653182,8/13/2010,6679,437.2,263.33,2920058.8,1758781.07,1161277.73
Europe,Malta,Personal Care,Online,C,10/21/2010,865459001,12-01-2010,7406,81.73,56.67,605292.38,419698.02,185594.36
Middle East and North Africa,Iran,Fruits,Online,C,5/27/2014,506762683,6/18/2014,1194,9.33,6.92,11140.02,8262.48,2877.54
Sub-Saharan Africa,Nigeria,Cosmetics,Online,C,04-02-2010,899050557,4/15/2010,7894,437.2,263.33,3451256.8,2078727.02,1372529.78
Australia and Oceania,Palau,Office Supplies,Online,H,11-06-2014,211121451,12/20/2014,4384,651.21,524.96,2854904.64,2301424.64,553480
Australia and Oceania,Samoa ,Snacks,Offline,M,6/19/2015,732086694,6/27/2015,9576,152.58,97.44,1461106.08,933085.44,528020.64
Sub-Saharan Africa,Central African Republic,Vegetables,Online,L,10/16/2011,321370112,11/24/2011,9413,154.06,90.93,1450166.78,855924.09,594242.69
Sub-Saharan Africa,Seychelles ,Household,Online,C,2/28/2012,958708035,3/29/2012,1867,668.27,502.54,1247660.09,938242.18,309417.91
Central America and the Caribbean,Belize,Personal Care,Offline,H,08-09-2014,194149291,8/23/2014,1944,81.73,56.67,158883.12,110166.48,48716.64
Sub-Saharan Africa,Mauritania,Household,Offline,L,8/29/2010,598055207,10-07-2010,6681,668.27,502.54,4464711.87,3357469.74,1107242.13
Australia and Oceania,Tuvalu,Meat,Online,M,11-05-2011,311099612,12/14/2011,143,421.89,364.69,60330.27,52150.67,8179.6
Europe,Ireland,Office Supplies,Online,M,08-10-2015,694268834,8/23/2015,8431,651.21,524.96,5490351.51,4425937.76,1064413.75
Central America and the Caribbean,Saint Vincent and the Grenadines,Baby Food,Offline,H,09-02-2016,478861701,10/19/2016,4674,255.28,159.42,1193178.72,745129.08,448049.64
Europe,Germany,Vegetables,Offline,L,10/28/2010,716489541,12-07-2010,4032,154.06,90.93,621169.92,366629.76,254540.16
Europe,Portugal,Beverages,Offline,H,11-07-2013,729076182,12-08-2013,8699,47.45,31.79,412767.55,276541.21,136226.34
Sub-Saharan Africa,Malawi,Household,Offline,H,4/24/2012,358857953,5/14/2012,2898,668.27,502.54,1936646.46,1456360.92,480285.54
Central America and the Caribbean,Guatemala,Clothes,Offline,C,10-06-2012,418383681,11/24/2012,7884,109.28,35.84,861563.52,282562.56,579000.96
Asia,Bhutan,Cosmetics,Offline,L,04-02-2015,440514695,4/20/2015,6942,437.2,263.33,3035042.4,1828036.86,1207005.54
Europe,Switzerland,Snacks,Offline,C,02-07-2017,928424823,2/28/2017,392,152.58,97.44,59811.36,38196.48,21614.88
Europe,Vatican City,Personal Care,Online,M,9/17/2016,205600392,9/27/2016,580,81.73,56.67,47403.4,32868.6,14534.8
Sub-Saharan Africa,Sao Tome and Principe,Cosmetics,Offline,C,4/26/2017,265840232,5/25/2017,6887,437.2,263.33,3010996.4,1813553.71,1197442.69
Middle East and North Africa,Bahrain,Fruits,Offline,L,8/29/2015,923255670,10-02-2015,724,9.33,6.92,6754.92,5010.08,1744.84
Central America and the Caribbean,Antigua and Barbuda ,Meat,Online,C,4/26/2013,262270534,5/14/2013,534,421.89,364.69,225289.26,194744.46,30544.8
Australia and Oceania,Papua New Guinea,Vegetables,Online,C,12-12-2012,487621152,1/21/2013,6790,154.06,90.93,1046067.4,617414.7,428652.7
Sub-Saharan Africa,Lesotho,Vegetables,Online,C,6/24/2014,274356353,08-08-2014,6996,154.06,90.93,1077803.76,636146.28,441657.48
Middle East and North Africa,Syria,Clothes,Online,M,05-02-2011,617837464,6/14/2011,690,109.28,35.84,75403.2,24729.6,50673.6
Australia and Oceania,Tonga,Cereal,Offline,L,12-05-2016,783738315,01-04-2017,4439,205.7,117.11,913102.3,519851.29,393251.01
North America,Greenland,Fruits,Online,H,6/16/2015,558045232,07-03-2015,6840,9.33,6.92,63817.2,47332.8,16484.4
Sub-Saharan Africa,Mozambique,Personal Care,Offline,H,02-09-2011,697057044,2/13/2011,3524,81.73,56.67,288016.52,199705.08,88311.44
Central America and the Caribbean,Saint Vincent and the Grenadines,Cereal,Offline,M,9/17/2016,677385079,9/19/2016,2153,205.7,117.11,442872.1,252137.83,190734.27
Middle East and North Africa,Oman,Clothes,Online,C,1/30/2012,945953166,02-12-2012,7418,109.28,35.84,810639.04,265861.12,544777.92
Central America and the Caribbean,Nicaragua,Meat,Online,L,12/16/2015,669997632,12/16/2015,6043,421.89,364.69,2549481.27,2203821.67,345659.6
Europe,Germany,Cereal,Offline,M,1/26/2014,887067306,02-10-2014,1783,205.7,117.11,366763.1,208807.13,157955.97
Sub-Saharan Africa,Kenya,Vegetables,Offline,H,12-10-2015,455023515,01-02-2016,424,154.06,90.93,65321.44,38554.32,26767.12
Sub-Saharan Africa,Angola,Beverages,Offline,H,3/17/2013,102040088,4/14/2013,4784,47.45,31.79,227000.8,152083.36,74917.44
Central America and the Caribbean,Trinidad and Tobago,Fruits,Offline,C,9/26/2013,176603353,11-12-2013,9711,9.33,6.92,90603.63,67200.12,23403.51
Sub-Saharan Africa,Mali,Cereal,Offline,C,1/31/2015,197512137,03-07-2015,7085,205.7,117.11,1457384.5,829724.35,627660.15
Asia,North Korea,Clothes,Offline,H,11/18/2015,203877770,11/28/2015,818,109.28,35.84,89391.04,29317.12,60073.92
Sub-Saharan Africa,Democratic Republic of the Congo,Personal Care,Online,M,1/13/2012,305124080,02-12-2012,1851,81.73,56.67,151282.23,104896.17,46386.06
Asia,China,Snacks,Offline,L,8/29/2015,230987393,09-12-2015,3158,152.58,97.44,481847.64,307715.52,174132.12
Central America and the Caribbean,Belize,Snacks,Offline,M,06-08-2013,681516540,6/29/2013,4744,152.58,97.44,723839.52,462255.36,261584.16
Sub-Saharan Africa,Sierra Leone,Meat,Offline,H,10/28/2015,177072846,11/19/2015,8645,421.89,364.69,3647239.05,3152745.05,494494
Sub-Saharan Africa,Madagascar,Cereal,Offline,H,06-01-2015,908330142,6/29/2015,3929,205.7,117.11,808195.3,460125.19,348070.11
Asia,Uzbekistan,Vegetables,Offline,C,06-11-2013,186274755,6/21/2013,1694,154.06,90.93,260977.64,154035.42,106942.22
Asia,Kyrgyzstan,Office Supplies,Online,M,12/28/2015,792205512,1/30/2016,70,651.21,524.96,45584.7,36747.2,8837.5
Central America and the Caribbean,Nicaragua,Snacks,Online,H,1/21/2015,627733743,02-08-2015,9219,152.58,97.44,1406635.02,898299.36,508335.66
Europe,Belarus,Personal Care,Online,C,1/26/2015,364783275,2/25/2015,6332,81.73,56.67,517514.36,358834.44,158679.92
Europe,Liechtenstein,Cereal,Online,C,12/13/2013,295590436,1/27/2014,634,205.7,117.11,130413.8,74247.74,56166.06
Sub-Saharan Africa,Burkina Faso,Cosmetics,Online,M,6/18/2014,782704055,7/14/2014,8378,437.2,263.33,3662861.6,2206178.74,1456682.86
Sub-Saharan Africa,Ethiopia,Cereal,Online,M,11/14/2012,908985459,11/17/2012,7852,205.7,117.11,1615156.4,919547.72,695608.68
Central America and the Caribbean,Nicaragua,Vegetables,Offline,H,4/17/2010,727608478,5/30/2010,4372,154.06,90.93,673550.32,397545.96,276004.36
Middle East and North Africa,Pakistan,Vegetables,Offline,M,6/20/2016,812059438,07-12-2016,5288,154.06,90.93,814669.28,480837.84,333831.44
Sub-Saharan Africa,Namibia,Fruits,Online,C,9/20/2015,906137168,9/30/2015,4979,9.33,6.92,46454.07,34454.68,11999.39
Central America and the Caribbean,Nicaragua,Fruits,Offline,C,2/18/2016,373952996,3/28/2016,9857,9.33,6.92,91965.81,68210.44,23755.37
Middle East and North Africa,Lebanon,Personal Care,Online,L,07-07-2015,449930751,08-01-2015,3362,81.73,56.67,274776.26,190524.54,84251.72
Asia,Brunei,Cosmetics,Offline,L,9/20/2012,188806760,9/22/2012,971,437.2,263.33,424521.2,255693.43,168827.77
Australia and Oceania,Australia,Beverages,Offline,L,6/23/2011,515629851,08-05-2011,5186,47.45,31.79,246075.7,164862.94,81212.76
Sub-Saharan Africa,Burkina Faso,Clothes,Online,L,7/22/2016,175761353,8/20/2016,545,109.28,35.84,59557.6,19532.8,40024.8
Europe,Macedonia,Meat,Offline,M,11/17/2014,684875094,12/21/2014,8615,421.89,364.69,3634582.35,3141804.35,492778
Middle East and North Africa,Iran,Snacks,Online,L,2/19/2017,478957402,04-04-2017,2994,152.58,97.44,456824.52,291735.36,165089.16
Europe,Greece,Office Supplies,Offline,L,03-01-2016,764307105,04-01-2016,4312,651.21,524.96,2808017.52,2263627.52,544390
Europe,Bosnia and Herzegovina,Clothes,Online,M,06-06-2013,567535531,07-11-2013,5230,109.28,35.84,571534.4,187443.2,384091.2
Sub-Saharan Africa,Cameroon,Vegetables,Online,L,04-02-2015,785566508,05-01-2015,5442,154.06,90.93,838394.52,494841.06,343553.46
Asia,Taiwan,Personal Care,Online,M,11-12-2013,135636365,11/14/2013,6669,81.73,56.67,545057.37,377932.23,167125.14
Central America and the Caribbean,Barbados,Beverages,Offline,H,12-08-2013,105293929,01-10-2014,7668,47.45,31.79,363846.6,243765.72,120080.88
Sub-Saharan Africa,Uganda,Vegetables,Offline,L,8/15/2013,902400529,8/26/2013,9225,154.06,90.93,1421203.5,838829.25,582374.25
Europe,Luxembourg,Vegetables,Online,H,12-03-2015,105129992,12/18/2015,9156,154.06,90.93,1410573.36,832555.08,578018.28
Middle East and North Africa,Saudi Arabia,Household,Offline,H,05-04-2017,311968648,06-10-2017,7310,668.27,502.54,4885053.7,3673567.4,1211486.3
Sub-Saharan Africa,Zimbabwe,Personal Care,Offline,H,8/26/2011,591715323,09-02-2011,568,81.73,56.67,46422.64,32188.56,14234.08
Sub-Saharan Africa,Togo,Beverages,Online,H,06-01-2016,533481347,6/19/2016,7841,47.45,31.79,372055.45,249265.39,122790.06
Asia,Bangladesh,Personal Care,Offline,H,03-07-2016,696690547,03-09-2016,5070,81.73,56.67,414371.1,287316.9,127054.2
Australia and Oceania,Federated States of Micronesia,Fruits,Offline,M,9/15/2011,361079251,9/20/2011,229,9.33,6.92,2136.57,1584.68,551.89
Sub-Saharan Africa,Nigeria,Clothes,Online,M,03-03-2016,676696288,3/13/2016,8324,109.28,35.84,909646.72,298332.16,611314.56
Sub-Saharan Africa,Burundi,Personal Care,Online,C,7/13/2013,613902986,7/26/2013,6391,81.73,56.67,522336.43,362177.97,160158.46
Sub-Saharan Africa,Seychelles ,Office Supplies,Online,L,4/26/2015,113373172,6/14/2015,8496,651.21,524.96,5532680.16,4460060.16,1072620
Central America and the Caribbean,Trinidad and Tobago,Personal Care,Offline,L,5/25/2011,536093175,06-10-2011,738,81.73,56.67,60316.74,41822.46,18494.28
Sub-Saharan Africa,Equatorial Guinea,Personal Care,Online,M,8/22/2011,613361823,8/22/2011,6249,81.73,56.67,510730.77,354130.83,156599.94
Sub-Saharan Africa,Benin,Household,Offline,H,11-01-2011,496790444,11-03-2011,187,668.27,502.54,124966.49,93974.98,30991.51
Europe,Latvia,Cereal,Online,L,8/15/2012,408302867,8/25/2012,4747,205.7,117.11,976457.9,555921.17,420536.73
Sub-Saharan Africa,Ghana,Beverages,Online,C,9/15/2015,190135419,10-10-2015,4151,47.45,31.79,196964.95,131960.29,65004.66
Asia,Brunei,Vegetables,Online,L,6/29/2012,654836928,08-04-2012,9654,154.06,90.93,1487295.24,877838.22,609457.02
Middle East and North Africa,Turkey,Fruits,Online,L,08-12-2010,435268723,9/27/2010,4543,9.33,6.92,42386.19,31437.56,10948.63
Asia,Brunei,Household,Online,H,12/16/2014,934604632,02-01-2015,9135,668.27,502.54,6104646.45,4590702.9,1513943.55
Sub-Saharan Africa,Cameroon,Vegetables,Offline,C,05-06-2016,476330983,6/17/2016,5778,154.06,90.93,890158.68,525393.54,364765.14
Asia,Malaysia,Cosmetics,Offline,L,6/14/2010,154246604,07-08-2010,3853,437.2,263.33,1684531.6,1014610.49,669921.11
Sub-Saharan Africa,Senegal,Household,Offline,L,9/22/2016,682462823,9/22/2016,4770,668.27,502.54,3187647.9,2397115.8,790532.1
Asia,Tajikistan,Meat,Online,H,1/15/2014,145403468,1/29/2014,6972,421.89,364.69,2941417.08,2542618.68,398798.4
Sub-Saharan Africa,Mozambique,Fruits,Offline,L,08-11-2012,747804868,09-03-2012,933,9.33,6.92,8704.89,6456.36,2248.53
Europe,Czech Republic,Vegetables,Online,H,5/17/2012,264715850,06-09-2012,4157,154.06,90.93,640427.42,377996.01,262431.41
Sub-Saharan Africa,South Sudan,Baby Food,Online,H,4/29/2014,591497743,5/22/2014,6181,255.28,159.42,1577885.68,985375.02,592510.66
Asia,Tajikistan,Snacks,Online,C,9/24/2016,993824374,10/15/2016,3572,152.58,97.44,545015.76,348055.68,196960.08
Central America and the Caribbean,Cuba,Household,Offline,L,5/14/2011,357682073,06-10-2011,4929,668.27,502.54,3293902.83,2477019.66,816883.17
Middle East and North Africa,Iran,Baby Food,Offline,H,7/22/2017,339369666,09-01-2017,5881,255.28,159.42,1501301.68,937549.02,563752.66
Sub-Saharan Africa,Democratic Republic of the Congo,Household,Online,C,04-08-2010,415498483,05-01-2010,4089,668.27,502.54,2732556.03,2054886.06,677669.97
Europe,Macedonia,Clothes,Offline,H,10-03-2014,132992351,10/29/2014,4247,109.28,35.84,464112.16,152212.48,311899.68
Europe,Greece,Baby Food,Offline,L,11/23/2011,459087598,12-05-2011,3077,255.28,159.42,785496.56,490535.34,294961.22
Asia,India,Meat,Offline,C,2/18/2010,631333053,3/24/2010,4335,421.89,364.69,1828893.15,1580931.15,247962
Sub-Saharan Africa,Madagascar,Household,Offline,M,06-03-2011,407590043,06-10-2011,3806,668.27,502.54,2543435.62,1912667.24,630768.38
Europe,Moldova ,Meat,Offline,H,12/19/2014,516032397,1/23/2015,4309,421.89,364.69,1817924.01,1571449.21,246474.8
Central America and the Caribbean,Cuba,Office Supplies,Offline,L,6/28/2013,405146443,08-02-2013,691,651.21,524.96,449986.11,362747.36,87238.75
Europe,Belarus,Beverages,Online,M,2/15/2012,493731009,2/26/2012,4832,47.45,31.79,229278.4,153609.28,75669.12
Europe,Switzerland,Office Supplies,Offline,M,1/25/2017,820897424,2/28/2017,645,651.21,524.96,420030.45,338599.2,81431.25
Central America and the Caribbean,Antigua and Barbuda ,Office Supplies,Offline,L,8/29/2016,596069514,09-06-2016,9070,651.21,524.96,5906474.7,4761387.2,1145087.5
Central America and the Caribbean,Saint Kitts and Nevis ,Baby Food,Online,L,06-11-2015,448983609,6/15/2015,3082,255.28,159.42,786772.96,491332.44,295440.52
Europe,Iceland,Personal Care,Online,M,3/28/2015,179688537,4/28/2015,2686,81.73,56.67,219526.78,152215.62,67311.16
Middle East and North Africa,Yemen,Baby Food,Offline,H,05-12-2011,108545625,5/22/2011,9917,255.28,159.42,2531611.76,1580968.14,950643.62
Middle East and North Africa,Jordan,Personal Care,Online,H,7/21/2011,626228702,7/22/2011,3844,81.73,56.67,314170.12,217839.48,96330.64
Australia and Oceania,Marshall Islands,Cosmetics,Online,C,1/15/2017,843724095,02-12-2017,5564,437.2,263.33,2432580.8,1465168.12,967412.68
Sub-Saharan Africa,Burkina Faso,Personal Care,Offline,H,3/13/2011,842330634,3/13/2011,3208,81.73,56.67,262189.84,181797.36,80392.48
Europe,Russia,Clothes,Offline,H,4/21/2016,323659646,06-05-2016,6937,109.28,35.84,758075.36,248622.08,509453.28
Sub-Saharan Africa,Ghana,Vegetables,Offline,H,1/28/2014,859634959,2/21/2014,3942,154.06,90.93,607304.52,358446.06,248858.46
Sub-Saharan Africa,Togo,Baby Food,Offline,H,01-02-2010,942492902,1/15/2010,3449,255.28,159.42,880460.72,549839.58,330621.14
Central America and the Caribbean,Haiti,Vegetables,Offline,C,06-07-2014,934782302,07-05-2014,1711,154.06,90.93,263596.66,155581.23,108015.43
North America,Canada,Clothes,Offline,H,1/16/2016,819364488,03-02-2016,7015,109.28,35.84,766599.2,251417.6,515181.6
Sub-Saharan Africa,Angola,Snacks,Online,C,12/15/2015,649413287,1/16/2016,4678,152.58,97.44,713769.24,455824.32,257944.92
Sub-Saharan Africa,Zimbabwe,Clothes,Offline,M,05-05-2016,998415029,5/23/2016,2049,109.28,35.84,223914.72,73436.16,150478.56
Central America and the Caribbean,Cuba,Snacks,Online,H,8/30/2016,710168540,9/19/2016,3507,152.58,97.44,535098.06,341722.08,193375.98
Sub-Saharan Africa,Sao Tome and Principe,Fruits,Offline,L,06-10-2017,948785150,6/29/2017,5465,9.33,6.92,50988.45,37817.8,13170.65
Europe,Belgium,Fruits,Online,L,6/21/2016,248688685,7/26/2016,1363,9.33,6.92,12716.79,9431.96,3284.83
Europe,Latvia,Personal Care,Online,H,8/15/2012,364615476,8/15/2012,6677,81.73,56.67,545711.21,378385.59,167325.62
Australia and Oceania,Tuvalu,Meat,Online,M,03-07-2017,421614348,04-11-2017,3910,421.89,364.69,1649589.9,1425937.9,223652
Sub-Saharan Africa,Rwanda,Personal Care,Offline,C,3/18/2012,965046632,04-11-2012,7599,81.73,56.67,621066.27,430635.33,190430.94
Asia,Mongolia,Snacks,Offline,H,12-02-2014,810586154,01-11-2015,9311,152.58,97.44,1420672.38,907263.84,513408.54
Sub-Saharan Africa,Ethiopia,Beverages,Online,C,4/13/2013,194219243,4/30/2013,2645,47.45,31.79,125505.25,84084.55,41420.7
Middle East and North Africa,Tunisia ,Office Supplies,Offline,L,04-11-2015,322244727,5/13/2015,8231,651.21,524.96,5360109.51,4320945.76,1039163.75
Sub-Saharan Africa,Zambia,Beverages,Offline,C,10/18/2014,221273934,11-05-2014,8729,47.45,31.79,414191.05,277494.91,136696.14
Europe,Macedonia,Beverages,Offline,L,08-04-2010,788230693,08-08-2010,3833,47.45,31.79,181875.85,121851.07,60024.78
Europe,Iceland,Clothes,Offline,H,1/15/2010,740351331,02-12-2010,5266,109.28,35.84,575468.48,188733.44,386735.04
Sub-Saharan Africa,Ghana,Snacks,Offline,M,3/28/2010,665184676,4/13/2010,1782,152.58,97.44,271897.56,173638.08,98259.48
Europe,Poland,Vegetables,Offline,L,11/28/2016,770592057,12-08-2016,4169,154.06,90.93,642276.14,379087.17,263188.97
Sub-Saharan Africa,Comoros,Meat,Online,C,05-06-2010,434747302,06-12-2010,243,421.89,364.69,102519.27,88619.67,13899.6
Sub-Saharan Africa,Cameroon,Office Supplies,Offline,M,05-01-2017,456136739,06-10-2017,9852,651.21,524.96,6415720.92,5171905.92,1243815
Australia and Oceania,Kiribati,Baby Food,Offline,M,07-01-2016,803559195,8/19/2016,9878,255.28,159.42,2521655.84,1574750.76,946905.08
Sub-Saharan Africa,Swaziland,Fruits,Online,H,04-08-2010,166126000,4/14/2010,9230,9.33,6.92,86115.9,63871.6,22244.3
Europe,Greece,Baby Food,Online,H,6/21/2013,903260982,08-05-2013,3852,255.28,159.42,983338.56,614085.84,369252.72
Asia,Nepal,Cereal,Online,H,9/22/2011,494700467,10-02-2011,1716,205.7,117.11,352981.2,200960.76,152020.44
Middle East and North Africa,Iran,Cereal,Offline,H,8/21/2010,990493285,9/25/2010,7829,205.7,117.11,1610425.3,916854.19,693571.11
Central America and the Caribbean,Haiti,Clothes,Offline,L,11/17/2016,461000764,12-02-2016,9225,109.28,35.84,1008108,330624,677484
Sub-Saharan Africa,Liberia,Personal Care,Offline,H,09-10-2011,646896731,10/16/2011,9973,81.73,56.67,815093.29,565169.91,249923.38
Australia and Oceania,Tuvalu,Beverages,Offline,H,3/26/2015,209167516,05-12-2015,6171,47.45,31.79,292813.95,196176.09,96637.86
Sub-Saharan Africa,Swaziland,Office Supplies,Offline,C,8/27/2014,579111945,9/29/2014,949,651.21,524.96,617998.29,498187.04,119811.25
Asia,Japan,Cereal,Online,C,4/26/2013,108341348,06-09-2013,9467,205.7,117.11,1947361.9,1108680.37,838681.53
Europe,Kosovo,Office Supplies,Online,M,11-12-2011,818779551,12-01-2011,3919,651.21,524.96,2552091.99,2057318.24,494773.75
Sub-Saharan Africa,Madagascar,Vegetables,Offline,L,12/31/2011,752662885,01-07-2012,8528,154.06,90.93,1313823.68,775451.04,538372.64
Europe,Serbia,Cereal,Offline,C,09-12-2012,722540175,9/13/2012,4549,205.7,117.11,935729.3,532733.39,402995.91
Central America and the Caribbean,Belize,Meat,Offline,C,01-07-2014,261272752,01-08-2014,5268,421.89,364.69,2222516.52,1921186.92,301329.6
Central America and the Caribbean,Costa Rica,Clothes,Offline,L,4/13/2013,772034442,06-02-2013,1003,109.28,35.84,109607.84,35947.52,73660.32
Sub-Saharan Africa,Zambia,Vegetables,Offline,L,6/15/2016,578311574,6/16/2016,4101,154.06,90.93,631800.06,372903.93,258896.13
Europe,Germany,Vegetables,Online,L,8/20/2011,773902976,10-07-2011,3943,154.06,90.93,607458.58,358536.99,248921.59
Central America and the Caribbean,Haiti,Fruits,Offline,C,09-12-2010,272919976,10/27/2010,1941,9.33,6.92,18109.53,13431.72,4677.81
Sub-Saharan Africa,Ethiopia,Clothes,Online,C,3/27/2015,759786403,05-04-2015,6536,109.28,35.84,714254.08,234250.24,480003.84
Sub-Saharan Africa,Djibouti,Vegetables,Online,C,10-01-2012,839238584,11-04-2012,8201,154.06,90.93,1263446.06,745716.93,517729.13
Australia and Oceania,East Timor,Office Supplies,Offline,L,9/30/2010,986325347,10/29/2010,4443,651.21,524.96,2893326.03,2332397.28,560928.75
Central America and the Caribbean,Costa Rica,Meat,Online,C,3/21/2010,396408021,4/22/2010,4797,421.89,364.69,2023806.33,1749417.93,274388.4
Europe,Croatia,Clothes,Offline,M,01-04-2017,135160434,2/14/2017,5831,109.28,35.84,637211.68,208983.04,428228.64
Sub-Saharan Africa,Burundi,Vegetables,Offline,L,4/27/2015,888568913,05-12-2015,6142,154.06,90.93,946236.52,558492.06,387744.46
Central America and the Caribbean,Dominican Republic,Personal Care,Offline,L,11/25/2016,712932288,11/29/2016,1362,81.73,56.67,111316.26,77184.54,34131.72
Sub-Saharan Africa,Seychelles ,Office Supplies,Offline,H,11/14/2011,884861886,12-05-2011,9151,651.21,524.96,5959222.71,4803908.96,1155313.75
Sub-Saharan Africa,Burundi,Snacks,Online,L,05-01-2010,951281535,5/17/2010,4201,152.58,97.44,640988.58,409345.44,231643.14
Middle East and North Africa,Azerbaijan,Clothes,Offline,C,11/17/2015,979427564,11/18/2015,3236,109.28,35.84,353630.08,115978.24,237651.84
Sub-Saharan Africa,Ghana,Baby Food,Offline,C,3/30/2014,206848800,4/30/2014,11,255.28,159.42,2808.08,1753.62,1054.46
Sub-Saharan Africa,South Sudan,Fruits,Offline,H,12-11-2014,191406571,12/31/2014,313,9.33,6.92,2920.29,2165.96,754.33
Middle East and North Africa,Turkey,Vegetables,Online,M,3/13/2017,761274707,04-03-2017,6958,154.06,90.93,1071949.48,632690.94,439258.54
Central America and the Caribbean,Barbados,Household,Offline,L,9/19/2013,464939534,9/20/2013,4795,668.27,502.54,3204354.65,2409679.3,794675.35
Sub-Saharan Africa,Rwanda,Beverages,Online,H,3/17/2017,621199882,04-03-2017,5704,47.45,31.79,270654.8,181330.16,89324.64
Asia,India,Vegetables,Offline,H,2/27/2011,369167077,04-04-2011,3597,154.06,90.93,554153.82,327075.21,227078.61
Europe,Netherlands,Office Supplies,Offline,H,03-10-2014,718264949,3/24/2014,9415,651.21,524.96,6131142.15,4942498.4,1188643.75
Europe,Croatia,Office Supplies,Online,H,9/13/2015,498229825,10-06-2015,6132,651.21,524.96,3993219.72,3219054.72,774165
Middle East and North Africa,Somalia,Meat,Online,L,07-06-2017,409110534,7/25/2017,3753,421.89,364.69,1583353.17,1368681.57,214671.6
Sub-Saharan Africa,Cote d'Ivoire,Clothes,Offline,M,12-11-2014,771268403,01-06-2015,4315,109.28,35.84,471543.2,154649.6,316893.6
Central America and the Caribbean,Trinidad and Tobago,Vegetables,Online,M,9/26/2015,175377261,9/29/2015,6884,154.06,90.93,1060549.04,625962.12,434586.92
Sub-Saharan Africa,Mauritania,Cereal,Online,H,7/17/2013,432423436,08-09-2013,2559,205.7,117.11,526386.3,299684.49,226701.81
Europe,Greece,Baby Food,Online,L,06-12-2014,723705756,7/29/2014,9470,255.28,159.42,2417501.6,1509707.4,907794.2
Europe,Hungary,Clothes,Online,L,6/14/2010,750835549,6/14/2010,7779,109.28,35.84,850089.12,278799.36,571289.76
Europe,Austria,Fruits,Online,L,7/22/2013,285736644,09-06-2013,4677,9.33,6.92,43636.41,32364.84,11271.57
Europe,Portugal,Baby Food,Offline,L,02-08-2014,520645368,2/17/2014,9389,255.28,159.42,2396823.92,1496794.38,900029.54
Central America and the Caribbean,Haiti,Household,Offline,L,11/15/2014,918110549,11/21/2014,8169,668.27,502.54,5459097.63,4105249.26,1353848.37
Europe,Iceland,Personal Care,Online,H,02-11-2012,560993516,2/26/2012,9303,81.73,56.67,760334.19,527201.01,233133.18
Sub-Saharan Africa,The Gambia,Office Supplies,Online,H,07-08-2014,402468097,8/27/2014,8108,651.21,524.96,5280010.68,4256375.68,1023635
Sub-Saharan Africa,Benin,Vegetables,Offline,C,09-08-2016,116020619,10/20/2016,1934,154.06,90.93,297952.04,175858.62,122093.42
Europe,Latvia,Household,Offline,C,07-05-2010,345449912,07-12-2010,5160,668.27,502.54,3448273.2,2593106.4,855166.8
Asia,Uzbekistan,Meat,Offline,L,8/25/2011,454867303,9/22/2011,4198,421.89,364.69,1771094.22,1530968.62,240125.6
Europe,Portugal,Cereal,Offline,C,05-01-2010,778696620,5/24/2010,2489,205.7,117.11,511987.3,291486.79,220500.51
Sub-Saharan Africa,Nigeria,Fruits,Online,C,12/30/2012,371674191,1/24/2013,5508,9.33,6.92,51389.64,38115.36,13274.28
Asia,Thailand,Fruits,Offline,L,10/16/2015,158848845,10/21/2015,5758,9.33,6.92,53722.14,39845.36,13876.78
Asia,Malaysia,Personal Care,Offline,M,12-01-2015,685581910,1/18/2016,7777,81.73,56.67,635614.21,440722.59,194891.62
Sub-Saharan Africa,Mauritania,Office Supplies,Online,H,06-08-2015,767547214,07-02-2015,3132,651.21,524.96,2039589.72,1644174.72,395415
Europe,Ireland,Cosmetics,Online,L,6/22/2017,640731084,07-12-2017,5421,437.2,263.33,2370061.2,1427511.93,942549.27
Middle East and North Africa,Lebanon,Personal Care,Online,L,11-10-2014,611432349,11/19/2014,5274,81.73,56.67,431044.02,298877.58,132166.44
Central America and the Caribbean,Costa Rica,Fruits,Online,L,8/20/2016,606262338,9/20/2016,5353,9.33,6.92,49943.49,37042.76,12900.73
Middle East and North Africa,Morocco,Personal Care,Online,C,12/22/2013,622144877,12/31/2013,5350,81.73,56.67,437255.5,303184.5,134071
Sub-Saharan Africa,Chad,Cereal,Offline,C,04-05-2014,276316297,05-07-2014,6987,205.7,117.11,1437225.9,818247.57,618978.33
Asia,India,Baby Food,Offline,H,08-01-2014,156325423,8/29/2014,9021,255.28,159.42,2302880.88,1438127.82,864753.06
Asia,Kyrgyzstan,Meat,Online,C,02-05-2013,470033586,3/14/2013,2238,421.89,364.69,944189.82,816176.22,128013.6
Asia,Malaysia,Baby Food,Offline,C,10/23/2012,595614612,11/29/2012,4454,255.28,159.42,1137017.12,710056.68,426960.44
Middle East and North Africa,Libya,Fruits,Offline,H,3/22/2010,431554830,04-11-2010,5519,9.33,6.92,51492.27,38191.48,13300.79
Asia,Cambodia,Personal Care,Offline,C,04-01-2014,846653068,4/19/2014,2312,81.73,56.67,188959.76,131021.04,57938.72
Australia and Oceania,Kiribati,Clothes,Offline,M,03-01-2012,530020654,3/23/2012,3745,109.28,35.84,409253.6,134220.8,275032.8
Sub-Saharan Africa,Liberia,Household,Online,H,3/28/2011,941081416,04-12-2011,5759,668.27,502.54,3848566.93,2894127.86,954439.07
Europe,Bosnia and Herzegovina,Baby Food,Online,M,3/20/2012,459571683,05-02-2012,6329,255.28,159.42,1615667.12,1008969.18,606697.94
Central America and the Caribbean,Costa Rica,Household,Online,H,2/23/2013,235540282,04-01-2013,459,668.27,502.54,306735.93,230665.86,76070.07
Central America and the Caribbean,Guatemala,Cereal,Offline,M,2/16/2013,139348542,04-02-2013,5185,205.7,117.11,1066554.5,607215.35,459339.15
Sub-Saharan Africa,Lesotho,Beverages,Offline,H,02-10-2016,111670291,02-12-2016,4575,47.45,31.79,217083.75,145439.25,71644.5
Europe,Latvia,Meat,Online,H,12/20/2011,613491857,12/26/2011,4728,421.89,364.69,1994695.92,1724254.32,270441.6
Asia,Singapore,Office Supplies,Offline,C,7/27/2010,376112067,09-09-2010,8774,651.21,524.96,5713716.54,4605999.04,1107717.5
Europe,Russia,Clothes,Online,C,04-11-2015,451142251,4/24/2015,1872,109.28,35.84,204572.16,67092.48,137479.68
Europe,Norway,Beverages,Offline,L,08-01-2011,160506236,08-06-2011,6217,47.45,31.79,294996.65,197638.43,97358.22
Sub-Saharan Africa,Swaziland,Beverages,Offline,C,05-02-2016,246440351,5/21/2016,6031,47.45,31.79,286170.95,191725.49,94445.46
Asia,Brunei,Baby Food,Online,H,5/18/2013,621493422,07-02-2013,2570,255.28,159.42,656069.6,409709.4,246360.2
Australia and Oceania,Marshall Islands,Baby Food,Online,M,4/29/2010,818526780,06-03-2010,9119,255.28,159.42,2327898.32,1453750.98,874147.34
Middle East and North Africa,Lebanon,Beverages,Online,M,1/31/2012,440714251,03-03-2012,5996,47.45,31.79,284510.2,190612.84,93897.36
Middle East and North Africa,Jordan,Personal Care,Offline,L,1/13/2017,511542165,2/21/2017,5549,81.73,56.67,453519.77,314461.83,139057.94
Sub-Saharan Africa,Chad,Clothes,Online,H,4/15/2013,324809348,06-03-2013,7159,109.28,35.84,782335.52,256578.56,525756.96
Europe,Moldova ,Baby Food,Online,L,9/18/2012,594627130,10-06-2012,2236,255.28,159.42,570806.08,356463.12,214342.96
Europe,Montenegro,Cosmetics,Online,C,11/26/2016,305419337,01-06-2017,9224,437.2,263.33,4032732.8,2428955.92,1603776.88
Sub-Saharan Africa,Comoros,Personal Care,Offline,H,05-12-2013,761922299,06-05-2013,8595,81.73,56.67,702469.35,487078.65,215390.7
Central America and the Caribbean,Dominican Republic,Clothes,Offline,M,03-01-2017,639184844,3/14/2017,7854,109.28,35.84,858285.12,281487.36,576797.76
Europe,Denmark,Cereal,Online,H,2/27/2014,932568299,3/18/2014,6538,205.7,117.11,1344866.6,765665.18,579201.42
Central America and the Caribbean,Costa Rica,Snacks,Online,C,03-11-2010,907746493,4/19/2010,1214,152.58,97.44,185232.12,118292.16,66939.96
Sub-Saharan Africa,Sao Tome and Principe,Cosmetics,Online,C,03-04-2012,350705754,04-04-2012,481,437.2,263.33,210293.2,126661.73,83631.47
Asia,Malaysia,Office Supplies,Online,M,9/20/2016,917744910,11-06-2016,9968,651.21,524.96,6491261.28,5232801.28,1258460
Asia,Kyrgyzstan,Vegetables,Online,M,12-11-2013,285475289,1/28/2014,7337,154.06,90.93,1130338.22,667153.41,463184.81
Asia,Bhutan,Cosmetics,Online,L,12/13/2013,700820720,1/16/2014,7280,437.2,263.33,3182816,1917042.4,1265773.6
Asia,Brunei,Household,Offline,M,10-05-2012,431017529,10/25/2012,6520,668.27,502.54,4357120.4,3276560.8,1080559.6
Central America and the Caribbean,The Bahamas,Clothes,Offline,H,04-03-2011,513614547,04-09-2011,8813,109.28,35.84,963084.64,315857.92,647226.72
Asia,Cambodia,Cereal,Online,C,5/16/2011,706473100,5/26/2011,9944,205.7,117.11,2045480.8,1164541.84,880938.96
Middle East and North Africa,Afghanistan,Vegetables,Online,H,4/30/2012,837767016,06-04-2012,2732,154.06,90.93,420891.92,248420.76,172471.16
Central America and the Caribbean,Haiti,Cosmetics,Online,H,06-01-2014,355982625,7/18/2014,2024,437.2,263.33,884892.8,532979.92,351912.88
Europe,Poland,Cereal,Offline,M,3/13/2015,579918754,3/13/2015,9701,205.7,117.11,1995495.7,1136084.11,859411.59
Central America and the Caribbean,Haiti,Office Supplies,Offline,H,4/17/2013,648686730,05-02-2013,9674,651.21,524.96,6299805.54,5078463.04,1221342.5
Europe,Lithuania,Household,Offline,H,03-10-2012,671710383,4/28/2012,2884,668.27,502.54,1927290.68,1449325.36,477965.32
Asia,South Korea,Beverages,Online,C,06-05-2016,378726041,6/24/2016,2306,47.45,31.79,109419.7,73307.74,36111.96
Middle East and North Africa,Egypt,Personal Care,Offline,M,09-08-2012,469782531,10/14/2012,7945,81.73,56.67,649344.85,450243.15,199101.7
Middle East and North Africa,Tunisia ,Household,Offline,C,06-06-2011,365241181,6/27/2011,1837,668.27,502.54,1227611.99,923165.98,304446.01
Middle East and North Africa,Iraq,Fruits,Online,C,10/26/2012,455775821,11/28/2012,3049,9.33,6.92,28447.17,21099.08,7348.09
Sub-Saharan Africa,Eritrea,Fruits,Offline,L,07-07-2010,752372777,8/22/2010,2679,9.33,6.92,24995.07,18538.68,6456.39
Asia,Sri Lanka,Personal Care,Offline,H,08-07-2010,436330878,8/28/2010,8858,81.73,56.67,723964.34,501982.86,221981.48
Europe,Estonia,Baby Food,Offline,M,8/24/2012,109261453,9/27/2012,1747,255.28,159.42,445974.16,278506.74,167467.42
Sub-Saharan Africa,Sudan,Office Supplies,Offline,M,07-05-2013,443088328,8/21/2013,8538,651.21,524.96,5560030.98,4482108.48,1077922.5
Asia,Mongolia,Cosmetics,Online,L,02-09-2011,830047833,3/16/2011,8454,437.2,263.33,3696088.8,2226191.82,1469896.98
Sub-Saharan Africa,Botswana,Cosmetics,Online,L,10/15/2015,732688796,10/29/2015,7752,437.2,263.33,3389174.4,2041334.16,1347840.24
Europe,Armenia,Household,Online,M,3/25/2016,133872544,04-06-2016,4716,668.27,502.54,3151561.32,2369978.64,781582.68
Sub-Saharan Africa,Zimbabwe,Fruits,Offline,L,7/21/2013,886772906,09-05-2013,4664,9.33,6.92,43515.12,32274.88,11240.24
Europe,Serbia,Cereal,Online,L,07-03-2017,864876210,8/15/2017,4945,205.7,117.11,1017186.5,579108.95,438077.55
Europe,Andorra,Household,Offline,C,5/25/2012,711981284,6/16/2012,9939,668.27,502.54,6641935.53,4994745.06,1647190.47
Europe,Serbia,Beverages,Offline,C,11/25/2013,692199456,12-10-2013,6056,47.45,31.79,287357.2,192520.24,94836.96
Sub-Saharan Africa,Cameroon,Cereal,Offline,L,3/27/2012,239954555,05-06-2012,6740,205.7,117.11,1386418,789321.4,597096.6
Europe,Finland,Cosmetics,Offline,C,11-04-2013,209982907,12-03-2013,7463,437.2,263.33,3262823.6,1965231.79,1297591.81
Europe,Cyprus,Cosmetics,Online,H,11/14/2014,627333343,11/18/2014,732,437.2,263.33,320030.4,192757.56,127272.84
Europe,Germany,Snacks,Offline,M,07-08-2012,237367188,8/26/2012,1081,152.58,97.44,164938.98,105332.64,59606.34
Central America and the Caribbean,Grenada,Cereal,Offline,L,06-03-2016,555758273,07-09-2016,78,205.7,117.11,16044.6,9134.58,6910.02
Asia,Maldives,Personal Care,Offline,M,7/25/2014,918492925,7/25/2014,1322,81.73,56.67,108047.06,74917.74,33129.32
Middle East and North Africa,Morocco,Baby Food,Online,H,12-01-2014,731869971,12/17/2014,5443,255.28,159.42,1389489.04,867723.06,521765.98
Europe,Bosnia and Herzegovina,Clothes,Offline,L,5/17/2011,822500741,06-07-2011,5102,109.28,35.84,557546.56,182855.68,374690.88
Asia,Malaysia,Meat,Offline,M,04-05-2010,287309062,5/17/2010,9991,421.89,364.69,4215102.99,3643617.79,571485.2
Asia,Nepal,Personal Care,Online,H,5/20/2011,543531262,06-03-2011,1834,81.73,56.67,149892.82,103932.78,45960.04
Europe,Georgia,Vegetables,Online,C,10/30/2011,378716170,11/16/2011,9386,154.06,90.93,1446007.16,853468.98,592538.18
Sub-Saharan Africa,Equatorial Guinea,Beverages,Offline,M,05-02-2017,900725114,6/13/2017,3432,47.45,31.79,162848.4,109103.28,53745.12
Europe,Slovenia,Personal Care,Online,H,10-02-2015,587731921,10/16/2015,1791,81.73,56.67,146378.43,101495.97,44882.46
Sub-Saharan Africa,Lesotho,Vegetables,Offline,M,2/27/2011,238222920,3/28/2011,4311,154.06,90.93,664152.66,391999.23,272153.43
Middle East and North Africa,Bahrain,Vegetables,Online,L,6/21/2012,720996940,07-06-2012,7871,154.06,90.93,1212606.26,715710.03,496896.23
Asia,North Korea,Office Supplies,Offline,H,7/15/2014,725165307,7/31/2014,1384,651.21,524.96,901274.64,726544.64,174730
Europe,Armenia,Meat,Offline,L,1/17/2017,810151851,1/30/2017,791,421.89,364.69,333714.99,288469.79,45245.2
Central America and the Caribbean,Costa Rica,Cosmetics,Offline,L,03-08-2013,255692899,03-11-2013,4066,437.2,263.33,1777655.2,1070699.78,706955.42
Asia,Indonesia,Office Supplies,Online,M,2/18/2016,211837279,03-06-2016,6213,651.21,524.96,4045967.73,3261576.48,784391.25
Sub-Saharan Africa,Angola,Personal Care,Online,L,06-03-2017,548946321,06-06-2017,4270,81.73,56.67,348987.1,241980.9,107006.2
Sub-Saharan Africa,Nigeria,Office Supplies,Online,M,06-06-2013,307693850,7/22/2013,2303,651.21,524.96,1499736.63,1208982.88,290753.75
Sub-Saharan Africa,Senegal,Fruits,Offline,M,10-01-2016,849066197,11/14/2016,6411,9.33,6.92,59814.63,44364.12,15450.51
Europe,Ireland,Personal Care,Online,H,7/13/2014,904362189,8/14/2014,9724,81.73,56.67,794742.52,551059.08,243683.44
Australia and Oceania,Papua New Guinea,Personal Care,Offline,H,2/18/2010,625193154,03-01-2010,7402,81.73,56.67,604965.46,419471.34,185494.12
Central America and the Caribbean,Costa Rica,Household,Offline,C,10-09-2011,233482921,10/28/2011,1640,668.27,502.54,1095962.8,824165.6,271797.2
Asia,Kazakhstan,Clothes,Offline,M,7/29/2013,471467816,08-05-2013,6659,109.28,35.84,727695.52,238658.56,489036.96
Central America and the Caribbean,Grenada,Cosmetics,Offline,C,07-12-2014,351696670,7/28/2014,3715,437.2,263.33,1624198,978270.95,645927.05
Europe,Ireland,Household,Online,M,09-05-2014,307030808,10/22/2014,6094,668.27,502.54,4072437.38,3062478.76,1009958.62
Sub-Saharan Africa,Tanzania,Vegetables,Online,L,05-10-2011,840644061,6/21/2011,4114,154.06,90.93,633802.84,374086.02,259716.82
North America,Greenland,Beverages,Offline,C,07-09-2010,276022756,7/13/2010,122,47.45,31.79,5788.9,3878.38,1910.52
Asia,Taiwan,Vegetables,Online,L,06-01-2015,606965720,6/29/2015,3500,154.06,90.93,539210,318255,220955
Europe,Bulgaria,Baby Food,Online,L,3/16/2015,747584283,04-04-2015,5657,255.28,159.42,1444118.96,901838.94,542280.02
Middle East and North Africa,Kuwait,Clothes,Online,H,6/22/2011,582302272,7/13/2011,5037,109.28,35.84,550443.36,180526.08,369917.28
Sub-Saharan Africa,Ethiopia,Baby Food,Online,C,06-12-2014,515856015,7/24/2014,2113,255.28,159.42,539406.64,336854.46,202552.18
Europe,Croatia,Vegetables,Online,L,6/24/2016,123294341,7/20/2016,4390,154.06,90.93,676323.4,399182.7,277140.7
Middle East and North Africa,Algeria,Beverages,Offline,C,12/30/2010,399978578,02-03-2011,1404,47.45,31.79,66619.8,44633.16,21986.64
Sub-Saharan Africa,Tanzania,Cosmetics,Online,H,06-01-2011,611582553,6/15/2011,9723,437.2,263.33,4250895.6,2560357.59,1690538.01
Asia,Maldives,Fruits,Offline,M,1/27/2017,544092595,2/22/2017,7945,9.33,6.92,74126.85,54979.4,19147.45
Central America and the Caribbean,Haiti,Vegetables,Offline,M,01-06-2017,953807532,1/23/2017,1699,154.06,90.93,261747.94,154490.07,107257.87
Europe,Cyprus,Meat,Offline,C,6/29/2016,417338693,07-01-2016,8648,421.89,364.69,3648504.72,3153839.12,494665.6
Europe,Latvia,Household,Offline,C,6/22/2010,281609904,7/23/2010,3484,668.27,502.54,2328252.68,1750849.36,577403.32
Australia and Oceania,Kiribati,Clothes,Online,M,2/13/2010,613857495,03-01-2010,2929,109.28,35.84,320081.12,104975.36,215105.76
Europe,Macedonia,Household,Offline,L,4/23/2016,651630294,05-03-2016,739,668.27,502.54,493851.53,371377.06,122474.47
Middle East and North Africa,Oman,Baby Food,Offline,H,11-04-2015,152789628,12-03-2015,2701,255.28,159.42,689511.28,430593.42,258917.86
Asia,Singapore,Personal Care,Offline,C,07-04-2015,745509326,7/31/2015,1631,81.73,56.67,133301.63,92428.77,40872.86
Sub-Saharan Africa,Cote d'Ivoire,Snacks,Online,C,08-04-2015,978275716,8/23/2015,2379,152.58,97.44,362987.82,231809.76,131178.06
Asia,Turkmenistan,Office Supplies,Offline,C,8/27/2013,369887626,09-08-2013,6823,651.21,524.96,4443205.83,3581802.08,861403.75
Middle East and North Africa,Turkey,Household,Offline,M,11/25/2015,759456384,12/19/2015,8876,668.27,502.54,5931564.52,4460545.04,1471019.48
Europe,Malta,Cereal,Offline,H,8/30/2010,456405818,09-10-2010,9479,205.7,117.11,1949830.3,1110085.69,839744.61
Sub-Saharan Africa,Seychelles ,Household,Online,C,1/21/2010,990472257,03-06-2010,1606,668.27,502.54,1073241.62,807079.24,266162.38
Middle East and North Africa,Bahrain,Beverages,Offline,M,11/29/2015,361704528,12/30/2015,5263,47.45,31.79,249729.35,167310.77,82418.58
Sub-Saharan Africa,Niger,Clothes,Offline,C,12/17/2015,690463960,1/29/2016,2484,109.28,35.84,271451.52,89026.56,182424.96
Sub-Saharan Africa,Guinea,Vegetables,Offline,L,5/17/2010,567424380,6/27/2010,2338,154.06,90.93,360192.28,212594.34,147597.94
Sub-Saharan Africa,Equatorial Guinea,Personal Care,Offline,M,7/14/2015,903572118,8/31/2015,5924,81.73,56.67,484168.52,335713.08,148455.44
Sub-Saharan Africa,Zimbabwe,Vegetables,Online,H,10/18/2014,880206000,11-11-2014,1370,154.06,90.93,211062.2,124574.1,86488.1
Europe,Greece,Office Supplies,Online,H,4/25/2015,198937356,06-10-2015,8839,651.21,524.96,5756045.19,4640121.44,1115923.75
North America,Greenland,Household,Offline,M,12-08-2013,431690013,01-02-2014,5523,668.27,502.54,3690855.21,2775528.42,915326.79
Sub-Saharan Africa,Guinea,Personal Care,Offline,L,2/27/2016,970700299,04-05-2016,645,81.73,56.67,52715.85,36552.15,16163.7
Sub-Saharan Africa,Madagascar,Beverages,Offline,C,03-05-2017,378517043,4/24/2017,459,47.45,31.79,21779.55,14591.61,7187.94
Middle East and North Africa,Tunisia ,Beverages,Online,C,3/31/2013,438001573,05-09-2013,3254,47.45,31.79,154402.3,103444.66,50957.64
Asia,Turkmenistan,Fruits,Offline,M,1/23/2013,302327716,02-12-2013,4344,9.33,6.92,40529.52,30060.48,10469.04
Europe,Germany,Cereal,Online,L,3/23/2011,544981801,4/15/2011,1080,205.7,117.11,222156,126478.8,95677.2
Middle East and North Africa,Oman,Snacks,Online,M,10-06-2014,909762656,10/22/2014,7842,152.58,97.44,1196532.36,764124.48,432407.88
Sub-Saharan Africa,Tanzania,Office Supplies,Offline,L,8/16/2016,760781610,9/15/2016,1039,651.21,524.96,676607.19,545433.44,131173.75
Australia and Oceania,Samoa ,Fruits,Online,L,8/13/2014,432462489,9/16/2014,4116,9.33,6.92,38402.28,28482.72,9919.56
Sub-Saharan Africa,Zimbabwe,Cosmetics,Offline,M,03-02-2015,779541623,03-12-2015,2544,437.2,263.33,1112236.8,669911.52,442325.28
Central America and the Caribbean,Costa Rica,Fruits,Offline,C,06-04-2014,927067840,07-05-2014,8830,9.33,6.92,82383.9,61103.6,21280.3
Sub-Saharan Africa,Comoros,Fruits,Offline,L,03-02-2017,520402467,3/30/2017,7509,9.33,6.92,70058.97,51962.28,18096.69
Europe,Poland,Baby Food,Online,M,4/24/2010,175219333,5/19/2010,149,255.28,159.42,38036.72,23753.58,14283.14
Sub-Saharan Africa,Nigeria,Cosmetics,Online,L,2/17/2012,127504765,2/25/2012,348,437.2,263.33,152145.6,91638.84,60506.76
Europe,Armenia,Meat,Online,C,06-12-2015,683557593,06-12-2015,8737,421.89,364.69,3686052.93,3186296.53,499756.4
Asia,Philippines,Meat,Offline,C,2/28/2014,869989144,04-09-2014,7976,421.89,364.69,3364994.64,2908767.44,456227.2
Australia and Oceania,Tuvalu,Household,Online,M,08-04-2014,683723247,08-05-2014,7757,668.27,502.54,5183770.39,3898202.78,1285567.61
North America,Mexico,Fruits,Offline,L,7/19/2016,641996228,08-12-2016,9805,9.33,6.92,91480.65,67850.6,23630.05
Sub-Saharan Africa,Ethiopia,Snacks,Offline,H,2/14/2017,432356917,3/21/2017,2875,152.58,97.44,438667.5,280140,158527.5
Europe,Russia,Office Supplies,Online,M,6/20/2014,262666642,7/14/2014,7751,651.21,524.96,5047528.71,4068964.96,978563.75
Australia and Oceania,Solomon Islands,Office Supplies,Offline,L,08-05-2011,411099231,8/26/2011,2253,651.21,524.96,1467176.13,1182734.88,284441.25
Europe,Moldova ,Household,Offline,L,7/26/2012,776141011,08-11-2012,6228,668.27,502.54,4161985.56,3129819.12,1032166.44
Europe,Hungary,Vegetables,Online,C,03-03-2011,426590812,4/13/2011,6556,154.06,90.93,1010017.36,596137.08,413880.28
Middle East and North Africa,Qatar,Fruits,Offline,H,5/19/2017,751559960,6/26/2017,2148,9.33,6.92,20040.84,14864.16,5176.68
Sub-Saharan Africa,Niger,Meat,Offline,L,10-04-2015,510472285,11/13/2015,8948,421.89,364.69,3775071.72,3263246.12,511825.6
Sub-Saharan Africa,Zambia,Meat,Offline,M,8/16/2014,783064115,9/27/2014,4928,421.89,364.69,2079073.92,1797192.32,281881.6
Central America and the Caribbean,The Bahamas,Vegetables,Online,H,01-08-2012,919384276,02-03-2012,5093,154.06,90.93,784627.58,463106.49,321521.09
Sub-Saharan Africa,Guinea-Bissau,Fruits,Online,H,8/14/2014,789794099,9/23/2014,6480,9.33,6.92,60458.4,44841.6,15616.8
Australia and Oceania,New Zealand,Cereal,Online,C,3/24/2011,334967410,04-11-2011,3155,205.7,117.11,648983.5,369482.05,279501.45
Europe,Ireland,Cosmetics,Online,C,06-08-2014,915890538,6/16/2014,1218,437.2,263.33,532509.6,320735.94,211773.66
Sub-Saharan Africa,Democratic Republic of the Congo,Beverages,Online,L,5/24/2011,363862311,07-12-2011,3799,47.45,31.79,180262.55,120770.21,59492.34
Europe,Vatican City,Personal Care,Offline,L,1/14/2013,630494058,2/20/2013,6057,81.73,56.67,495038.61,343250.19,151788.42
Sub-Saharan Africa,The Gambia,Meat,Offline,L,06-07-2012,137709605,6/19/2012,187,421.89,364.69,78893.43,68197.03,10696.4
Middle East and North Africa,United Arab Emirates,Clothes,Online,M,4/15/2011,527745282,05-10-2011,412,109.28,35.84,45023.36,14766.08,30257.28
Middle East and North Africa,United Arab Emirates,Office Supplies,Offline,C,2/25/2016,813149917,03-12-2016,7985,651.21,524.96,5199911.85,4191805.6,1008106.25
Sub-Saharan Africa,Sudan,Meat,Offline,L,12-07-2011,526784837,1/13/2012,6194,421.89,364.69,2613186.66,2258889.86,354296.8
Central America and the Caribbean,Saint Lucia,Beverages,Online,C,02-06-2011,171823871,03-08-2011,5356,47.45,31.79,254142.2,170267.24,83874.96
Australia and Oceania,Marshall Islands,Meat,Online,L,1/18/2012,771753346,03-07-2012,7820,421.89,364.69,3299179.8,2851875.8,447304
Central America and the Caribbean,Dominica,Cereal,Offline,L,06-11-2010,720372092,7/17/2010,2965,205.7,117.11,609900.5,347231.15,262669.35
Middle East and North Africa,Tunisia ,Cosmetics,Offline,C,08-05-2010,731791436,9/23/2010,2203,437.2,263.33,963151.6,580115.99,383035.61
Asia,Brunei,Personal Care,Offline,C,02-01-2014,690435206,03-02-2014,3975,81.73,56.67,324876.75,225263.25,99613.5
Sub-Saharan Africa,Rwanda,Household,Online,C,01-02-2016,101039731,02-08-2016,8757,668.27,502.54,5852040.39,4400742.78,1451297.61
Asia,Singapore,Baby Food,Offline,C,04-09-2016,338653838,4/26/2016,4051,255.28,159.42,1034139.28,645810.42,388328.86
Asia,Indonesia,Beverages,Offline,L,11/19/2015,598638856,12/17/2015,9395,47.45,31.79,445792.75,298667.05,147125.7
Europe,Andorra,Household,Offline,M,02-11-2013,146668612,03-01-2013,1357,668.27,502.54,906842.39,681946.78,224895.61
Europe,Hungary,Office Supplies,Online,H,11/16/2014,568729436,01-04-2015,8533,651.21,524.96,5556774.93,4479483.68,1077291.25
Middle East and North Africa,Oman,Meat,Online,C,3/18/2010,821120154,04-03-2010,6556,421.89,364.69,2765910.84,2390907.64,375003.2
Central America and the Caribbean,Saint Lucia,Clothes,Offline,C,12-11-2011,380452096,1/15/2012,3085,109.28,35.84,337128.8,110566.4,226562.4
Sub-Saharan Africa,Rwanda,Office Supplies,Online,M,1/15/2015,593649089,1/20/2015,2812,651.21,524.96,1831202.52,1476187.52,355015
Sub-Saharan Africa,Zimbabwe,Cereal,Offline,M,07-10-2015,627947461,8/19/2015,2463,205.7,117.11,506639.1,288441.93,218197.17
Europe,Estonia,Clothes,Offline,M,04-07-2014,620896041,5/19/2014,5791,109.28,35.84,632840.48,207549.44,425291.04
Europe,Serbia,Cosmetics,Online,L,3/19/2013,330356156,4/14/2013,8583,437.2,263.33,3752487.6,2260161.39,1492326.21
Asia,Tajikistan,Baby Food,Online,M,08-02-2011,484501636,9/18/2011,3656,255.28,159.42,933303.68,582839.52,350464.16
Sub-Saharan Africa,Togo,Clothes,Online,C,3/27/2017,531818807,4/16/2017,5858,109.28,35.84,640162.24,209950.72,430211.52
Sub-Saharan Africa,Sierra Leone,Baby Food,Offline,L,08-02-2012,891106498,08-03-2012,7070,255.28,159.42,1804829.6,1127099.4,677730.2
Australia and Oceania,Palau,Cosmetics,Online,H,5/30/2011,701476037,06-09-2011,1203,437.2,263.33,525951.6,316785.99,209165.61
Europe,Switzerland,Household,Offline,L,03-08-2017,972351253,03-09-2017,9198,668.27,502.54,6146747.46,4622362.92,1524384.54
Sub-Saharan Africa,Cote d'Ivoire,Household,Online,H,9/26/2011,533468472,11-12-2011,4031,668.27,502.54,2693796.37,2025738.74,668057.63
Middle East and North Africa,Oman,Office Supplies,Online,L,1/13/2012,984876525,1/16/2012,5705,651.21,524.96,3715153.05,2994896.8,720256.25
Europe,Serbia,Cereal,Offline,C,5/23/2013,846936738,07-06-2013,6256,205.7,117.11,1286859.2,732640.16,554219.04
Europe,Macedonia,Household,Offline,C,12/24/2015,510322940,1/20/2016,4753,668.27,502.54,3176287.31,2388572.62,787714.69
Sub-Saharan Africa,Madagascar,Cereal,Online,L,6/14/2013,886021459,07-11-2013,2294,205.7,117.11,471875.8,268650.34,203225.46
Sub-Saharan Africa,Lesotho,Vegetables,Online,M,11/23/2011,255331122,11/27/2011,7008,154.06,90.93,1079652.48,637237.44,442415.04
Europe,Poland,Cereal,Online,L,11/18/2010,119863259,12/23/2010,9057,205.7,117.11,1863024.9,1060665.27,802359.63
Middle East and North Africa,Tunisia ,Cosmetics,Online,C,11-02-2014,251541697,12-03-2014,5633,437.2,263.33,2462747.6,1483337.89,979409.71
Europe,Ukraine,Cosmetics,Online,M,02-08-2014,942602765,2/27/2014,5960,437.2,263.33,2605712,1569446.8,1036265.2
Australia and Oceania,Tonga,Snacks,Online,L,6/18/2011,755595290,07-01-2011,6292,152.58,97.44,960033.36,613092.48,346940.88
Europe,Armenia,Vegetables,Offline,L,9/27/2010,573380601,11-09-2010,4916,154.06,90.93,757358.96,447011.88,310347.08
Europe,Macedonia,Office Supplies,Online,M,1/16/2013,449132525,02-07-2013,7150,651.21,524.96,4656151.5,3753464,902687.5
Europe,Belgium,Fruits,Offline,H,12/27/2012,956337392,1/27/2013,341,9.33,6.92,3181.53,2359.72,821.81
Middle East and North Africa,Oman,Cosmetics,Online,C,01-10-2010,938794028,2/17/2010,8870,437.2,263.33,3877964,2335737.1,1542226.9
Europe,Hungary,Fruits,Offline,L,04-02-2012,660613763,4/25/2012,9148,9.33,6.92,85350.84,63304.16,22046.68
Europe,Cyprus,Household,Offline,C,6/19/2017,456220424,6/25/2017,4616,668.27,502.54,3084734.32,2319724.64,765009.68
North America,Mexico,Office Supplies,Offline,C,12/17/2016,280350339,01-06-2017,750,651.21,524.96,488407.5,393720,94687.5
Sub-Saharan Africa,Tanzania,Personal Care,Offline,C,6/14/2014,158052337,7/19/2014,54,81.73,56.67,4413.42,3060.18,1353.24
Asia,Thailand,Snacks,Offline,H,9/19/2014,634687745,10/25/2014,7063,152.58,97.44,1077672.54,688218.72,389453.82
Europe,Hungary,Cereal,Offline,M,3/31/2012,525930392,5/14/2012,3345,205.7,117.11,688066.5,391732.95,296333.55
Sub-Saharan Africa,Angola,Baby Food,Offline,H,03-02-2010,967766606,4/16/2010,2500,255.28,159.42,638200,398550,239650
Europe,Macedonia,Fruits,Online,C,6/13/2016,466495215,6/26/2016,5156,9.33,6.92,48105.48,35679.52,12425.96
Australia and Oceania,Nauru,Office Supplies,Offline,M,06-02-2017,748727548,07-09-2017,3975,651.21,524.96,2588559.75,2086716,501843.75
Australia and Oceania,Papua New Guinea,Beverages,Online,L,10/28/2011,911387431,12-08-2011,8649,47.45,31.79,410395.05,274951.71,135443.34
Asia,South Korea,Cosmetics,Online,L,8/13/2014,571711194,8/25/2014,902,437.2,263.33,394354.4,237523.66,156830.74
Middle East and North Africa,Kuwait,Meat,Offline,L,4/26/2015,317247664,5/27/2015,9489,421.89,364.69,4003314.21,3460543.41,542770.8
Middle East and North Africa,Yemen,Cosmetics,Online,L,1/29/2012,355858170,03-05-2012,5195,437.2,263.33,2271254,1367999.35,903254.65
Europe,Vatican City,Vegetables,Offline,L,6/25/2015,965716540,6/29/2015,5839,154.06,90.93,899556.34,530940.27,368616.07
Asia,Uzbekistan,Cereal,Online,M,6/14/2014,245309102,7/15/2014,1269,205.7,117.11,261033.3,148612.59,112420.71
Central America and the Caribbean,Panama,Meat,Offline,M,05-03-2010,863434684,6/17/2010,8365,421.89,364.69,3529109.85,3050631.85,478478
Europe,Romania,Vegetables,Offline,M,2/15/2013,609204614,3/26/2013,6038,154.06,90.93,930214.28,549035.34,381178.94
Europe,Norway,Household,Online,L,12-10-2014,942042720,1/24/2015,230,668.27,502.54,153702.1,115584.2,38117.9
Europe,Bosnia and Herzegovina,Cereal,Online,M,7/15/2016,241685330,7/23/2016,8915,205.7,117.11,1833815.5,1044035.65,789779.85
Asia,Vietnam,Office Supplies,Online,C,12/14/2015,558181273,12/26/2015,7098,651.21,524.96,4622288.58,3726166.08,896122.5
Australia and Oceania,New Zealand,Cosmetics,Online,H,4/14/2012,861891877,4/18/2012,1814,437.2,263.33,793080.8,477680.62,315400.18
Asia,Vietnam,Baby Food,Online,L,1/24/2017,193490970,02-11-2017,7133,255.28,159.42,1820912.24,1137142.86,683769.38
Australia and Oceania,Papua New Guinea,Fruits,Offline,L,08-03-2012,813964879,08-05-2012,9151,9.33,6.92,85378.83,63324.92,22053.91
Asia,Tajikistan,Meat,Online,L,4/20/2016,554612433,06-02-2016,999,421.89,364.69,421468.11,364325.31,57142.8
Middle East and North Africa,Afghanistan,Snacks,Online,L,5/31/2016,467044961,07-11-2016,7838,152.58,97.44,1195922.04,763734.72,432187.32
Asia,Bhutan,Personal Care,Online,L,7/27/2013,773186290,8/29/2013,1860,81.73,56.67,152017.8,105406.2,46611.6
North America,Greenland,Beverages,Offline,L,1/17/2017,415272748,02-06-2017,7289,47.45,31.79,345863.05,231717.31,114145.74
Australia and Oceania,Samoa ,Beverages,Online,M,09-05-2010,205853164,10/19/2010,5381,47.45,31.79,255328.45,171061.99,84266.46
Europe,Netherlands,Meat,Online,H,3/26/2017,577788865,3/31/2017,9420,421.89,364.69,3974203.8,3435379.8,538824
Europe,Poland,Clothes,Offline,L,4/27/2011,234253680,06-12-2011,9724,109.28,35.84,1062638.72,348508.16,714130.56
Europe,Macedonia,Fruits,Offline,L,1/18/2014,198733937,02-07-2014,8643,9.33,6.92,80639.19,59809.56,20829.63
Asia,Tajikistan,Baby Food,Online,C,07-07-2013,665028464,7/29/2013,5556,255.28,159.42,1418335.68,885737.52,532598.16
Middle East and North Africa,Turkey,Meat,Offline,L,01-11-2014,547248589,1/16/2014,1874,421.89,364.69,790621.86,683429.06,107192.8
Sub-Saharan Africa,Tanzania,Personal Care,Offline,C,03-06-2017,629818141,3/22/2017,6039,81.73,56.67,493567.47,342230.13,151337.34
Asia,Bhutan,Meat,Offline,M,6/18/2010,417473447,6/28/2010,8525,421.89,364.69,3596612.25,3108982.25,487630
Australia and Oceania,Nauru,Beverages,Online,L,7/14/2016,385263335,8/19/2016,6837,47.45,31.79,324415.65,217348.23,107067.42
Australia and Oceania,Solomon Islands,Cereal,Online,C,09-01-2013,628549134,10/21/2013,511,205.7,117.11,105112.7,59843.21,45269.49
Sub-Saharan Africa,Cote d'Ivoire,Vegetables,Offline,H,4/15/2015,413004672,4/15/2015,6115,154.06,90.93,942076.9,556036.95,386039.95
Sub-Saharan Africa,Democratic Republic of the Congo,Snacks,Online,M,2/23/2013,424616277,4/13/2013,2247,152.58,97.44,342847.26,218947.68,123899.58
Sub-Saharan Africa,Swaziland,Snacks,Offline,L,6/13/2011,519682776,7/26/2011,4537,152.58,97.44,692255.46,442085.28,250170.18
Asia,Indonesia,Vegetables,Online,H,06-10-2015,174815499,7/26/2015,646,154.06,90.93,99522.76,58740.78,40781.98
Europe,Germany,Fruits,Offline,M,07-04-2012,736938273,07-11-2012,5266,9.33,6.92,49131.78,36440.72,12691.06
Australia and Oceania,Palau,Meat,Online,C,10/29/2013,473287427,12-11-2013,5122,421.89,364.69,2160920.58,1867942.18,292978.4
Europe,Cyprus,Cereal,Offline,L,09-11-2012,421411788,09-12-2012,3968,205.7,117.11,816217.6,464692.48,351525.12
Sub-Saharan Africa,Mauritania,Meat,Online,L,1/22/2011,339172685,1/23/2011,7589,421.89,364.69,3201723.21,2767632.41,434090.8
Middle East and North Africa,Lebanon,Personal Care,Offline,C,9/16/2015,954743945,10/31/2015,8805,81.73,56.67,719632.65,498979.35,220653.3
Asia,Uzbekistan,Clothes,Online,H,10/14/2011,816611897,12-03-2011,2462,109.28,35.84,269047.36,88238.08,180809.28
Sub-Saharan Africa,Benin,Clothes,Offline,C,12/29/2011,343575370,1/17/2012,442,109.28,35.84,48301.76,15841.28,32460.48
Sub-Saharan Africa,Djibouti,Snacks,Online,H,12/18/2014,474745690,01-11-2015,6655,152.58,97.44,1015419.9,648463.2,366956.7
Central America and the Caribbean,Trinidad and Tobago,Office Supplies,Online,M,08-08-2016,419546687,8/28/2016,2043,651.21,524.96,1330422.03,1072493.28,257928.75
Central America and the Caribbean,Saint Vincent and the Grenadines,Clothes,Offline,C,11/19/2013,807714688,12/16/2013,9580,109.28,35.84,1046902.4,343347.2,703555.2
Europe,Denmark,Cosmetics,Online,H,3/14/2016,539298522,3/18/2016,9272,437.2,263.33,4053718.4,2441595.76,1612122.64
Middle East and North Africa,Kuwait,Meat,Online,L,4/19/2011,834659516,05-11-2011,3154,421.89,364.69,1330641.06,1150232.26,180408.8
Asia,Thailand,Cosmetics,Online,M,6/25/2014,284471499,08-06-2014,293,437.2,263.33,128099.6,77155.69,50943.91
Sub-Saharan Africa,Zimbabwe,Clothes,Online,H,11-05-2011,699720799,12-10-2011,1789,109.28,35.84,195501.92,64117.76,131384.16
Sub-Saharan Africa,Democratic Republic of the Congo,Office Supplies,Offline,C,1/14/2017,361706244,1/27/2017,5771,651.21,524.96,3758132.91,3029544.16,728588.75
Central America and the Caribbean,Guatemala,Snacks,Offline,H,6/30/2014,772039163,07-03-2014,2399,152.58,97.44,366039.42,233758.56,132280.86
Asia,India,Snacks,Online,M,3/17/2016,802643382,04-02-2016,8868,152.58,97.44,1353079.44,864097.92,488981.52
Europe,Czech Republic,Baby Food,Offline,H,07-12-2012,745755231,08-10-2012,4400,255.28,159.42,1123232,701448,421784
Middle East and North Africa,Saudi Arabia,Beverages,Offline,L,10/18/2013,963923537,10/23/2013,5250,47.45,31.79,249112.5,166897.5,82215
Europe,Iceland,Baby Food,Online,C,04-10-2016,540009629,05-05-2016,9704,255.28,159.42,2477237.12,1547011.68,930225.44
Sub-Saharan Africa,Ghana,Snacks,Online,C,07-02-2013,427187335,07-04-2013,3080,152.58,97.44,469946.4,300115.2,169831.2
Europe,Belgium,Personal Care,Offline,L,3/24/2015,298942983,04-10-2015,2727,81.73,56.67,222877.71,154539.09,68338.62
Europe,Armenia,Household,Offline,C,05-03-2013,799075400,06-10-2013,3023,668.27,502.54,2020180.21,1519178.42,501001.79
Sub-Saharan Africa,Uganda,Cosmetics,Offline,C,12-05-2015,391695916,1/19/2016,381,437.2,263.33,166573.2,100328.73,66244.47
Sub-Saharan Africa,Djibouti,Fruits,Online,L,3/21/2013,311228358,3/28/2013,8242,9.33,6.92,76897.86,57034.64,19863.22
Middle East and North Africa,Somalia,Snacks,Offline,C,8/28/2011,512409055,09-05-2011,2081,152.58,97.44,317518.98,202772.64,114746.34
Europe,Andorra,Cereal,Online,M,12/13/2014,120286834,12/31/2014,4402,205.7,117.11,905491.4,515518.22,389973.18
Central America and the Caribbean,Grenada,Personal Care,Online,C,9/27/2012,580223023,10/18/2012,9741,81.73,56.67,796131.93,552022.47,244109.46
Europe,France,Vegetables,Online,L,8/28/2014,707891452,10-07-2014,9666,154.06,90.93,1489143.96,878929.38,610214.58
North America,United States of America,Baby Food,Offline,C,04-01-2016,739278447,04-10-2016,7776,255.28,159.42,1985057.28,1239649.92,745407.36
Central America and the Caribbean,Honduras,Fruits,Online,H,05-09-2010,980682837,5/13/2010,4699,9.33,6.92,43841.67,32517.08,11324.59
Sub-Saharan Africa,South Africa,Meat,Offline,M,7/30/2013,458715951,08-11-2013,3098,421.89,364.69,1307015.22,1129809.62,177205.6
Asia,Brunei,Office Supplies,Offline,H,02-05-2017,970301616,02-12-2017,2665,651.21,524.96,1735474.65,1399018.4,336456.25
Central America and the Caribbean,Panama,Fruits,Online,L,2/26/2013,332676160,3/27/2013,5123,9.33,6.92,47797.59,35451.16,12346.43
Sub-Saharan Africa,Republic of the Congo,Office Supplies,Online,M,12/24/2013,933388411,12/28/2013,9228,651.21,524.96,6009365.88,4844330.88,1165035
Asia,Thailand,Cereal,Online,H,2/27/2010,280299699,3/23/2010,5765,205.7,117.11,1185860.5,675139.15,510721.35
Asia,Uzbekistan,Meat,Online,C,04-08-2012,451583850,4/25/2012,2551,421.89,364.69,1076241.39,930324.19,145917.2
Sub-Saharan Africa,Uganda,Clothes,Online,M,10/22/2016,445727193,11/15/2016,9436,109.28,35.84,1031166.08,338186.24,692979.84
Australia and Oceania,Papua New Guinea,Snacks,Offline,H,7/21/2017,231528556,8/16/2017,3300,152.58,97.44,503514,321552,181962
Sub-Saharan Africa,Ghana,Personal Care,Offline,C,12-01-2016,298099267,12/18/2016,3052,81.73,56.67,249439.96,172956.84,76483.12
Asia,Thailand,Baby Food,Online,H,08-07-2014,304863154,09-04-2014,4637,255.28,159.42,1183733.36,739230.54,444502.82
Sub-Saharan Africa,Ghana,Clothes,Offline,L,05-08-2011,431556546,05-11-2011,6027,109.28,35.84,658630.56,216007.68,442622.88
Sub-Saharan Africa,Liberia,Household,Online,H,10/13/2012,928228271,11-10-2012,2227,668.27,502.54,1488237.29,1119156.58,369080.71
Middle East and North Africa,Lebanon,Fruits,Online,M,06-05-2010,765239655,7/22/2010,274,9.33,6.92,2556.42,1896.08,660.34
Europe,Italy,Cereal,Online,C,10/21/2015,783264529,12-07-2015,4235,205.7,117.11,871139.5,495960.85,375178.65
Central America and the Caribbean,Jamaica,Personal Care,Offline,C,3/21/2011,543289220,4/14/2011,208,81.73,56.67,16999.84,11787.36,5212.48
Central America and the Caribbean,Dominica,Fruits,Online,C,02-09-2014,576612555,2/25/2014,1324,9.33,6.92,12352.92,9162.08,3190.84
Sub-Saharan Africa,Niger,Cosmetics,Offline,C,09-10-2012,134845864,10-02-2012,2743,437.2,263.33,1199239.6,722314.19,476925.41
Europe,Croatia,Beverages,Offline,H,03-07-2015,339912974,04-07-2015,6658,47.45,31.79,315922.1,211657.82,104264.28
Sub-Saharan Africa,Sudan,Vegetables,Offline,C,9/15/2015,134050214,10/29/2015,7292,154.06,90.93,1123405.52,663061.56,460343.96
Sub-Saharan Africa,The Gambia,Household,Online,C,04-01-2013,329806411,5/21/2013,5901,668.27,502.54,3943461.27,2965488.54,977972.73
Asia,Malaysia,Clothes,Offline,C,06-08-2015,460042893,06-09-2015,5770,109.28,35.84,630545.6,206796.8,423748.8
Europe,Denmark,Household,Offline,C,01-05-2012,127933490,2/14/2012,7217,668.27,502.54,4822904.59,3626831.18,1196073.41
Australia and Oceania,Federated States of Micronesia,Fruits,Offline,C,07-10-2016,356964528,7/31/2016,2591,9.33,6.92,24174.03,17929.72,6244.31
Sub-Saharan Africa,Republic of the Congo,Cosmetics,Offline,L,1/23/2017,440934836,2/28/2017,1271,437.2,263.33,555681.2,334692.43,220988.77
Europe,Cyprus,Cereal,Offline,M,5/14/2010,193955743,6/24/2010,4669,205.7,117.11,960413.3,546786.59,413626.71
Sub-Saharan Africa,Niger,Clothes,Online,H,03-02-2013,400451076,04-02-2013,1227,109.28,35.84,134086.56,43975.68,90110.88
Middle East and North Africa,Saudi Arabia,Meat,Offline,C,12/19/2012,565157163,12/31/2012,1418,421.89,364.69,598240.02,517130.42,81109.6
Sub-Saharan Africa,Sierra Leone,Baby Food,Offline,C,04-09-2017,263122832,05-12-2017,2748,255.28,159.42,701509.44,438086.16,263423.28
Australia and Oceania,Tonga,Office Supplies,Offline,M,12-06-2011,489709413,1/25/2012,4752,651.21,524.96,3094549.92,2494609.92,599940
Middle East and North Africa,Saudi Arabia,Fruits,Offline,H,05-11-2010,510590732,5/22/2010,3999,9.33,6.92,37310.67,27673.08,9637.59
Asia,Uzbekistan,Office Supplies,Online,C,11/24/2011,111753118,12/21/2011,9086,651.21,524.96,5916894.06,4769786.56,1147107.5
Central America and the Caribbean,Honduras,Office Supplies,Online,L,2/28/2013,949495398,4/17/2013,5643,651.21,524.96,3674778.03,2962349.28,712428.75
Europe,Serbia,Baby Food,Online,C,11-02-2011,700428903,12-07-2011,1332,255.28,159.42,340032.96,212347.44,127685.52
Australia and Oceania,Kiribati,Vegetables,Offline,L,6/14/2010,711477458,7/23/2010,845,154.06,90.93,130180.7,76835.85,53344.85
Asia,Malaysia,Cosmetics,Online,C,08-08-2012,149877393,8/31/2012,906,437.2,263.33,396103.2,238576.98,157526.22
Europe,Hungary,Personal Care,Online,H,08-07-2011,953177535,9/16/2011,5269,81.73,56.67,430635.37,298594.23,132041.14
Middle East and North Africa,Libya,Baby Food,Offline,C,12/13/2016,179239213,12/17/2016,9721,255.28,159.42,2481576.88,1549721.82,931855.06
Europe,Finland,Vegetables,Online,L,9/24/2012,356236255,10/15/2012,7079,154.06,90.93,1090590.74,643693.47,446897.27
Europe,Monaco,Baby Food,Offline,C,5/18/2014,932654988,5/24/2014,2192,255.28,159.42,559573.76,349448.64,210125.12
North America,Canada,Household,Offline,H,11/15/2011,527294242,11/30/2011,6939,668.27,502.54,4637125.53,3487125.06,1150000.47
Central America and the Caribbean,Barbados,Household,Offline,M,06-02-2011,979265344,6/19/2011,5231,668.27,502.54,3495720.37,2628786.74,866933.63
Sub-Saharan Africa,Seychelles ,Office Supplies,Online,L,6/30/2016,597992122,7/17/2016,8012,651.21,524.96,5217494.52,4205979.52,1011515
Central America and the Caribbean,Saint Lucia,Cereal,Offline,C,07-04-2016,913210904,08-10-2016,8255,205.7,117.11,1698053.5,966743.05,731310.45
Europe,Switzerland,Baby Food,Offline,H,04-08-2013,824970519,05-11-2013,5964,255.28,159.42,1522489.92,950780.88,571709.04
Australia and Oceania,Papua New Guinea,Cosmetics,Online,M,3/31/2017,653632295,4/29/2017,3176,437.2,263.33,1388547.2,836336.08,552211.12
Sub-Saharan Africa,Uganda,Snacks,Online,H,6/17/2013,789870059,7/21/2013,8958,152.58,97.44,1366811.64,872867.52,493944.12
Asia,Nepal,Household,Offline,C,9/17/2010,344670140,10-07-2010,4409,668.27,502.54,2946402.43,2215698.86,730703.57
Sub-Saharan Africa,Republic of the Congo,Clothes,Offline,L,1/31/2015,299331367,1/31/2015,7658,109.28,35.84,836866.24,274462.72,562403.52
Sub-Saharan Africa,Mozambique,Snacks,Offline,H,01-04-2011,355465066,2/22/2011,8867,152.58,97.44,1352926.86,864000.48,488926.38
Sub-Saharan Africa,South Africa,Clothes,Offline,M,6/25/2010,284995067,7/24/2010,5228,109.28,35.84,571315.84,187371.52,383944.32
Middle East and North Africa,Lebanon,Beverages,Offline,H,06-05-2011,380157697,6/21/2011,5965,47.45,31.79,283039.25,189627.35,93411.9
North America,United States of America,Cosmetics,Online,C,08-09-2016,103501784,09-03-2016,7333,437.2,263.33,3205987.6,1930998.89,1274988.71
North America,Canada,Snacks,Offline,M,9/17/2014,337888658,10/22/2014,7617,152.58,97.44,1162201.86,742200.48,420001.38
Middle East and North Africa,Egypt,Office Supplies,Online,L,06-06-2014,236492145,6/16/2014,2136,651.21,524.96,1390984.56,1121314.56,269670
Europe,Greece,Cosmetics,Online,L,5/14/2010,372798573,6/15/2010,8237,437.2,263.33,3601216.4,2169049.21,1432167.19
Europe,Luxembourg,Office Supplies,Online,H,2/13/2017,490606772,2/28/2017,301,651.21,524.96,196014.21,158012.96,38001.25
Europe,Spain,Vegetables,Online,M,07-01-2012,854028069,8/15/2012,4739,154.06,90.93,730090.34,430917.27,299173.07
Middle East and North Africa,Libya,Baby Food,Offline,M,01-07-2017,897486293,02-12-2017,4993,255.28,159.42,1274613.04,795984.06,478628.98
Australia and Oceania,Tuvalu,Meat,Offline,M,5/25/2014,575717771,6/18/2014,6537,421.89,364.69,2757894.93,2383978.53,373916.4
Sub-Saharan Africa,Democratic Republic of the Congo,Clothes,Online,H,12-04-2015,813771331,01-02-2016,1875,109.28,35.84,204900,67200,137700
Asia,Vietnam,Personal Care,Offline,H,3/28/2011,357008302,05-02-2011,5545,81.73,56.67,453192.85,314235.15,138957.7
Europe,Italy,Snacks,Offline,M,7/15/2017,721102511,7/29/2017,9112,152.58,97.44,1390308.96,887873.28,502435.68
Europe,Slovenia,Cosmetics,Offline,H,3/27/2015,342040288,3/29/2015,6177,437.2,263.33,2700584.4,1626589.41,1073994.99
Sub-Saharan Africa,South Sudan,Vegetables,Offline,C,4/20/2012,426120460,5/13/2012,7368,154.06,90.93,1135114.08,669972.24,465141.84
Sub-Saharan Africa,Senegal,Clothes,Offline,L,3/18/2010,899954354,04-02-2010,5347,109.28,35.84,584320.16,191636.48,392683.68
Asia,Tajikistan,Cereal,Offline,C,04-12-2015,860465800,4/13/2015,9807,205.7,117.11,2017299.9,1148497.77,868802.13
Europe,Albania,Meat,Online,H,03-03-2012,824891126,3/26/2012,2470,421.89,364.69,1042068.3,900784.3,141284
Europe,Austria,Meat,Offline,L,2/13/2013,480779159,2/19/2013,2092,421.89,364.69,882593.88,762931.48,119662.4
Asia,North Korea,Cosmetics,Offline,C,4/15/2016,935991227,5/27/2016,9459,437.2,263.33,4135474.8,2490838.47,1644636.33
Sub-Saharan Africa,Mauritania,Beverages,Online,M,02-06-2017,668701159,2/13/2017,2388,47.45,31.79,113310.6,75914.52,37396.08
Sub-Saharan Africa,Djibouti,Personal Care,Offline,L,1/24/2012,477395284,03-10-2012,728,81.73,56.67,59499.44,41255.76,18243.68
Europe,Greece,Vegetables,Online,H,02-04-2010,330872428,3/13/2010,1359,154.06,90.93,209367.54,123573.87,85793.67
Asia,Turkmenistan,Baby Food,Offline,C,08-11-2013,718243920,09-03-2013,3192,255.28,159.42,814853.76,508868.64,305985.12
Sub-Saharan Africa,Sierra Leone,Personal Care,Online,C,9/23/2014,398933589,11-01-2014,2169,81.73,56.67,177272.37,122917.23,54355.14
Europe,Austria,Household,Online,M,3/18/2014,452677762,4/13/2014,6264,668.27,502.54,4186043.28,3147910.56,1038132.72
Europe,Spain,Cosmetics,Offline,L,02-02-2010,229525268,2/23/2010,482,437.2,263.33,210730.4,126925.06,83805.34
Europe,Sweden,Meat,Online,C,08-12-2016,499837434,8/30/2016,1859,421.89,364.69,784293.51,677958.71,106334.8
Sub-Saharan Africa,Cameroon,Vegetables,Online,M,01-07-2015,304288089,01-09-2015,4462,154.06,90.93,687415.72,405729.66,281686.06
Europe,Estonia,Cereal,Online,M,4/28/2010,103863561,5/22/2010,4391,205.7,117.11,903228.7,514230.01,388998.69
Asia,Sri Lanka,Cosmetics,Online,M,5/23/2012,429862678,06-09-2012,4774,437.2,263.33,2087192.8,1257137.42,830055.38
Central America and the Caribbean,Cuba,Clothes,Online,M,01-06-2017,533896768,02-08-2017,773,109.28,35.84,84473.44,27704.32,56769.12
Sub-Saharan Africa,Cameroon,Vegetables,Online,L,04-06-2017,637889659,4/14/2017,4580,154.06,90.93,705594.8,416459.4,289135.4
Europe,Armenia,Snacks,Online,C,11-02-2014,584077680,12/18/2014,420,152.58,97.44,64083.6,40924.8,23158.8
Central America and the Caribbean,Grenada,Meat,Offline,C,4/17/2016,285009658,5/21/2016,9546,421.89,364.69,4027361.94,3481330.74,546031.2
Sub-Saharan Africa,The Gambia,Cosmetics,Offline,H,02-08-2014,173546922,03-05-2014,5246,437.2,263.33,2293551.2,1381429.18,912122.02
Europe,Albania,Snacks,Online,H,03-06-2013,752863299,3/18/2013,7835,152.58,97.44,1195464.3,763442.4,432021.9
North America,United States of America,Vegetables,Online,L,11/25/2011,346445119,1/14/2012,9664,154.06,90.93,1488835.84,878747.52,610088.32
Europe,Iceland,Meat,Offline,M,07-06-2013,948091208,08-03-2013,112,421.89,364.69,47251.68,40845.28,6406.4
Europe,Norway,Snacks,Offline,L,10-01-2014,571912896,10-05-2014,590,152.58,97.44,90022.2,57489.6,32532.6
Sub-Saharan Africa,Nigeria,Cereal,Online,L,3/15/2017,902334010,04-08-2017,9540,205.7,117.11,1962378,1117229.4,845148.6
Europe,United Kingdom,Clothes,Offline,C,12-11-2015,544090878,1/23/2016,7437,109.28,35.84,812715.36,266542.08,546173.28
Sub-Saharan Africa,Rwanda,Fruits,Online,H,11/28/2010,872232329,12-05-2010,1784,9.33,6.92,16644.72,12345.28,4299.44
Asia,Kyrgyzstan,Baby Food,Online,H,8/30/2010,182119691,9/26/2010,2118,255.28,159.42,540683.04,337651.56,203031.48
Sub-Saharan Africa,Mali,Fruits,Offline,M,6/23/2013,439426791,08-12-2013,5007,9.33,6.92,46715.31,34648.44,12066.87
Central America and the Caribbean,Honduras,Fruits,Offline,L,02-12-2011,530139958,3/18/2011,9049,9.33,6.92,84427.17,62619.08,21808.09
Europe,Lithuania,Cereal,Online,C,05-08-2015,310558021,06-08-2015,9874,205.7,117.11,2031081.8,1156344.14,874737.66
Australia and Oceania,Tuvalu,Snacks,Online,L,04-11-2016,157292306,04-12-2016,5144,152.58,97.44,784871.52,501231.36,283640.16
Central America and the Caribbean,Costa Rica,Personal Care,Offline,H,06-09-2016,517266643,7/27/2016,9549,81.73,56.67,780439.77,541141.83,239297.94
Middle East and North Africa,Somalia,Cereal,Online,C,11-08-2011,557717359,12-09-2011,9815,205.7,117.11,2018945.5,1149434.65,869510.85
Europe,San Marino,Fruits,Online,C,12/22/2010,416193282,12/27/2010,9696,9.33,6.92,90463.68,67096.32,23367.36
Central America and the Caribbean,Trinidad and Tobago,Household,Online,H,9/29/2015,750555741,11-04-2015,4978,668.27,502.54,3326648.06,2501644.12,825003.94
North America,United States of America,Fruits,Online,C,3/26/2010,488978564,4/21/2010,8478,9.33,6.92,79099.74,58667.76,20431.98
Sub-Saharan Africa,Madagascar,Office Supplies,Online,L,06-11-2017,879948079,7/23/2017,5046,651.21,524.96,3286005.66,2648948.16,637057.5
Europe,Poland,Snacks,Online,C,3/22/2012,542263114,05-01-2012,6561,152.58,97.44,1001077.38,639303.84,361773.54
Europe,Portugal,Household,Offline,C,12-02-2015,415034997,01-09-2016,6933,668.27,502.54,4633115.91,3484109.82,1149006.09
Asia,Turkmenistan,Personal Care,Offline,C,11-11-2016,607687556,12/23/2016,7107,81.73,56.67,580855.11,402753.69,178101.42
Sub-Saharan Africa,Cape Verde,Personal Care,Online,H,01-12-2012,849957120,02-04-2012,55,81.73,56.67,4495.15,3116.85,1378.3
Sub-Saharan Africa,Gabon,Cereal,Online,M,10/24/2010,941892516,12-03-2010,5781,205.7,117.11,1189151.7,677012.91,512138.79
Sub-Saharan Africa,Mali,Cereal,Offline,M,02-06-2016,303855073,2/19/2016,6323,205.7,117.11,1300641.1,740486.53,560154.57
Sub-Saharan Africa,Eritrea,Household,Offline,M,11/28/2012,226518619,12-02-2012,748,668.27,502.54,499865.96,375899.92,123966.04
Europe,Estonia,Clothes,Online,H,1/19/2010,720869481,2/22/2010,154,109.28,35.84,16829.12,5519.36,11309.76
Sub-Saharan Africa,Guinea,Fruits,Online,C,08-08-2013,968206489,8/23/2013,2671,9.33,6.92,24920.43,18483.32,6437.11
Asia,Philippines,Baby Food,Online,M,7/27/2015,670140969,8/19/2015,8460,255.28,159.42,2159668.8,1348693.2,810975.6
Sub-Saharan Africa,Guinea-Bissau,Clothes,Online,C,10/20/2012,498596751,11-09-2012,4713,109.28,35.84,515036.64,168913.92,346122.72
Asia,Uzbekistan,Cereal,Online,L,10/17/2010,745810163,11/18/2010,656,205.7,117.11,134939.2,76824.16,58115.04
Australia and Oceania,Australia,Household,Offline,L,4/24/2012,874330031,5/17/2012,2541,668.27,502.54,1698074.07,1276954.14,421119.93
Sub-Saharan Africa,Ethiopia,Snacks,Offline,H,8/15/2013,867017686,09-07-2013,8655,152.58,97.44,1320579.9,843343.2,477236.7
Central America and the Caribbean,Saint Kitts and Nevis ,Cosmetics,Online,L,10/31/2015,777046954,12/17/2015,4316,437.2,263.33,1886955.2,1136532.28,750422.92
Europe,Slovenia,Snacks,Offline,C,7/20/2013,277904164,8/13/2013,6873,152.58,97.44,1048682.34,669705.12,378977.22
Central America and the Caribbean,Grenada,Vegetables,Offline,L,10/21/2013,913388144,11-12-2013,704,154.06,90.93,108458.24,64014.72,44443.52
Middle East and North Africa,Bahrain,Household,Online,M,02-12-2017,247610223,03-06-2017,2222,668.27,502.54,1484895.94,1116643.88,368252.06
Sub-Saharan Africa,Eritrea,Baby Food,Offline,L,9/19/2013,414994227,11-02-2013,4869,255.28,159.42,1242958.32,776215.98,466742.34
Sub-Saharan Africa,Mauritania,Fruits,Online,C,1/14/2010,470276486,02-01-2010,4118,9.33,6.92,38420.94,28496.56,9924.38
Middle East and North Africa,Qatar,Personal Care,Offline,H,5/15/2017,438505828,06-02-2017,2474,81.73,56.67,202200.02,140201.58,61998.44
Sub-Saharan Africa,Eritrea,Household,Online,L,3/16/2010,865043580,04-12-2010,4473,668.27,502.54,2989171.71,2247861.42,741310.29
Europe,Slovakia,Meat,Offline,H,4/27/2013,565563571,5/13/2013,1684,421.89,364.69,710462.76,614137.96,96324.8
Europe,Sweden,Personal Care,Offline,L,09-10-2014,676052129,10-03-2014,7703,81.73,56.67,629566.19,436529.01,193037.18
Middle East and North Africa,Lebanon,Household,Offline,C,9/22/2014,602808082,10/13/2014,3162,668.27,502.54,2113069.74,1589031.48,524038.26
Sub-Saharan Africa,Togo,Fruits,Online,H,11/21/2014,272442758,01-06-2015,721,9.33,6.92,6726.93,4989.32,1737.61
Europe,Austria,Beverages,Online,H,12-05-2013,581879985,12/30/2013,73,47.45,31.79,3463.85,2320.67,1143.18
Australia and Oceania,Samoa ,Beverages,Offline,C,8/28/2011,248356091,10/14/2011,2941,47.45,31.79,139550.45,93494.39,46056.06
Australia and Oceania,Fiji,Clothes,Online,H,9/25/2012,759419906,11-01-2012,8081,109.28,35.84,883091.68,289623.04,593468.64
Asia,Indonesia,Meat,Offline,C,4/26/2015,522932755,06-02-2015,6278,421.89,364.69,2648625.42,2289523.82,359101.6
North America,United States of America,Office Supplies,Online,M,11-02-2014,717068469,11/28/2014,5350,651.21,524.96,3483973.5,2808536,675437.5
Central America and the Caribbean,Nicaragua,Personal Care,Offline,H,5/15/2015,340313374,6/29/2015,5145,81.73,56.67,420500.85,291567.15,128933.7
Sub-Saharan Africa,Mauritius ,Cereal,Online,L,09-07-2010,261466300,10-02-2010,2543,205.7,117.11,523095.1,297810.73,225284.37
Central America and the Caribbean,Antigua and Barbuda ,Household,Offline,H,10-10-2010,969638574,10/18/2010,6456,668.27,502.54,4314351.12,3244398.24,1069952.88
Sub-Saharan Africa,Benin,Vegetables,Online,C,05-02-2015,324254024,5/29/2015,2826,154.06,90.93,435373.56,256968.18,178405.38
Sub-Saharan Africa,South Africa,Clothes,Offline,H,7/17/2017,305048978,8/14/2017,9626,109.28,35.84,1051929.28,344995.84,706933.44
Europe,Albania,Snacks,Offline,L,06-10-2015,262072265,7/22/2015,1862,152.58,97.44,284103.96,181433.28,102670.68
Sub-Saharan Africa,South Africa,Beverages,Offline,L,9/14/2015,965685212,10-01-2015,6569,47.45,31.79,311699.05,208828.51,102870.54
Asia,South Korea,Clothes,Offline,H,9/15/2014,556561648,10/22/2014,7815,109.28,35.84,854023.2,280089.6,573933.6
Asia,Sri Lanka,Clothes,Online,H,6/21/2017,395687901,6/22/2017,1698,109.28,35.84,185557.44,60856.32,124701.12
Sub-Saharan Africa,Central African Republic,Fruits,Offline,H,2/23/2011,114362800,04-11-2011,1349,9.33,6.92,12586.17,9335.08,3251.09
Europe,Italy,Personal Care,Offline,M,3/29/2014,764197671,4/19/2014,1928,81.73,56.67,157575.44,109259.76,48315.68
Asia,Thailand,Baby Food,Online,L,3/31/2012,767116343,4/13/2012,5628,255.28,159.42,1436715.84,897215.76,539500.08
Sub-Saharan Africa,Gabon,Personal Care,Offline,C,06-11-2014,865355145,07-06-2014,6673,81.73,56.67,545384.29,378158.91,167225.38
Europe,Sweden,Personal Care,Online,H,3/28/2012,971462905,5/13/2012,6316,81.73,56.67,516206.68,357927.72,158278.96
Europe,Switzerland,Clothes,Offline,L,04-03-2013,618300950,05-01-2013,7846,109.28,35.84,857410.88,281200.64,576210.24
Europe,Albania,Fruits,Online,C,10/26/2014,309043109,11-08-2014,1578,9.33,6.92,14722.74,10919.76,3802.98
Middle East and North Africa,Lebanon,Household,Online,L,4/28/2015,167175710,05-03-2015,9862,668.27,502.54,6590478.74,4956049.48,1634429.26
Asia,Philippines,Baby Food,Online,L,06-07-2010,386497581,7/25/2010,2078,255.28,159.42,530471.84,331274.76,199197.08
Central America and the Caribbean,Saint Kitts and Nevis ,Clothes,Offline,H,1/13/2012,781120049,2/29/2012,9636,109.28,35.84,1053022.08,345354.24,707667.84
Sub-Saharan Africa,Zambia,Household,Online,L,2/19/2014,335466945,04-05-2014,979,668.27,502.54,654236.33,491986.66,162249.67
Sub-Saharan Africa,South Africa,Cereal,Offline,H,10/28/2011,354274594,10/28/2011,6580,205.7,117.11,1353506,770583.8,582922.2
Sub-Saharan Africa,Sudan,Clothes,Offline,C,08-04-2012,412591826,8/15/2012,3945,109.28,35.84,431109.6,141388.8,289720.8
Middle East and North Africa,Jordan,Clothes,Online,M,06-10-2017,605779969,7/13/2017,2610,109.28,35.84,285220.8,93542.4,191678.4
Europe,Montenegro,Meat,Online,C,1/25/2017,199512851,02-10-2017,9141,421.89,364.69,3856496.49,3333631.29,522865.2
Middle East and North Africa,Azerbaijan,Cosmetics,Offline,C,10/24/2010,779776799,11-12-2010,2138,437.2,263.33,934733.6,562999.54,371734.06
Middle East and North Africa,United Arab Emirates,Baby Food,Online,L,06-08-2010,402870643,7/21/2010,7231,255.28,159.42,1845929.68,1152766.02,693163.66
Central America and the Caribbean,Belize,Beverages,Online,C,8/14/2013,345405709,10-01-2013,2080,47.45,31.79,98696,66123.2,32572.8
Europe,Albania,Baby Food,Online,C,4/29/2015,154305827,06-03-2015,1378,255.28,159.42,351775.84,219680.76,132095.08
Europe,Russia,Cereal,Online,M,7/30/2011,796807324,8/17/2011,1849,205.7,117.11,380339.3,216536.39,163802.91
Central America and the Caribbean,Saint Vincent and the Grenadines,Cereal,Offline,C,10/28/2010,610459029,12/17/2010,7247,205.7,117.11,1490707.9,848696.17,642011.73
Middle East and North Africa,Iran,Personal Care,Offline,H,01-03-2015,253122270,2/18/2015,3359,81.73,56.67,274531.07,190354.53,84176.54
Sub-Saharan Africa,Mauritania,Office Supplies,Offline,M,10-10-2015,452970874,10/18/2015,3002,651.21,524.96,1954932.42,1575929.92,379002.5
Middle East and North Africa,Pakistan,Cereal,Online,H,5/30/2013,658491170,06-04-2013,1025,205.7,117.11,210842.5,120037.75,90804.75
Europe,Netherlands,Cereal,Online,H,1/18/2013,388481986,03-01-2013,9307,205.7,117.11,1914449.9,1089942.77,824507.13
Europe,Macedonia,Beverages,Offline,L,4/27/2013,582054650,06-02-2013,1760,47.45,31.79,83512,55950.4,27561.6
Europe,Romania,Beverages,Offline,L,2/17/2010,448632991,04-03-2010,9326,47.45,31.79,442518.7,296473.54,146045.16
Sub-Saharan Africa,Mauritania,Fruits,Online,L,08-07-2015,617953336,9/15/2015,4979,9.33,6.92,46454.07,34454.68,11999.39
Asia,South Korea,Vegetables,Offline,C,5/26/2016,890064513,6/20/2016,8724,154.06,90.93,1344019.44,793273.32,550746.12
Sub-Saharan Africa,Chad,Cereal,Online,C,06-04-2015,685327851,07-01-2015,2596,205.7,117.11,533997.2,304017.56,229979.64
Central America and the Caribbean,Saint Kitts and Nevis ,Household,Offline,L,10/31/2012,394417178,11-02-2012,5663,668.27,502.54,3784413.01,2845884.02,938528.99
Central America and the Caribbean,Saint Lucia,Baby Food,Online,L,06-08-2017,928318822,07-04-2017,9024,255.28,159.42,2303646.72,1438606.08,865040.64
Sub-Saharan Africa,Tanzania,Baby Food,Online,M,08-05-2012,568331611,8/13/2012,808,255.28,159.42,206266.24,128811.36,77454.88
Europe,Montenegro,Office Supplies,Online,C,01-11-2013,816066873,02-05-2013,1177,651.21,524.96,766474.17,617877.92,148596.25
Sub-Saharan Africa,Equatorial Guinea,Baby Food,Offline,M,08-06-2015,543448436,9/14/2015,7324,255.28,159.42,1869670.72,1167592.08,702078.64
Asia,Turkmenistan,Office Supplies,Online,M,8/20/2010,942712628,9/14/2010,8471,651.21,524.96,5516399.91,4446936.16,1069463.75
Europe,Germany,Fruits,Offline,L,1/25/2016,576408278,3/15/2016,874,9.33,6.92,8154.42,6048.08,2106.34
Asia,India,Baby Food,Offline,M,01-02-2013,327396714,02-11-2013,2818,255.28,159.42,719379.04,449245.56,270133.48
Middle East and North Africa,Egypt,Cereal,Online,C,2/19/2010,248851764,03-02-2010,9622,205.7,117.11,1979245.4,1126832.42,852412.98
Sub-Saharan Africa,Burundi,Clothes,Online,L,3/17/2017,914259755,05-01-2017,8633,109.28,35.84,943414.24,309406.72,634007.52
Sub-Saharan Africa,Senegal,Office Supplies,Online,L,12/18/2010,267419517,12/24/2010,4232,651.21,524.96,2755920.72,2221630.72,534290
Sub-Saharan Africa,Sudan,Cosmetics,Offline,M,8/22/2014,372442376,9/19/2014,2830,437.2,263.33,1237276,745223.9,492052.1
Europe,Finland,Cereal,Offline,M,11/21/2010,663752162,12/19/2010,7870,205.7,117.11,1618859,921655.7,697203.3
Sub-Saharan Africa,Cape Verde,Fruits,Online,C,9/22/2013,196085202,11-02-2013,4824,9.33,6.92,45007.92,33382.08,11625.84
Sub-Saharan Africa,Madagascar,Household,Online,M,9/20/2011,794490325,10/26/2011,6197,668.27,502.54,4141269.19,3114240.38,1027028.81
Europe,Lithuania,Baby Food,Online,M,3/22/2017,304328858,05-08-2017,6527,255.28,159.42,1666212.56,1040534.34,625678.22
Central America and the Caribbean,Trinidad and Tobago,Vegetables,Online,M,2/23/2017,241274631,04-12-2017,7380,154.06,90.93,1136962.8,671063.4,465899.4
Central America and the Caribbean,Costa Rica,Cereal,Online,M,8/16/2014,841313970,09-07-2014,2354,205.7,117.11,484217.8,275676.94,208540.86
Central America and the Caribbean,Dominican Republic,Cosmetics,Online,H,1/18/2010,610745704,03-05-2010,2081,437.2,263.33,909813.2,547989.73,361823.47
Asia,Bangladesh,Beverages,Online,H,6/20/2012,376181161,6/25/2012,9220,47.45,31.79,437489,293103.8,144385.2
Europe,United Kingdom,Beverages,Online,M,1/20/2013,134544169,2/15/2013,3464,47.45,31.79,164366.8,110120.56,54246.24
Sub-Saharan Africa,Equatorial Guinea,Personal Care,Offline,H,8/14/2011,403071057,9/30/2011,6538,81.73,56.67,534350.74,370508.46,163842.28
Central America and the Caribbean,Panama,Cosmetics,Offline,C,10/26/2012,869310653,12-10-2012,7195,437.2,263.33,3145654,1894659.35,1250994.65
Asia,Maldives,Baby Food,Online,M,10/26/2014,841124284,11-05-2014,6222,255.28,159.42,1588352.16,991911.24,596440.92
Europe,Finland,Cosmetics,Online,M,1/16/2013,596685779,02-08-2013,1436,437.2,263.33,627819.2,378141.88,249677.32
Central America and the Caribbean,Cuba,Snacks,Online,H,7/28/2011,934481465,8/19/2011,2687,152.58,97.44,409982.46,261821.28,148161.18
Europe,Estonia,Beverages,Online,M,9/30/2011,923310172,11-10-2011,6853,47.45,31.79,325174.85,217856.87,107317.98
Asia,Kazakhstan,Office Supplies,Online,L,12/27/2015,152283227,1/17/2016,2846,651.21,524.96,1853343.66,1494036.16,359307.5
North America,Canada,Fruits,Online,M,5/29/2016,980824458,7/13/2016,6608,9.33,6.92,61652.64,45727.36,15925.28
Europe,Ukraine,Cereal,Offline,L,10-10-2013,888670194,10/16/2013,6113,205.7,117.11,1257444.1,715893.43,541550.67
Asia,Singapore,Household,Online,C,09-10-2013,125869262,10/21/2013,6366,668.27,502.54,4254206.82,3199169.64,1055037.18
Europe,Belgium,Personal Care,Offline,L,04-06-2015,362782990,5/20/2015,4404,81.73,56.67,359938.92,249574.68,110364.24
Europe,Slovakia,Office Supplies,Online,H,11-12-2014,640085208,01-01-2015,4292,651.21,524.96,2794993.32,2253128.32,541865
Australia and Oceania,Federated States of Micronesia,Personal Care,Offline,H,07-09-2017,518762242,7/16/2017,2130,81.73,56.67,174084.9,120707.1,53377.8
Europe,Georgia,Personal Care,Online,H,5/17/2010,530112922,5/20/2010,1049,81.73,56.67,85734.77,59446.83,26287.94
Middle East and North Africa,Turkey,Meat,Offline,L,12-09-2011,825748574,1/15/2012,6208,421.89,364.69,2619093.12,2263995.52,355097.6
Central America and the Caribbean,Jamaica,Snacks,Offline,H,04-11-2015,727593028,5/28/2015,9801,152.58,97.44,1495436.58,955009.44,540427.14
Europe,Armenia,Meat,Offline,M,07-09-2014,977882611,08-11-2014,6050,421.89,364.69,2552434.5,2206374.5,346060
Europe,Russia,Snacks,Offline,L,3/24/2016,589166152,4/29/2016,6212,152.58,97.44,947826.96,605297.28,342529.68
Europe,Cyprus,Meat,Online,M,11/15/2012,894304978,11/23/2012,3571,421.89,364.69,1506569.19,1302307.99,204261.2
Europe,Estonia,Clothes,Offline,C,12-06-2016,596472918,1/17/2017,8446,109.28,35.84,922978.88,302704.64,620274.24
Australia and Oceania,East Timor,Cosmetics,Offline,C,8/23/2011,719156301,10-02-2011,3185,437.2,263.33,1392482,838706.05,553775.95
Sub-Saharan Africa,Sudan,Household,Offline,H,5/26/2015,556153953,07-12-2015,7168,668.27,502.54,4790159.36,3602206.72,1187952.64
Sub-Saharan Africa,Tanzania,Snacks,Offline,H,05-12-2017,821577203,5/28/2017,1806,152.58,97.44,275559.48,175976.64,99582.84
Asia,Japan,Office Supplies,Online,C,7/19/2011,499849879,09-01-2011,5542,651.21,524.96,3609005.82,2909328.32,699677.5
Europe,Armenia,Household,Offline,C,9/30/2015,895708310,11-07-2015,8848,668.27,502.54,5912852.96,4446473.92,1466379.04
Australia and Oceania,Solomon Islands,Office Supplies,Offline,C,10-01-2014,684201323,11-12-2014,9231,651.21,524.96,6011319.51,4845905.76,1165413.75
Europe,Italy,Household,Online,C,2/13/2017,860690248,03-02-2017,6226,668.27,502.54,4160649.02,3128814.04,1031834.98
Asia,Uzbekistan,Beverages,Offline,C,7/23/2013,690848910,08-02-2013,6400,47.45,31.79,303680,203456,100224
Sub-Saharan Africa,The Gambia,Vegetables,Online,H,12/24/2010,860663640,1/25/2011,8352,154.06,90.93,1286709.12,759447.36,527261.76
Middle East and North Africa,Iraq,Cereal,Online,L,7/27/2013,326433265,8/28/2013,7712,205.7,117.11,1586358.4,903152.32,683206.08
Middle East and North Africa,Lebanon,Cosmetics,Online,M,06-09-2011,364769113,6/29/2011,2141,437.2,263.33,936045.2,563789.53,372255.67
Asia,Indonesia,Household,Online,C,09-08-2014,522595012,10/28/2014,6332,668.27,502.54,4231485.64,3182083.28,1049402.36
Sub-Saharan Africa,Guinea,Vegetables,Offline,H,10-10-2011,867147290,11-12-2011,7008,154.06,90.93,1079652.48,637237.44,442415.04
Sub-Saharan Africa,Sudan,Cereal,Online,M,2/23/2011,635974776,3/17/2011,7924,205.7,117.11,1629966.8,927979.64,701987.16
Sub-Saharan Africa,Gabon,Household,Online,H,9/30/2014,486938798,11-02-2014,4866,668.27,502.54,3251801.82,2445359.64,806442.18
Asia,Vietnam,Clothes,Offline,M,3/21/2014,248213183,04-09-2014,652,109.28,35.84,71250.56,23367.68,47882.88
Sub-Saharan Africa,Comoros,Snacks,Offline,L,06-04-2017,268284261,7/21/2017,129,152.58,97.44,19682.82,12569.76,7113.06
Europe,Slovenia,Personal Care,Offline,M,05-07-2014,965950858,5/29/2014,5179,81.73,56.67,423279.67,293493.93,129785.74
Europe,Monaco,Vegetables,Offline,C,3/13/2011,580324304,3/26/2011,9712,154.06,90.93,1496230.72,883112.16,613118.56
Sub-Saharan Africa,Seychelles ,Office Supplies,Online,C,06-12-2011,120828425,07-08-2011,4671,651.21,524.96,3041801.91,2452088.16,589713.75
Australia and Oceania,Tuvalu,Cosmetics,Offline,L,1/26/2012,217199552,2/27/2012,3029,437.2,263.33,1324278.8,797626.57,526652.23
Europe,Malta,Clothes,Online,L,11/21/2014,669486510,12/30/2014,4791,109.28,35.84,523560.48,171709.44,351851.04
Sub-Saharan Africa,Benin,Vegetables,Offline,L,3/22/2015,898050630,04-09-2015,1993,154.06,90.93,307041.58,181223.49,125818.09
Central America and the Caribbean,Grenada,Beverages,Offline,M,3/25/2013,393565738,4/23/2013,3703,47.45,31.79,175707.35,117718.37,57988.98
Asia,Cambodia,Office Supplies,Online,M,2/23/2010,967018163,04-11-2010,1018,651.21,524.96,662931.78,534409.28,128522.5
Asia,Maldives,Beverages,Online,H,1/22/2012,899706733,2/21/2012,2071,47.45,31.79,98268.95,65837.09,32431.86
Sub-Saharan Africa,Nigeria,Beverages,Offline,L,12/18/2010,793242776,12/23/2010,7020,47.45,31.79,333099,223165.8,109933.2
Sub-Saharan Africa,Guinea,Office Supplies,Online,M,4/16/2011,419550120,5/22/2011,3059,651.21,524.96,1992051.39,1605852.64,386198.75
Middle East and North Africa,Kuwait,Beverages,Offline,L,12/14/2010,970865094,1/31/2011,9411,47.45,31.79,446551.95,299175.69,147376.26
Sub-Saharan Africa,Senegal,Cosmetics,Online,C,9/20/2012,109736526,9/24/2012,2331,437.2,263.33,1019113.2,613822.23,405290.97
Europe,Iceland,Vegetables,Offline,L,11-11-2012,519025743,12/15/2012,106,154.06,90.93,16330.36,9638.58,6691.78
Sub-Saharan Africa,Ghana,Fruits,Offline,L,6/26/2012,451906573,6/30/2012,8052,9.33,6.92,75125.16,55719.84,19405.32
Australia and Oceania,Fiji,Snacks,Offline,M,10-07-2013,481865346,11/19/2013,3519,152.58,97.44,536929.02,342891.36,194037.66
Middle East and North Africa,Iran,Clothes,Online,C,03-02-2016,352700889,3/20/2016,886,109.28,35.84,96822.08,31754.24,65067.84
Sub-Saharan Africa,Botswana,Snacks,Offline,H,8/19/2012,328524529,8/30/2012,6564,152.58,97.44,1001535.12,639596.16,361938.96
Asia,Bangladesh,Office Supplies,Online,H,02-09-2016,743760097,3/22/2016,3995,651.21,524.96,2601583.95,2097215.2,504368.75
Central America and the Caribbean,Panama,Office Supplies,Offline,H,4/25/2010,653143918,06-05-2010,8655,651.21,524.96,5636222.55,4543528.8,1092693.75
Europe,Moldova ,Beverages,Offline,H,02-10-2014,981724822,3/13/2014,3046,47.45,31.79,144532.7,96832.34,47700.36
Asia,Turkmenistan,Personal Care,Online,M,2/19/2017,474864137,04-05-2017,1705,81.73,56.67,139349.65,96622.35,42727.3
Sub-Saharan Africa,Sudan,Vegetables,Offline,H,11/16/2013,648235690,11/22/2013,6201,154.06,90.93,955326.06,563856.93,391469.13
Sub-Saharan Africa,Comoros,Snacks,Offline,M,01-10-2015,837825810,03-01-2015,131,152.58,97.44,19987.98,12764.64,7223.34
Asia,Indonesia,Snacks,Online,C,06-02-2013,449933326,7/22/2013,4124,152.58,97.44,629239.92,401842.56,227397.36
Middle East and North Africa,Egypt,Clothes,Offline,H,07-10-2010,311169564,8/22/2010,844,109.28,35.84,92232.32,30248.96,61983.36
Sub-Saharan Africa,Mauritius ,Cosmetics,Online,M,8/26/2012,418458354,8/31/2012,9981,437.2,263.33,4363693.2,2628296.73,1735396.47
Central America and the Caribbean,Barbados,Office Supplies,Online,M,1/19/2012,389036023,2/14/2012,3259,651.21,524.96,2122293.39,1710844.64,411448.75
Europe,Latvia,Snacks,Offline,C,5/19/2013,810451400,6/20/2013,9434,152.58,97.44,1439439.72,919248.96,520190.76
Middle East and North Africa,Jordan,Household,Online,H,10/17/2014,990565812,10/29/2014,9291,668.27,502.54,6208896.57,4669099.14,1539797.43
Middle East and North Africa,Libya,Cereal,Online,C,9/23/2011,307553088,11-10-2011,648,205.7,117.11,133293.6,75887.28,57406.32
Central America and the Caribbean,Grenada,Cosmetics,Offline,M,10/27/2015,459899556,11/24/2015,3354,437.2,263.33,1466368.8,883208.82,583159.98
Sub-Saharan Africa,Zimbabwe,Cereal,Online,M,4/13/2013,516404044,5/18/2013,4287,205.7,117.11,881835.9,502050.57,379785.33
Central America and the Caribbean,El Salvador,Office Supplies,Online,M,02-05-2014,966177880,2/17/2014,2360,651.21,524.96,1536855.6,1238905.6,297950
Europe,Portugal,Office Supplies,Offline,H,5/22/2010,568644893,07-01-2010,3515,651.21,524.96,2289003.15,1845234.4,443768.75
Middle East and North Africa,Pakistan,Meat,Online,H,6/25/2010,403541409,07-09-2010,5726,421.89,364.69,2415742.14,2088214.94,327527.2
Asia,Bhutan,Household,Offline,M,06-01-2012,720916259,6/19/2012,3996,668.27,502.54,2670406.92,2008149.84,662257.08
Sub-Saharan Africa,Liberia,Office Supplies,Online,H,4/19/2015,491130769,06-07-2015,5363,651.21,524.96,3492439.23,2815360.48,677078.75
Australia and Oceania,Solomon Islands,Fruits,Offline,L,07-02-2015,554858767,08-12-2015,3894,9.33,6.92,36331.02,26946.48,9384.54
Sub-Saharan Africa,Sao Tome and Principe,Personal Care,Offline,L,6/21/2010,473086583,08-02-2010,5688,81.73,56.67,464880.24,322338.96,142541.28
Asia,Laos,Baby Food,Offline,L,1/28/2010,777113044,03-08-2010,3874,255.28,159.42,988954.72,617593.08,371361.64
Middle East and North Africa,Jordan,Household,Online,H,02-09-2010,718549478,3/13/2010,3613,668.27,502.54,2414459.51,1815677.02,598782.49
Middle East and North Africa,Iraq,Snacks,Offline,L,3/17/2011,519319713,3/24/2011,7098,152.58,97.44,1083012.84,691629.12,391383.72
Sub-Saharan Africa,South Africa,Household,Offline,H,1/27/2015,921660077,2/15/2015,8553,668.27,502.54,5715713.31,4298224.62,1417488.69
Europe,Sweden,Fruits,Online,L,2/13/2013,938119399,2/17/2013,9232,9.33,6.92,86134.56,63885.44,22249.12
Middle East and North Africa,Kuwait,Meat,Online,M,12/19/2012,101559007,01-05-2013,2422,421.89,364.69,1021817.58,883279.18,138538.4
Europe,Portugal,Meat,Online,H,12-11-2011,715152728,1/29/2012,8439,421.89,364.69,3560329.71,3077618.91,482710.8
Sub-Saharan Africa,Comoros,Snacks,Offline,M,01-05-2016,202386891,01-07-2016,9633,152.58,97.44,1469803.14,938639.52,531163.62
Sub-Saharan Africa,Cote d'Ivoire,Personal Care,Online,H,04-07-2013,557060325,4/30/2013,5384,81.73,56.67,440034.32,305111.28,134923.04
Middle East and North Africa,Morocco,Cosmetics,Offline,M,08-05-2015,693284356,8/19/2015,7102,437.2,263.33,3104994.4,1870169.66,1234824.74
Middle East and North Africa,Qatar,Vegetables,Online,M,01-01-2017,495482814,1/22/2017,3230,154.06,90.93,497613.8,293703.9,203909.9
Sub-Saharan Africa,The Gambia,Meat,Offline,L,7/28/2012,368392026,7/29/2012,4242,421.89,364.69,1789657.38,1547014.98,242642.4
Middle East and North Africa,Afghanistan,Fruits,Online,H,5/19/2017,787060821,5/20/2017,7642,9.33,6.92,71299.86,52882.64,18417.22
Central America and the Caribbean,Saint Lucia,Clothes,Offline,L,04-10-2017,946850526,05-10-2017,2967,109.28,35.84,324233.76,106337.28,217896.48
Sub-Saharan Africa,Tanzania,Personal Care,Offline,H,07-11-2010,113434970,8/14/2010,6783,81.73,56.67,554374.59,384392.61,169981.98
Europe,Moldova ,Household,Online,C,8/15/2011,772800481,09-07-2011,7690,668.27,502.54,5138996.3,3864532.6,1274463.7
Middle East and North Africa,Azerbaijan,Office Supplies,Online,C,03-05-2017,981245887,4/23/2017,1318,651.21,524.96,858294.78,691897.28,166397.5
Sub-Saharan Africa,Uganda,Household,Offline,M,4/19/2017,215382516,05-11-2017,5328,668.27,502.54,3560542.56,2677533.12,883009.44
Sub-Saharan Africa,Seychelles ,Meat,Offline,M,07-10-2014,722134196,8/22/2014,4411,421.89,364.69,1860956.79,1608647.59,252309.2
Asia,Thailand,Clothes,Online,H,06-11-2012,768737256,07-07-2012,5292,109.28,35.84,578309.76,189665.28,388644.48
Middle East and North Africa,Iraq,Vegetables,Offline,H,12-11-2011,492740523,01-03-2012,1725,154.06,90.93,265753.5,156854.25,108899.25
Europe,Kosovo,Beverages,Offline,L,12/16/2014,552005326,02-03-2015,9498,47.45,31.79,450680.1,301941.42,148738.68
North America,Canada,Fruits,Online,M,2/19/2013,774705493,2/26/2013,1426,9.33,6.92,13304.58,9867.92,3436.66
Middle East and North Africa,Turkey,Snacks,Offline,M,05-03-2014,609327352,5/19/2014,2359,152.58,97.44,359936.22,229860.96,130075.26
Central America and the Caribbean,Guatemala,Fruits,Offline,H,2/14/2016,474669730,3/16/2016,4176,9.33,6.92,38962.08,28897.92,10064.16
Europe,United Kingdom,Beverages,Offline,M,02-12-2017,409843957,03-02-2017,789,47.45,31.79,37438.05,25082.31,12355.74
Europe,Cyprus,Cosmetics,Online,H,3/26/2013,524273860,05-01-2013,3141,437.2,263.33,1373245.2,827119.53,546125.67
Middle East and North Africa,Qatar,Fruits,Online,C,08-01-2016,547695767,08-04-2016,4203,9.33,6.92,39213.99,29084.76,10129.23
Sub-Saharan Africa,Sao Tome and Principe,Office Supplies,Online,L,11-07-2013,280158507,12-07-2013,3983,651.21,524.96,2593769.43,2090915.68,502853.75
Sub-Saharan Africa,Cameroon,Clothes,Online,C,6/29/2015,942023408,08-05-2015,4515,109.28,35.84,493399.2,161817.6,331581.6
Central America and the Caribbean,Nicaragua,Vegetables,Offline,L,02-06-2014,223964297,03-12-2014,4867,154.06,90.93,749810.02,442556.31,307253.71
Europe,Netherlands,Cereal,Online,M,11/28/2010,836967504,01-12-2011,6138,205.7,117.11,1262586.6,718821.18,543765.42
Europe,Cyprus,Baby Food,Online,H,12/31/2011,162331855,1/30/2012,6458,255.28,159.42,1648598.24,1029534.36,619063.88
Europe,Bosnia and Herzegovina,Household,Online,C,12-11-2016,601668679,12/25/2016,5987,668.27,502.54,4000932.49,3008706.98,992225.51
Sub-Saharan Africa,Seychelles ,Cereal,Online,L,01-11-2015,126901805,1/22/2015,1919,205.7,117.11,394738.3,224734.09,170004.21
Europe,Cyprus,Household,Offline,C,9/28/2011,830267560,11/15/2011,3476,668.27,502.54,2322906.52,1746829.04,576077.48
Europe,Macedonia,Cosmetics,Offline,M,06-03-2017,374314773,07-10-2017,6914,437.2,263.33,3022800.8,1820663.62,1202137.18
Sub-Saharan Africa,Kenya,Beverages,Online,M,03-11-2013,541904771,3/18/2013,519,47.45,31.79,24626.55,16499.01,8127.54
Europe,Malta,Meat,Offline,L,4/23/2015,486211383,5/18/2015,9608,421.89,364.69,4053519.12,3503941.52,549577.6
Middle East and North Africa,Tunisia ,Cosmetics,Offline,L,10/19/2010,780720937,11-08-2010,1529,437.2,263.33,668478.8,402631.57,265847.23
Central America and the Caribbean,Antigua and Barbuda ,Cosmetics,Offline,M,04-09-2014,269232261,4/18/2014,664,437.2,263.33,290300.8,174851.12,115449.68
Europe,Ukraine,Clothes,Offline,C,02-06-2011,115856683,03-01-2011,3422,109.28,35.84,373956.16,122644.48,251311.68
Sub-Saharan Africa,Cote d'Ivoire,Beverages,Offline,M,3/24/2014,655018031,4/26/2014,3246,47.45,31.79,154022.7,103190.34,50832.36
Central America and the Caribbean,Saint Lucia,Snacks,Offline,L,12/13/2014,941452634,01-01-2015,5610,152.58,97.44,855973.8,546638.4,309335.4
Asia,Thailand,Vegetables,Online,H,12/23/2016,100209319,12/27/2016,3019,154.06,90.93,465107.14,274517.67,190589.47
Australia and Oceania,Australia,Fruits,Online,C,07-11-2017,476649415,08-01-2017,9,9.33,6.92,83.97,62.28,21.69
Middle East and North Africa,Iran,Personal Care,Online,C,1/29/2011,886446750,3/13/2011,8147,81.73,56.67,665854.31,461690.49,204163.82
Sub-Saharan Africa,Zambia,Snacks,Offline,C,11/27/2015,665587651,12-01-2015,1032,152.58,97.44,157462.56,100558.08,56904.48
North America,United States of America,Clothes,Offline,L,04-06-2017,120370948,05-07-2017,9293,109.28,35.84,1015539.04,333061.12,682477.92
Europe,Liechtenstein,Snacks,Online,L,8/14/2016,977407968,8/22/2016,5593,152.58,97.44,853379.94,544981.92,308398.02
Middle East and North Africa,Iran,Personal Care,Online,M,9/21/2012,533622539,10-03-2012,9622,81.73,56.67,786406.06,545278.74,241127.32
Europe,Norway,Office Supplies,Online,H,12/16/2012,206250989,1/18/2013,3106,651.21,524.96,2022658.26,1630525.76,392132.5
Middle East and North Africa,Pakistan,Household,Online,H,5/31/2014,582842147,7/16/2014,4798,668.27,502.54,3206359.46,2411186.92,795172.54
Europe,Greece,Meat,Offline,M,3/30/2015,971257340,05-11-2015,5485,421.89,364.69,2314066.65,2000324.65,313742
Asia,Thailand,Fruits,Offline,L,11/18/2010,749670398,11/18/2010,2985,9.33,6.92,27850.05,20656.2,7193.85
Sub-Saharan Africa,Burkina Faso,Clothes,Online,C,12/20/2012,716567647,01-01-2013,7145,109.28,35.84,780805.6,256076.8,524728.8
Central America and the Caribbean,The Bahamas,Vegetables,Online,L,4/17/2015,840747916,4/24/2015,4847,154.06,90.93,746728.82,440737.71,305991.11
Middle East and North Africa,Libya,Household,Offline,L,09-06-2012,711322534,10-07-2012,5000,668.27,502.54,3341350,2512700,828650
Europe,Norway,Clothes,Offline,H,5/30/2012,887715327,06-12-2012,3547,109.28,35.84,387616.16,127124.48,260491.68
Australia and Oceania,Vanuatu,Cosmetics,Online,C,3/27/2015,649662625,5/16/2015,8463,437.2,263.33,3700023.6,2228561.79,1471461.81
Australia and Oceania,Palau,Beverages,Online,H,8/14/2011,247213256,09-07-2011,4751,47.45,31.79,225434.95,151034.29,74400.66
Europe,France,Office Supplies,Online,C,10/21/2015,450728547,11/22/2015,9448,651.21,524.96,6152632.08,4959822.08,1192810
North America,Greenland,Fruits,Online,M,08-09-2016,300882327,8/18/2016,6622,9.33,6.92,61783.26,45824.24,15959.02
Sub-Saharan Africa,Mauritania,Snacks,Offline,M,6/19/2011,258660924,6/23/2011,2370,152.58,97.44,361614.6,230932.8,130681.8
Sub-Saharan Africa,Nigeria,Household,Online,M,04-02-2010,855363166,04-04-2010,9824,668.27,502.54,6565084.48,4936952.96,1628131.52
Middle East and North Africa,Israel,Baby Food,Online,C,4/29/2016,442600381,05-03-2016,4143,255.28,159.42,1057625.04,660477.06,397147.98
Sub-Saharan Africa,Malawi,Cereal,Offline,L,03-08-2015,142296397,4/24/2015,7521,205.7,117.11,1547069.7,880784.31,666285.39
Europe,Vatican City,Beverages,Offline,H,02-06-2016,696687543,03-10-2016,4181,47.45,31.79,198388.45,132913.99,65474.46
Central America and the Caribbean,El Salvador,Snacks,Online,C,6/26/2010,218322646,6/26/2010,5377,152.58,97.44,820422.66,523934.88,296487.78
Asia,Turkmenistan,Household,Offline,C,7/14/2013,940063035,7/18/2013,4397,668.27,502.54,2938383.19,2209668.38,728714.81
Central America and the Caribbean,Saint Vincent and the Grenadines,Office Supplies,Offline,C,01-01-2015,665082538,02-04-2015,1557,651.21,524.96,1013933.97,817362.72,196571.25
Central America and the Caribbean,Antigua and Barbuda ,Clothes,Online,M,04-12-2013,416867482,5/26/2013,9207,109.28,35.84,1006140.96,329978.88,676162.08
Central America and the Caribbean,Saint Kitts and Nevis ,Household,Online,M,08-10-2011,389216697,09-06-2011,6725,668.27,502.54,4494115.75,3379581.5,1114534.25
Central America and the Caribbean,Dominican Republic,Personal Care,Online,L,4/18/2014,396241509,5/28/2014,5523,81.73,56.67,451394.79,312988.41,138406.38
Europe,Slovakia,Office Supplies,Online,H,05-11-2015,322365748,06-07-2015,4043,651.21,524.96,2632842.03,2122413.28,510428.75
Europe,Belarus,Office Supplies,Offline,C,06-11-2017,572325742,7/26/2017,2760,651.21,524.96,1797339.6,1448889.6,348450
Europe,Hungary,Fruits,Online,C,11/28/2012,721170318,01-06-2013,9178,9.33,6.92,85630.74,63511.76,22118.98
Australia and Oceania,Palau,Cereal,Offline,L,4/29/2010,864260804,5/19/2010,2833,205.7,117.11,582748.1,331772.63,250975.47
Sub-Saharan Africa,Republic of the Congo,Vegetables,Online,L,7/15/2015,267271029,8/18/2015,292,154.06,90.93,44985.52,26551.56,18433.96
Middle East and North Africa,Algeria,Fruits,Offline,C,9/25/2012,516187322,11-07-2012,154,9.33,6.92,1436.82,1065.68,371.14
Middle East and North Africa,Lebanon,Snacks,Offline,M,09-06-2013,567308509,10/21/2013,8049,152.58,97.44,1228116.42,784294.56,443821.86
Sub-Saharan Africa,Benin,Fruits,Online,M,1/23/2016,797245919,1/24/2016,1639,9.33,6.92,15291.87,11341.88,3949.99
Sub-Saharan Africa,Ethiopia,Meat,Offline,H,10/30/2014,752923381,11/13/2014,5615,421.89,364.69,2368912.35,2047734.35,321178
North America,United States of America,Vegetables,Online,L,08-03-2013,501577222,9/19/2013,6701,154.06,90.93,1032356.06,609321.93,423034.13
North America,Greenland,Clothes,Online,H,3/19/2013,180756270,3/20/2013,8652,109.28,35.84,945490.56,310087.68,635402.88
Asia,Nepal,Office Supplies,Online,M,8/24/2015,448321855,10-06-2015,7254,651.21,524.96,4723877.34,3808059.84,915817.5
Australia and Oceania,Tuvalu,Baby Food,Online,C,07-12-2012,232447803,08-06-2012,5325,255.28,159.42,1359366,848911.5,510454.5
Sub-Saharan Africa,Sierra Leone,Baby Food,Online,L,9/22/2011,781620442,10-06-2011,7713,255.28,159.42,1968974.64,1229606.46,739368.18
Sub-Saharan Africa,Kenya,Cosmetics,Online,H,10/17/2010,714638602,11-03-2010,6298,437.2,263.33,2753485.6,1658452.34,1095033.26
Sub-Saharan Africa,Angola,Household,Offline,H,12-09-2015,970613610,12-09-2015,4991,668.27,502.54,3335335.57,2508177.14,827158.43
Sub-Saharan Africa,Nigeria,Cereal,Online,C,6/30/2015,758969295,7/23/2015,4735,205.7,117.11,973989.5,554515.85,419473.65
North America,Canada,Meat,Offline,M,01-01-2014,709441983,01-04-2014,8503,421.89,364.69,3587330.67,3100959.07,486371.6
Europe,Finland,Fruits,Offline,H,4/15/2013,622080504,06-04-2013,6300,9.33,6.92,58779,43596,15183
Sub-Saharan Africa,Guinea-Bissau,Vegetables,Offline,H,3/27/2016,817246186,05-01-2016,162,154.06,90.93,24957.72,14730.66,10227.06
Sub-Saharan Africa,Republic of the Congo,Beverages,Offline,C,06-11-2015,785612857,6/28/2015,9157,47.45,31.79,434499.65,291101.03,143398.62
Australia and Oceania,Marshall Islands,Beverages,Offline,L,2/21/2012,538166844,3/13/2012,4383,47.45,31.79,207973.35,139335.57,68637.78
Central America and the Caribbean,Nicaragua,Fruits,Online,L,5/29/2012,156206977,06-05-2012,3971,9.33,6.92,37049.43,27479.32,9570.11
Sub-Saharan Africa,Niger,Personal Care,Offline,M,10/29/2015,241344583,10/29/2015,8080,81.73,56.67,660378.4,457893.6,202484.8
Asia,Brunei,Snacks,Online,H,09-01-2011,565503489,9/16/2011,3904,152.58,97.44,595672.32,380405.76,215266.56
Europe,Sweden,Personal Care,Offline,L,01-01-2013,520920026,1/26/2013,666,81.73,56.67,54432.18,37742.22,16689.96
Asia,Japan,Vegetables,Online,H,01-09-2015,470143020,2/26/2015,4622,154.06,90.93,712065.32,420278.46,291786.86
Middle East and North Africa,Tunisia ,Household,Offline,L,12/30/2013,396033799,01-07-2014,4057,668.27,502.54,2711171.39,2038804.78,672366.61
Asia,Vietnam,Baby Food,Online,C,01-11-2011,351766192,02-04-2011,4288,255.28,159.42,1094640.64,683592.96,411047.68
Central America and the Caribbean,Jamaica,Household,Online,H,11/17/2015,910826528,12-12-2015,2665,668.27,502.54,1780939.55,1339269.1,441670.45
Australia and Oceania,Tuvalu,Snacks,Offline,H,11-06-2012,917013633,12-03-2012,3567,152.58,97.44,544252.86,347568.48,196684.38
Europe,Moldova ,Snacks,Offline,C,1/14/2010,634438836,1/27/2010,3405,152.58,97.44,519534.9,331783.2,187751.7
Europe,Switzerland,Household,Offline,C,10/26/2012,397525966,10/28/2012,5622,668.27,502.54,3757013.94,2825279.88,931734.06
Sub-Saharan Africa,Comoros,Vegetables,Offline,M,6/25/2012,161011350,7/21/2012,5691,154.06,90.93,876755.46,517482.63,359272.83
Sub-Saharan Africa,Sudan,Beverages,Online,M,9/29/2012,849943816,10-05-2012,6118,47.45,31.79,290299.1,194491.22,95807.88
Sub-Saharan Africa,Guinea-Bissau,Cosmetics,Offline,L,10/25/2010,309684693,11/20/2010,1437,437.2,263.33,628256.4,378405.21,249851.19
Europe,Vatican City,Baby Food,Online,H,4/29/2016,955907809,05-06-2016,3218,255.28,159.42,821491.04,513013.56,308477.48
Middle East and North Africa,Egypt,Beverages,Offline,M,04-03-2017,324599492,05-11-2017,5058,47.45,31.79,240002.1,160793.82,79208.28
Asia,Tajikistan,Snacks,Online,C,01-02-2014,522058570,02-12-2014,7587,152.58,97.44,1157624.46,739277.28,418347.18
Sub-Saharan Africa,Cape Verde,Baby Food,Offline,M,8/15/2015,574896371,8/16/2015,3466,255.28,159.42,884800.48,552549.72,332250.76
Central America and the Caribbean,Dominican Republic,Cosmetics,Online,C,04-08-2013,480036723,5/27/2013,2389,437.2,263.33,1044470.8,629095.37,415375.43
Europe,Liechtenstein,Personal Care,Offline,M,05-04-2014,754715955,5/22/2014,6077,81.73,56.67,496673.21,344383.59,152289.62
Asia,Taiwan,Household,Online,C,12-02-2015,186482894,01-10-2016,3287,668.27,502.54,2196603.49,1651848.98,544754.51
Central America and the Caribbean,El Salvador,Personal Care,Offline,L,03-01-2016,783198869,03-01-2016,4805,81.73,56.67,392712.65,272299.35,120413.3
Asia,Taiwan,Meat,Offline,C,07-05-2010,123037707,08-05-2010,8447,421.89,364.69,3563704.83,3080536.43,483168.4
Sub-Saharan Africa,Mozambique,Personal Care,Offline,C,08-05-2010,804485738,8/29/2010,4062,81.73,56.67,331987.26,230193.54,101793.72
Middle East and North Africa,Yemen,Clothes,Offline,M,3/15/2010,996341788,3/23/2010,8531,109.28,35.84,932267.68,305751.04,626516.64
Sub-Saharan Africa,Sudan,Baby Food,Offline,H,9/28/2011,287717187,10/26/2011,764,255.28,159.42,195033.92,121796.88,73237.04
Europe,Spain,Cosmetics,Online,M,11/28/2014,138035762,12/13/2014,6704,437.2,263.33,2930988.8,1765364.32,1165624.48
Sub-Saharan Africa,Niger,Cereal,Offline,H,11/20/2012,727033841,12-03-2012,4325,205.7,117.11,889652.5,506500.75,383151.75
Australia and Oceania,Tonga,Vegetables,Offline,H,4/16/2011,504760253,4/23/2011,8631,154.06,90.93,1329691.86,784816.83,544875.03
Australia and Oceania,Palau,Personal Care,Offline,C,10/14/2016,241576325,11/27/2016,6658,81.73,56.67,544158.34,377308.86,166849.48
Middle East and North Africa,Algeria,Office Supplies,Offline,M,08-12-2010,778155887,8/18/2010,2474,651.21,524.96,1611093.54,1298751.04,312342.5
Sub-Saharan Africa,Nigeria,Fruits,Offline,M,12-07-2012,775485265,1/21/2013,2178,9.33,6.92,20320.74,15071.76,5248.98
Sub-Saharan Africa,Burundi,Personal Care,Offline,M,11/25/2010,764863288,01-08-2011,8899,81.73,56.67,727315.27,504306.33,223008.94
Middle East and North Africa,Syria,Meat,Offline,H,06-11-2015,897901284,6/15/2015,7798,421.89,364.69,3289898.22,2843852.62,446045.6
Europe,Slovakia,Meat,Offline,C,1/22/2012,496523082,02-05-2012,1069,421.89,364.69,451000.41,389853.61,61146.8
Middle East and North Africa,Syria,Office Supplies,Online,M,01-09-2010,302965009,02-03-2010,2933,651.21,524.96,1909998.93,1539707.68,370291.25
Sub-Saharan Africa,Gabon,Household,Offline,M,11/24/2015,229775893,12/19/2015,4648,668.27,502.54,3106118.96,2335805.92,770313.04
Asia,Turkmenistan,Baby Food,Offline,L,7/29/2014,709817063,8/17/2014,9498,255.28,159.42,2424649.44,1514171.16,910478.28
Sub-Saharan Africa,Togo,Meat,Online,C,12/18/2010,446262347,02-03-2011,7800,421.89,364.69,3290742,2844582,446160
Europe,Portugal,Snacks,Offline,M,01-08-2011,462598073,1/20/2011,1905,152.58,97.44,290664.9,185623.2,105041.7
Central America and the Caribbean,Haiti,Beverages,Online,L,06-03-2010,952623069,06-12-2010,1190,47.45,31.79,56465.5,37830.1,18635.4
Asia,Indonesia,Fruits,Online,L,6/22/2013,830448663,08-06-2013,7069,9.33,6.92,65953.77,48917.48,17036.29
Sub-Saharan Africa,Malawi,Household,Online,M,03-09-2014,880498683,3/19/2014,7982,668.27,502.54,5334131.14,4011274.28,1322856.86
Sub-Saharan Africa,Tanzania,Personal Care,Online,M,3/20/2015,607509458,04-04-2015,4404,81.73,56.67,359938.92,249574.68,110364.24
Sub-Saharan Africa,Angola,Office Supplies,Online,L,6/27/2016,486529815,07-01-2016,3839,651.21,524.96,2499995.19,2015321.44,484673.75
Europe,France,Personal Care,Online,C,06-05-2011,612921082,7/14/2011,5824,81.73,56.67,475995.52,330046.08,145949.44
Central America and the Caribbean,Grenada,Vegetables,Online,M,6/13/2013,252357089,6/26/2013,6925,154.06,90.93,1066865.5,629690.25,437175.25
Australia and Oceania,Federated States of Micronesia,Beverages,Offline,M,4/28/2014,990824162,06-08-2014,5743,47.45,31.79,272505.35,182569.97,89935.38
Europe,Bosnia and Herzegovina,Meat,Offline,M,8/30/2010,884621131,9/17/2010,7906,421.89,364.69,3335462.34,2883239.14,452223.2
Europe,Slovakia,Cereal,Offline,C,4/19/2015,310359323,4/28/2015,1075,205.7,117.11,221127.5,125893.25,95234.25
Sub-Saharan Africa,Central African Republic,Household,Online,H,08-12-2015,614962565,8/26/2015,9944,668.27,502.54,6645276.88,4997257.76,1648019.12
Asia,India,Cosmetics,Online,M,3/17/2015,965667188,05-03-2015,1235,437.2,263.33,539942,325212.55,214729.45
Australia and Oceania,New Zealand,Office Supplies,Online,M,12/15/2014,600022017,12/23/2014,8704,651.21,524.96,5668131.84,4569251.84,1098880
Sub-Saharan Africa,Seychelles ,Baby Food,Online,M,10/20/2016,175888383,11-03-2016,8136,255.28,159.42,2076958.08,1297041.12,779916.96
Europe,Sweden,Snacks,Online,L,5/23/2012,421440112,06-12-2012,2349,152.58,97.44,358410.42,228886.56,129523.86
North America,Mexico,Office Supplies,Online,H,2/26/2017,785163533,04-08-2017,6192,651.21,524.96,4032292.32,3250552.32,781740
Asia,Cambodia,Cosmetics,Online,M,07-06-2013,785857474,08-07-2013,1545,437.2,263.33,675474,406844.85,268629.15
Sub-Saharan Africa,South Africa,Household,Offline,M,3/27/2015,462633264,04-08-2015,2318,668.27,502.54,1549049.86,1164887.72,384162.14
Europe,Malta,Cosmetics,Online,L,8/27/2010,824914729,10-05-2010,9455,437.2,263.33,4133726,2489785.15,1643940.85
Sub-Saharan Africa,Togo,Beverages,Online,M,11/22/2011,702438199,12/23/2011,5928,47.45,31.79,281283.6,188451.12,92832.48
Sub-Saharan Africa,Togo,Fruits,Offline,C,03-12-2013,795252501,4/29/2013,1742,9.33,6.92,16252.86,12054.64,4198.22
Australia and Oceania,Australia,Cosmetics,Online,C,6/15/2017,523718965,6/25/2017,8935,437.2,263.33,3906382,2352853.55,1553528.45
Sub-Saharan Africa,Seychelles ,Clothes,Online,L,04-05-2017,278511416,05-03-2017,6572,109.28,35.84,718188.16,235540.48,482647.68
Europe,Spain,Beverages,Offline,M,11-05-2013,970616185,11/30/2013,5753,47.45,31.79,272979.85,182887.87,90091.98
Australia and Oceania,Vanuatu,Household,Offline,M,4/17/2013,881332099,4/30/2013,4608,668.27,502.54,3079388.16,2315704.32,763683.84
Europe,Malta,Clothes,Online,H,03-07-2015,612270486,3/22/2015,3298,109.28,35.84,360405.44,118200.32,242205.12
Middle East and North Africa,Qatar,Snacks,Online,H,05-09-2016,835355174,6/25/2016,9014,152.58,97.44,1375356.12,878324.16,497031.96
Sub-Saharan Africa,Gabon,Household,Offline,L,9/27/2014,942822492,10/29/2014,982,668.27,502.54,656241.14,493494.28,162746.86
Sub-Saharan Africa,Cote d'Ivoire,Clothes,Online,M,02-05-2013,397221267,3/13/2013,5455,109.28,35.84,596122.4,195507.2,400615.2
Sub-Saharan Africa,Kenya,Personal Care,Offline,C,04-10-2015,981412827,5/17/2015,720,81.73,56.67,58845.6,40802.4,18043.2
Australia and Oceania,East Timor,Clothes,Online,M,10/19/2014,948571002,10/20/2014,2094,109.28,35.84,228832.32,75048.96,153783.36
Asia,Laos,Vegetables,Online,H,11-09-2013,872182118,11/16/2013,6926,154.06,90.93,1067019.56,629781.18,437238.38
Europe,Slovenia,Clothes,Online,H,11/25/2011,496045005,12/19/2011,9595,109.28,35.84,1048541.6,343884.8,704656.8
Europe,Liechtenstein,Cereal,Offline,M,01-09-2017,984270989,02-10-2017,6513,205.7,117.11,1339724.1,762737.43,576986.67
Europe,Germany,Personal Care,Online,L,11/20/2011,871283900,01-09-2012,1123,81.73,56.67,91782.79,63640.41,28142.38
Sub-Saharan Africa,Nigeria,Cereal,Offline,L,6/29/2010,111820065,07-10-2010,8897,205.7,117.11,1830112.9,1041927.67,788185.23
Sub-Saharan Africa,Central African Republic,Clothes,Online,C,7/23/2016,530928313,8/28/2016,2341,109.28,35.84,255824.48,83901.44,171923.04
Sub-Saharan Africa,Cameroon,Fruits,Online,L,2/25/2012,873969972,03-04-2012,5991,9.33,6.92,55896.03,41457.72,14438.31
Australia and Oceania,Marshall Islands,Personal Care,Online,L,6/23/2014,856618869,6/23/2014,1414,81.73,56.67,115566.22,80131.38,35434.84
Europe,Slovenia,Fruits,Offline,L,07-04-2011,714861333,8/23/2011,2209,9.33,6.92,20609.97,15286.28,5323.69
Sub-Saharan Africa,The Gambia,Cereal,Offline,M,3/23/2011,754996192,4/20/2011,9006,205.7,117.11,1852534.2,1054692.66,797841.54
Asia,North Korea,Office Supplies,Offline,L,02-03-2015,903634774,2/27/2015,4465,651.21,524.96,2907652.65,2343946.4,563706.25
Asia,Malaysia,Baby Food,Offline,M,4/15/2014,257700908,4/27/2014,8280,255.28,159.42,2113718.4,1319997.6,793720.8
Europe,Macedonia,Baby Food,Offline,L,03-11-2016,234430921,04-11-2016,2174,255.28,159.42,554978.72,346579.08,208399.64
Asia,Laos,Beverages,Online,C,4/29/2010,521373641,05-08-2010,4901,47.45,31.79,232552.45,155802.79,76749.66
Sub-Saharan Africa,Tanzania,Clothes,Offline,M,7/23/2017,426390397,8/28/2017,7249,109.28,35.84,792170.72,259804.16,532366.56
Middle East and North Africa,Bahrain,Baby Food,Online,M,08-11-2010,227655017,9/21/2010,7033,255.28,159.42,1795384.24,1121200.86,674183.38
Asia,India,Meat,Offline,C,04-06-2016,723653829,4/20/2016,4104,421.89,364.69,1731436.56,1496687.76,234748.8
Asia,Indonesia,Office Supplies,Offline,M,2/26/2013,983185660,04-04-2013,5340,651.21,524.96,3477461.4,2803286.4,674175
Central America and the Caribbean,Jamaica,Personal Care,Offline,C,04-10-2011,595361840,4/13/2011,9654,81.73,56.67,789021.42,547092.18,241929.24
Central America and the Caribbean,Haiti,Beverages,Online,C,4/22/2010,119606196,06-06-2010,2986,47.45,31.79,141685.7,94924.94,46760.76
Sub-Saharan Africa,Cote d'Ivoire,Cereal,Offline,L,01-06-2011,635655057,01-11-2011,3312,205.7,117.11,681278.4,387868.32,293410.08
Asia,Malaysia,Beverages,Online,L,06-08-2011,593557250,6/27/2011,5635,47.45,31.79,267380.75,179136.65,88244.1
Central America and the Caribbean,Saint Lucia,Baby Food,Offline,H,09-01-2010,763674104,10-04-2010,6993,255.28,159.42,1785173.04,1114824.06,670348.98
Sub-Saharan Africa,Niger,Snacks,Offline,L,8/31/2012,186679446,10-02-2012,1451,152.58,97.44,221393.58,141385.44,80008.14
Australia and Oceania,East Timor,Beverages,Offline,L,11/16/2014,223559606,11/29/2014,5110,47.45,31.79,242469.5,162446.9,80022.6
Central America and the Caribbean,Cuba,Personal Care,Offline,C,01-08-2012,505613410,1/22/2012,1099,81.73,56.67,89821.27,62280.33,27540.94
Europe,Hungary,Fruits,Offline,M,1/13/2015,284452188,2/16/2015,4578,9.33,6.92,42712.74,31679.76,11032.98
Middle East and North Africa,Saudi Arabia,Cereal,Offline,M,12/24/2016,681999766,01-03-2017,7741,205.7,117.11,1592323.7,906548.51,685775.19
Asia,China,Cosmetics,Online,H,12/30/2011,640492475,2/14/2012,4811,437.2,263.33,2103369.2,1266880.63,836488.57
Australia and Oceania,Papua New Guinea,Household,Offline,H,3/17/2014,972479140,4/14/2014,7043,668.27,502.54,4706625.61,3539389.22,1167236.39
Middle East and North Africa,Kuwait,Meat,Online,L,02-02-2016,310821092,2/14/2016,7723,421.89,364.69,3258256.47,2816500.87,441755.6
Middle East and North Africa,Morocco,Clothes,Online,H,12/20/2014,958692157,1/27/2015,7168,109.28,35.84,783319.04,256901.12,526417.92
Europe,Monaco,Cereal,Online,C,10/22/2016,339578664,10/31/2016,7728,205.7,117.11,1589649.6,905026.08,684623.52
Central America and the Caribbean,Saint Lucia,Vegetables,Offline,L,4/13/2017,447279441,05-03-2017,8781,154.06,90.93,1352800.86,798456.33,554344.53
North America,Greenland,Cosmetics,Offline,L,2/14/2013,195905816,3/13/2013,1739,437.2,263.33,760290.8,457930.87,302359.93
Middle East and North Africa,Israel,Cosmetics,Offline,C,6/27/2013,369881618,7/19/2013,5045,437.2,263.33,2205674,1328499.85,877174.15
Central America and the Caribbean,The Bahamas,Beverages,Online,M,6/17/2013,473943173,07-01-2013,9172,47.45,31.79,435211.4,291577.88,143633.52
Asia,Bhutan,Snacks,Online,C,12/18/2012,983139312,02-05-2013,1625,152.58,97.44,247942.5,158340,89602.5
Sub-Saharan Africa,Madagascar,Fruits,Online,L,12/30/2012,192831361,02-03-2013,1940,9.33,6.92,18100.2,13424.8,4675.4
North America,United States of America,Personal Care,Offline,L,11-01-2011,968693149,11/21/2011,6684,81.73,56.67,546283.32,378782.28,167501.04
Sub-Saharan Africa,Malawi,Snacks,Offline,H,5/19/2016,396711003,06-04-2016,4457,152.58,97.44,680049.06,434290.08,245758.98
Europe,Russia,Vegetables,Online,M,09-09-2015,133183753,9/29/2015,887,154.06,90.93,136651.22,80654.91,55996.31
Europe,Iceland,Cereal,Offline,L,01-02-2015,554722726,2/16/2015,3637,205.7,117.11,748130.9,425929.07,322201.83
Sub-Saharan Africa,Comoros,Cereal,Online,L,11-12-2016,308251750,12/24/2016,7398,205.7,117.11,1521768.6,866379.78,655388.82
Central America and the Caribbean,Costa Rica,Cereal,Online,M,4/18/2017,361007153,05-11-2017,8894,205.7,117.11,1829495.8,1041576.34,787919.46
Europe,Montenegro,Cosmetics,Online,H,03-04-2017,850537765,4/16/2017,1880,437.2,263.33,821936,495060.4,326875.6
Sub-Saharan Africa,Cameroon,Snacks,Offline,L,11-11-2010,634704911,11/25/2010,2143,152.58,97.44,326978.94,208813.92,118165.02
Asia,Mongolia,Beverages,Online,L,9/23/2012,441682422,11-05-2012,2499,47.45,31.79,118577.55,79443.21,39134.34
Europe,Andorra,Beverages,Online,H,6/29/2015,619956624,8/13/2015,7797,47.45,31.79,369967.65,247866.63,122101.02
Europe,Cyprus,Office Supplies,Online,C,9/14/2016,688326346,10-09-2016,9917,651.21,524.96,6458049.57,5206028.32,1252021.25
Asia,Vietnam,Clothes,Online,C,01-01-2015,685902917,01-02-2015,2770,109.28,35.84,302705.6,99276.8,203428.8
Asia,Malaysia,Office Supplies,Online,H,11-11-2013,722110164,12/13/2013,7299,651.21,524.96,4753181.79,3831683.04,921498.75
Europe,Czech Republic,Meat,Online,M,04-03-2010,526684415,05-10-2010,6477,421.89,364.69,2732581.53,2362097.13,370484.4
Europe,Ukraine,Office Supplies,Online,H,7/30/2013,799674499,8/22/2013,310,651.21,524.96,201875.1,162737.6,39137.5
Asia,Turkmenistan,Cereal,Online,C,7/28/2011,961441743,08-10-2011,832,205.7,117.11,171142.4,97435.52,73706.88
Asia,Maldives,Clothes,Online,L,12/23/2011,502659976,01-09-2012,7112,109.28,35.84,777199.36,254894.08,522305.28
Asia,Taiwan,Cosmetics,Offline,M,01-10-2016,334315526,1/18/2016,248,437.2,263.33,108425.6,65305.84,43119.76
Europe,Moldova ,Vegetables,Online,M,8/26/2014,537707221,10-12-2014,8371,154.06,90.93,1289636.26,761175.03,528461.23
Asia,Maldives,Baby Food,Online,H,01-03-2015,814446389,01-11-2015,1640,255.28,159.42,418659.2,261448.8,157210.4
Europe,Sweden,Baby Food,Online,M,12-10-2013,936456859,12/16/2013,7249,255.28,159.42,1850524.72,1155635.58,694889.14
Asia,Kyrgyzstan,Beverages,Offline,C,12-11-2016,295974957,12/27/2016,4422,47.45,31.79,209823.9,140575.38,69248.52
Europe,San Marino,Vegetables,Online,C,8/25/2011,155549514,8/27/2011,9413,154.06,90.93,1450166.78,855924.09,594242.69
Europe,Iceland,Clothes,Offline,L,01-08-2017,498041856,2/21/2017,508,109.28,35.84,55514.24,18206.72,37307.52
Sub-Saharan Africa,Guinea,Personal Care,Online,M,6/21/2011,476625812,6/27/2011,3024,81.73,56.67,247151.52,171370.08,75781.44
Central America and the Caribbean,Barbados,Cosmetics,Offline,H,4/22/2012,664787709,05-11-2012,4311,437.2,263.33,1884769.2,1135215.63,749553.57
Asia,Kyrgyzstan,Clothes,Online,L,06-04-2011,806326377,7/23/2011,8748,109.28,35.84,955981.44,313528.32,642453.12
Europe,Monaco,Meat,Online,H,11/29/2016,265353143,12/27/2016,2747,421.89,364.69,1158931.83,1001803.43,157128.4
Europe,Albania,Household,Offline,L,06-04-2011,276291835,6/30/2011,9749,668.27,502.54,6514964.23,4899262.46,1615701.77
Asia,Indonesia,Baby Food,Offline,H,7/18/2016,793878781,08-11-2016,5228,255.28,159.42,1334603.84,833447.76,501156.08
Central America and the Caribbean,Dominica,Clothes,Online,C,04-10-2013,943162810,5/24/2013,1690,109.28,35.84,184683.2,60569.6,124113.6
Sub-Saharan Africa,Benin,Meat,Online,H,12/17/2013,369505250,01-05-2014,3670,421.89,364.69,1548336.3,1338412.3,209924
Europe,Macedonia,Vegetables,Offline,M,02-04-2013,588579928,2/26/2013,2735,154.06,90.93,421354.1,248693.55,172660.55
Sub-Saharan Africa,South Sudan,Clothes,Online,C,10/21/2013,936373174,11/29/2013,2485,109.28,35.84,271560.8,89062.4,182498.4
Europe,Poland,Meat,Online,M,6/26/2016,819183814,08-09-2016,3550,421.89,364.69,1497709.5,1294649.5,203060
Europe,Romania,Baby Food,Offline,H,1/14/2015,163623178,02-06-2015,8589,255.28,159.42,2192599.92,1369258.38,823341.54
Central America and the Caribbean,Honduras,Beverages,Offline,L,10-12-2015,766615092,10/15/2015,7297,47.45,31.79,346242.65,231971.63,114271.02
Europe,Slovenia,Personal Care,Offline,M,12-12-2010,445395886,01-04-2011,1395,81.73,56.67,114013.35,79054.65,34958.7
Asia,Mongolia,Fruits,Online,H,10-11-2012,687514388,10/19/2012,9640,9.33,6.92,89941.2,66708.8,23232.4
Middle East and North Africa,Tunisia ,Fruits,Offline,M,11-09-2011,800831925,11-09-2011,2818,9.33,6.92,26291.94,19500.56,6791.38
Europe,Albania,Household,Online,C,03-08-2011,163522326,04-05-2011,8745,668.27,502.54,5844021.15,4394712.3,1449308.85
Europe,Belarus,Household,Online,M,11-01-2014,474071919,12-03-2014,7271,668.27,502.54,4858991.17,3653968.34,1205022.83
Sub-Saharan Africa,Sierra Leone,Fruits,Online,L,08-01-2016,801279532,9/14/2016,5275,9.33,6.92,49215.75,36503,12712.75
Europe,Malta,Vegetables,Offline,C,04-12-2011,734256494,4/18/2011,1668,154.06,90.93,256972.08,151671.24,105300.84
Sub-Saharan Africa,Liberia,Clothes,Offline,C,10-01-2013,832426631,10-03-2013,2393,109.28,35.84,261507.04,85765.12,175741.92
Sub-Saharan Africa,Cameroon,Vegetables,Online,M,03-09-2017,375526273,04-03-2017,5424,154.06,90.93,835621.44,493204.32,342417.12
Middle East and North Africa,Oman,Clothes,Offline,M,1/20/2012,513604247,1/29/2012,5765,109.28,35.84,629999.2,206617.6,423381.6
Europe,Italy,Meat,Offline,C,08-05-2012,217021882,08-05-2012,452,421.89,364.69,190694.28,164839.88,25854.4
Central America and the Caribbean,Cuba,Office Supplies,Offline,M,03-12-2015,326453006,4/16/2015,3554,651.21,524.96,2314400.34,1865707.84,448692.5
Asia,Maldives,Household,Online,M,4/17/2017,402883946,4/26/2017,1168,668.27,502.54,780539.36,586966.72,193572.64
North America,United States of America,Snacks,Offline,L,8/13/2013,977613532,8/24/2013,6424,152.58,97.44,980173.92,625954.56,354219.36
Central America and the Caribbean,Antigua and Barbuda ,Cereal,Offline,H,02-05-2015,402253091,3/18/2015,4483,205.7,117.11,922153.1,525004.13,397148.97
Asia,Kazakhstan,Snacks,Offline,H,10/21/2014,698726451,11/24/2014,7539,152.58,97.44,1150300.62,734600.16,415700.46
Sub-Saharan Africa,Sierra Leone,Baby Food,Online,H,06-10-2014,809269940,7/24/2014,9814,255.28,159.42,2505317.92,1564547.88,940770.04
Middle East and North Africa,Tunisia ,Snacks,Online,M,12/28/2012,646432387,01-06-2013,2563,152.58,97.44,391062.54,249738.72,141323.82
Europe,Cyprus,Fruits,Offline,C,07-03-2010,643075120,08-05-2010,9073,9.33,6.92,84651.09,62785.16,21865.93
Central America and the Caribbean,Dominican Republic,Fruits,Online,L,11/16/2011,402371966,11/23/2011,9661,9.33,6.92,90137.13,66854.12,23283.01
Europe,Romania,Meat,Offline,C,07-01-2015,947809255,08-05-2015,6676,421.89,364.69,2816537.64,2434670.44,381867.2
Sub-Saharan Africa,Eritrea,Baby Food,Offline,L,1/16/2017,673185813,1/25/2017,9497,255.28,159.42,2424394.16,1514011.74,910382.42
Asia,Singapore,Cosmetics,Online,H,3/31/2013,292612969,05-07-2013,9535,437.2,263.33,4168702,2510851.55,1657850.45
Central America and the Caribbean,Nicaragua,Snacks,Offline,L,04-06-2013,590514552,4/17/2013,5233,152.58,97.44,798451.14,509903.52,288547.62
Europe,Armenia,Office Supplies,Offline,M,03-05-2012,171626889,4/15/2012,7065,651.21,524.96,4600798.65,3708842.4,891956.25
Europe,Malta,Office Supplies,Online,L,6/27/2017,410998809,7/17/2017,2536,651.21,524.96,1651468.56,1331298.56,320170
Europe,Bosnia and Herzegovina,Cereal,Offline,L,1/16/2015,503991639,1/25/2015,1181,205.7,117.11,242931.7,138306.91,104624.79
Central America and the Caribbean,The Bahamas,Beverages,Offline,H,09-10-2010,616279208,9/15/2010,9568,47.45,31.79,454001.6,304166.72,149834.88
Sub-Saharan Africa,Republic of the Congo,Beverages,Online,C,05-06-2011,533847844,5/25/2011,6295,47.45,31.79,298697.75,200118.05,98579.7
Sub-Saharan Africa,Chad,Office Supplies,Online,H,8/13/2013,112996375,10-02-2013,6993,651.21,524.96,4553911.53,3671045.28,882866.25
Europe,Czech Republic,Fruits,Offline,L,03-10-2015,630336129,3/19/2015,9323,9.33,6.92,86983.59,64515.16,22468.43
Sub-Saharan Africa,Lesotho,Household,Online,M,01-08-2011,732790935,2/25/2011,7977,668.27,502.54,5330789.79,4008761.58,1322028.21
Middle East and North Africa,Iraq,Fruits,Offline,L,4/15/2012,487597119,5/14/2012,9678,9.33,6.92,90295.74,66971.76,23323.98
Australia and Oceania,Tonga,Cosmetics,Online,H,4/15/2012,932303512,4/20/2012,8182,437.2,263.33,3577170.4,2154566.06,1422604.34
Central America and the Caribbean,Cuba,Snacks,Offline,M,12/19/2012,924771440,1/31/2013,9274,152.58,97.44,1415026.92,903658.56,511368.36
Sub-Saharan Africa,Cote d'Ivoire,Fruits,Online,H,7/17/2013,293174731,8/31/2013,5773,9.33,6.92,53862.09,39949.16,13912.93
Asia,Maldives,Household,Online,H,4/19/2014,285999715,5/16/2014,2526,668.27,502.54,1688050.02,1269416.04,418633.98
Sub-Saharan Africa,Burundi,Beverages,Offline,C,10/18/2012,422045218,12-03-2012,1414,47.45,31.79,67094.3,44951.06,22143.24
Europe,Russia,Cosmetics,Online,L,3/30/2015,740422570,4/18/2015,6347,437.2,263.33,2774908.4,1671355.51,1103552.89
Sub-Saharan Africa,Kenya,Beverages,Offline,L,7/17/2017,450555598,7/21/2017,8269,47.45,31.79,392364.05,262871.51,129492.54
Sub-Saharan Africa,Mauritius ,Vegetables,Offline,C,8/30/2016,182180631,9/20/2016,152,154.06,90.93,23417.12,13821.36,9595.76
Middle East and North Africa,Jordan,Snacks,Offline,M,06-07-2014,635346496,07-04-2014,2002,152.58,97.44,305465.16,195074.88,110390.28
Europe,Lithuania,Fruits,Offline,H,9/26/2013,330414521,11-11-2013,5854,9.33,6.92,54617.82,40509.68,14108.14
Europe,France,Beverages,Offline,C,9/28/2014,558058536,11-02-2014,777,47.45,31.79,36868.65,24700.83,12167.82
Sub-Saharan Africa,Malawi,Meat,Offline,L,02-08-2011,429264867,2/27/2011,7868,421.89,364.69,3319430.52,2869380.92,450049.6
Australia and Oceania,East Timor,Cosmetics,Offline,L,6/25/2016,925332343,07-03-2016,5258,437.2,263.33,2298797.6,1384589.14,914208.46
Sub-Saharan Africa,Liberia,Meat,Offline,L,4/23/2015,847872292,5/22/2015,3108,421.89,364.69,1311234.12,1133456.52,177777.6
Sub-Saharan Africa,Rwanda,Office Supplies,Online,C,01-01-2012,868808543,2/14/2012,8610,651.21,524.96,5606918.1,4519905.6,1087012.5
Europe,Monaco,Office Supplies,Online,L,1/21/2012,380377423,2/19/2012,987,651.21,524.96,642744.27,518135.52,124608.75
Europe,Austria,Cosmetics,Offline,L,09-01-2010,645127761,10/19/2010,6495,437.2,263.33,2839614,1710328.35,1129285.65
Asia,Indonesia,Cereal,Offline,L,09-03-2011,745920884,10-02-2011,3420,205.7,117.11,703494,400516.2,302977.8
Sub-Saharan Africa,Burkina Faso,Household,Online,L,03-08-2016,735930621,4/17/2016,7080,668.27,502.54,4731351.6,3557983.2,1173368.4
Asia,Turkmenistan,Cosmetics,Offline,L,3/27/2011,288643300,04-04-2011,4822,437.2,263.33,2108178.4,1269777.26,838401.14
Sub-Saharan Africa,Cameroon,Baby Food,Online,M,06-03-2011,947857749,06-05-2011,1026,255.28,159.42,261917.28,163564.92,98352.36
North America,Canada,Cosmetics,Offline,M,04-09-2017,277685296,04-11-2017,2105,437.2,263.33,920306,554309.65,365996.35
Middle East and North Africa,Syria,Beverages,Offline,H,06-09-2011,412549769,07-09-2011,1499,47.45,31.79,71127.55,47653.21,23474.34
Europe,Belarus,Cereal,Offline,C,07-02-2015,407187497,7/17/2015,4684,205.7,117.11,963498.8,548543.24,414955.56
Europe,Vatican City,Beverages,Online,H,6/17/2010,286647307,7/17/2010,4163,47.45,31.79,197534.35,132341.77,65192.58
Sub-Saharan Africa,Chad,Baby Food,Online,L,3/30/2016,596290528,04-06-2016,4473,255.28,159.42,1141867.44,713085.66,428781.78
Australia and Oceania,New Zealand,Vegetables,Offline,L,03-11-2012,151790988,04-01-2012,7181,154.06,90.93,1106304.86,652968.33,453336.53
Europe,Cyprus,Office Supplies,Offline,M,7/29/2016,989135015,08-05-2016,5886,651.21,524.96,3833022.06,3089914.56,743107.5
Middle East and North Africa,Oman,Cereal,Online,L,8/25/2014,714621436,10-02-2014,1218,205.7,117.11,250542.6,142639.98,107902.62
Australia and Oceania,Federated States of Micronesia,Snacks,Online,C,6/16/2015,154861581,6/17/2015,5838,152.58,97.44,890762.04,568854.72,321907.32
Middle East and North Africa,Pakistan,Cereal,Online,C,03-03-2010,206779277,3/26/2010,9438,205.7,117.11,1941396.6,1105284.18,836112.42
Central America and the Caribbean,Panama,Vegetables,Online,H,9/30/2013,487610852,11-12-2013,3742,154.06,90.93,576492.52,340260.06,236232.46
Middle East and North Africa,Azerbaijan,Snacks,Offline,C,9/14/2015,684905135,10/19/2015,7504,152.58,97.44,1144960.32,731189.76,413770.56
Sub-Saharan Africa,Botswana,Snacks,Offline,L,3/13/2014,106523454,4/25/2014,1512,152.58,97.44,230700.96,147329.28,83371.68
Europe,Netherlands,Personal Care,Offline,H,3/25/2012,830639636,05-07-2012,3582,81.73,56.67,292756.86,202991.94,89764.92
Central America and the Caribbean,Jamaica,Baby Food,Online,M,11/17/2013,955740010,12/15/2013,3563,255.28,159.42,909562.64,568013.46,341549.18
Sub-Saharan Africa,The Gambia,Vegetables,Online,H,11/30/2012,450623404,12/29/2012,8334,154.06,90.93,1283936.04,757810.62,526125.42
Europe,Austria,Fruits,Offline,M,10-03-2011,704401147,11-11-2011,6808,9.33,6.92,63518.64,47111.36,16407.28
Asia,India,Snacks,Online,H,02-03-2010,476497066,3/13/2010,4925,152.58,97.44,751456.5,479892,271564.5
Sub-Saharan Africa,Comoros,Clothes,Offline,L,04-05-2016,846647489,4/28/2016,661,109.28,35.84,72234.08,23690.24,48543.84
Europe,Moldova ,Household,Offline,M,2/22/2013,264901244,3/21/2013,9020,668.27,502.54,6027795.4,4532910.8,1494884.6
Middle East and North Africa,Jordan,Vegetables,Offline,C,12/30/2014,401619660,2/15/2015,7037,154.06,90.93,1084120.22,639874.41,444245.81
Europe,Italy,Cosmetics,Offline,H,8/15/2010,297476565,8/31/2010,8781,437.2,263.33,3839053.2,2312300.73,1526752.47
Europe,Austria,Household,Online,M,08-10-2012,413458287,9/14/2012,350,668.27,502.54,233894.5,175889,58005.5
Central America and the Caribbean,Costa Rica,Fruits,Offline,L,09-07-2015,380863654,10/15/2015,4874,9.33,6.92,45474.42,33728.08,11746.34
Sub-Saharan Africa,Madagascar,Cosmetics,Offline,M,8/20/2015,351303994,9/14/2015,7513,437.2,263.33,3284683.6,1978398.29,1306285.31
Sub-Saharan Africa,Zimbabwe,Clothes,Offline,M,02-06-2013,546703135,3/14/2013,462,109.28,35.84,50487.36,16558.08,33929.28
Sub-Saharan Africa,Guinea,Cereal,Online,M,05-12-2017,809297406,06-01-2017,7942,205.7,117.11,1633669.4,930087.62,703581.78
Central America and the Caribbean,El Salvador,Fruits,Online,C,04-01-2012,151635634,4/19/2012,1209,9.33,6.92,11279.97,8366.28,2913.69
Europe,Switzerland,Cosmetics,Online,L,12/17/2012,806579148,1/19/2013,3549,437.2,263.33,1551622.8,934558.17,617064.63
Asia,India,Beverages,Online,M,10/29/2016,577301776,11-02-2016,5279,47.45,31.79,250488.55,167819.41,82669.14
Central America and the Caribbean,Barbados,Cosmetics,Offline,C,8/29/2014,487289845,10-06-2014,8749,437.2,263.33,3825062.8,2303874.17,1521188.63
Sub-Saharan Africa,Togo,Snacks,Online,H,04-11-2017,730342185,05-08-2017,3337,152.58,97.44,509159.46,325157.28,184002.18
Sub-Saharan Africa,Djibouti,Office Supplies,Offline,C,11-04-2013,220570123,11/30/2013,456,651.21,524.96,296951.76,239381.76,57570
Asia,Turkmenistan,Clothes,Offline,L,07-06-2013,642397487,08-05-2013,8547,109.28,35.84,934016.16,306324.48,627691.68
Asia,Laos,Cereal,Offline,C,5/15/2011,600560605,6/30/2011,8084,205.7,117.11,1662878.8,946717.24,716161.56
Sub-Saharan Africa,Togo,Cosmetics,Online,M,11/29/2014,570108306,12/19/2014,6572,437.2,263.33,2873278.4,1730604.76,1142673.64
Sub-Saharan Africa,South Africa,Cosmetics,Online,C,7/25/2017,646401917,08-06-2017,3547,437.2,263.33,1550748.4,934031.51,616716.89
Central America and the Caribbean,Nicaragua,Meat,Offline,C,01-09-2010,995115268,1/28/2010,5576,421.89,364.69,2352458.64,2033511.44,318947.2
Sub-Saharan Africa,Cape Verde,Fruits,Offline,M,05-08-2014,502234685,05-09-2014,1259,9.33,6.92,11746.47,8712.28,3034.19
Australia and Oceania,Vanuatu,Personal Care,Online,C,01-06-2012,824058997,1/14/2012,6225,81.73,56.67,508769.25,352770.75,155998.5
Europe,Estonia,Household,Offline,H,11-04-2015,537199532,11-05-2015,8134,668.27,502.54,5435708.18,4087660.36,1348047.82
Australia and Oceania,East Timor,Office Supplies,Online,M,3/22/2013,988580119,4/22/2013,1681,651.21,524.96,1094684.01,882457.76,212226.25
Sub-Saharan Africa,Sao Tome and Principe,Household,Online,H,4/29/2015,445437085,05-11-2015,3587,668.27,502.54,2397084.49,1802610.98,594473.51
Central America and the Caribbean,El Salvador,Vegetables,Offline,M,6/14/2015,845319259,7/31/2015,7608,154.06,90.93,1172088.48,691795.44,480293.04
North America,Canada,Cereal,Offline,M,7/18/2015,146087968,09-06-2015,9531,205.7,117.11,1960526.7,1116175.41,844351.29
Europe,Moldova ,Household,Offline,C,10/29/2014,875917041,11/22/2014,2172,668.27,502.54,1451482.44,1091516.88,359965.56
Australia and Oceania,Kiribati,Personal Care,Online,L,7/30/2013,683292806,09-05-2013,380,81.73,56.67,31057.4,21534.6,9522.8
Asia,Singapore,Meat,Online,H,12-08-2016,887014091,1/22/2017,6036,421.89,364.69,2546528.04,2201268.84,345259.2
Sub-Saharan Africa,Sierra Leone,Household,Online,L,12/16/2015,626192224,12/30/2015,3049,668.27,502.54,2037555.23,1532244.46,505310.77
North America,United States of America,Personal Care,Offline,L,2/14/2014,910251033,2/18/2014,2363,81.73,56.67,193127.99,133911.21,59216.78
Europe,Hungary,Vegetables,Offline,L,12/22/2015,568926846,1/24/2016,6952,154.06,90.93,1071025.12,632145.36,438879.76
Australia and Oceania,Fiji,Office Supplies,Online,H,10-06-2015,302268493,10/15/2015,6819,651.21,524.96,4440600.99,3579702.24,860898.75
Sub-Saharan Africa,Eritrea,Personal Care,Offline,C,5/16/2016,430637300,5/21/2016,4001,81.73,56.67,327001.73,226736.67,100265.06
Sub-Saharan Africa,Cameroon,Fruits,Offline,M,5/28/2010,444707095,6/27/2010,7567,9.33,6.92,70600.11,52363.64,18236.47
North America,Mexico,Cereal,Offline,M,3/25/2014,355464208,04-01-2014,8613,205.7,117.11,1771694.1,1008668.43,763025.67
Europe,Serbia,Cosmetics,Online,M,3/20/2011,244207465,05-08-2011,5271,437.2,263.33,2304481.2,1388012.43,916468.77
Central America and the Caribbean,Belize,Cosmetics,Offline,M,1/30/2016,712548196,2/28/2016,7700,437.2,263.33,3366440,2027641,1338799
Middle East and North Africa,Tunisia ,Beverages,Offline,L,7/14/2010,632410228,7/24/2010,3095,47.45,31.79,146857.75,98390.05,48467.7
Sub-Saharan Africa,South Africa,Baby Food,Online,L,3/18/2015,296029889,04-06-2015,677,255.28,159.42,172824.56,107927.34,64897.22
Middle East and North Africa,Bahrain,Cereal,Offline,C,03-01-2010,965956008,3/22/2010,6703,205.7,117.11,1378807.1,784988.33,593818.77
Sub-Saharan Africa,Gabon,Personal Care,Online,C,5/15/2014,825049912,6/27/2014,9458,81.73,56.67,773002.34,535984.86,237017.48
Central America and the Caribbean,Saint Lucia,Beverages,Online,H,10/19/2013,826485431,10/20/2013,4260,47.45,31.79,202137,135425.4,66711.6
Sub-Saharan Africa,The Gambia,Office Supplies,Online,M,8/19/2010,643748891,9/13/2010,8457,651.21,524.96,5507282.97,4439586.72,1067696.25
Europe,Ireland,Office Supplies,Online,L,11/22/2011,920639121,12/25/2011,6429,651.21,524.96,4186629.09,3374967.84,811661.25
Sub-Saharan Africa,Cape Verde,Baby Food,Online,L,7/13/2010,121267449,7/18/2010,4588,255.28,159.42,1171224.64,731418.96,439805.68
Europe,Armenia,Vegetables,Offline,C,12-03-2011,380057704,12/14/2011,6375,154.06,90.93,982132.5,579678.75,402453.75
Central America and the Caribbean,Haiti,Office Supplies,Offline,H,12-05-2014,751746213,01-08-2015,7265,651.21,524.96,4731040.65,3813834.4,917206.25
North America,Greenland,Fruits,Online,L,09-11-2015,361381804,10/25/2015,9761,9.33,6.92,91070.13,67546.12,23524.01
Sub-Saharan Africa,Mali,Household,Online,L,06-06-2011,654325807,6/30/2011,8402,668.27,502.54,5614804.54,4222341.08,1392463.46
Central America and the Caribbean,Barbados,Office Supplies,Online,H,10-05-2011,446252048,11/23/2011,4752,651.21,524.96,3094549.92,2494609.92,599940
Sub-Saharan Africa,Niger,Vegetables,Online,M,3/31/2012,873146855,04-02-2012,2413,154.06,90.93,371746.78,219414.09,152332.69
Asia,Japan,Beverages,Offline,C,4/14/2013,441309058,4/24/2013,2012,47.45,31.79,95469.4,63961.48,31507.92
Europe,Slovenia,Clothes,Online,C,05-07-2016,877349984,5/14/2016,6212,109.28,35.84,678847.36,222638.08,456209.28
Sub-Saharan Africa,Tanzania,Meat,Online,L,08-10-2012,378193461,8/31/2012,4704,421.89,364.69,1984570.56,1715501.76,269068.8
Sub-Saharan Africa,Niger,Fruits,Offline,L,01-07-2017,361075818,2/16/2017,9213,9.33,6.92,85957.29,63753.96,22203.33
Europe,Belgium,Personal Care,Online,C,7/13/2011,513545882,8/23/2011,8494,81.73,56.67,694214.62,481354.98,212859.64
Middle East and North Africa,Azerbaijan,Personal Care,Online,M,01-04-2017,143464982,1/17/2017,3331,81.73,56.67,272242.63,188767.77,83474.86
Sub-Saharan Africa,Burundi,Personal Care,Offline,M,10-02-2013,429006946,11-08-2013,1544,81.73,56.67,126191.12,87498.48,38692.64
Asia,Cambodia,Meat,Offline,M,5/24/2013,368658101,5/26/2013,2979,421.89,364.69,1256810.31,1086411.51,170398.8
Sub-Saharan Africa,Republic of the Congo,Meat,Offline,H,4/16/2017,831217277,5/28/2017,4518,421.89,364.69,1906099.02,1647669.42,258429.6
Middle East and North Africa,Morocco,Vegetables,Online,H,9/15/2012,505795800,11-02-2012,5072,154.06,90.93,781392.32,461196.96,320195.36
Europe,Denmark,Cereal,Offline,L,6/26/2014,851817500,6/28/2014,582,205.7,117.11,119717.4,68158.02,51559.38
Sub-Saharan Africa,Liberia,Vegetables,Offline,H,10/22/2015,249018704,12-11-2015,9023,154.06,90.93,1390083.38,820461.39,569621.99
Sub-Saharan Africa,Chad,Snacks,Online,L,9/16/2014,747448241,10-09-2014,5399,152.58,97.44,823779.42,526078.56,297700.86
Asia,Kyrgyzstan,Fruits,Offline,H,4/19/2010,417467439,05-09-2010,6747,9.33,6.92,62949.51,46689.24,16260.27
Middle East and North Africa,Turkey,Cereal,Offline,L,02-03-2014,999750125,03-01-2014,7133,205.7,117.11,1467258.1,835345.63,631912.47
Central America and the Caribbean,Barbados,Snacks,Offline,L,12/21/2015,255282628,1/28/2016,2657,152.58,97.44,405405.06,258898.08,146506.98
Sub-Saharan Africa,Angola,Beverages,Offline,C,8/26/2010,515363776,10-07-2010,6449,47.45,31.79,306005.05,205013.71,100991.34
Asia,Singapore,Meat,Offline,L,8/23/2016,131604897,10-01-2016,3669,421.89,364.69,1547914.41,1338047.61,209866.8
Sub-Saharan Africa,Sao Tome and Principe,Beverages,Online,C,11/15/2011,225929820,12-01-2011,6509,47.45,31.79,308852.05,206921.11,101930.94
Sub-Saharan Africa,Equatorial Guinea,Vegetables,Online,H,03-06-2013,640574872,3/31/2013,9194,154.06,90.93,1416427.64,836010.42,580417.22
Asia,Bangladesh,Clothes,Online,L,12/25/2011,388088881,12/30/2011,2979,109.28,35.84,325545.12,106767.36,218777.76
Sub-Saharan Africa,The Gambia,Fruits,Offline,L,11/24/2015,801333177,12-04-2015,1149,9.33,6.92,10720.17,7951.08,2769.09
North America,Canada,Clothes,Online,L,09-05-2014,583481585,10-05-2014,4022,109.28,35.84,439524.16,144148.48,295375.68
Sub-Saharan Africa,Democratic Republic of the Congo,Baby Food,Online,M,4/18/2014,758020436,05-07-2014,3947,255.28,159.42,1007590.16,629230.74,378359.42
Asia,Tajikistan,Snacks,Online,C,5/31/2010,618748557,6/22/2010,303,152.58,97.44,46231.74,29524.32,16707.42
Europe,Malta,Snacks,Online,C,11/29/2014,879777276,01-11-2015,4501,152.58,97.44,686762.58,438577.44,248185.14
Sub-Saharan Africa,Central African Republic,Clothes,Offline,H,3/27/2014,525530421,4/22/2014,4985,109.28,35.84,544760.8,178662.4,366098.4
Sub-Saharan Africa,Zimbabwe,Baby Food,Offline,L,1/13/2011,860744321,02-11-2011,2227,255.28,159.42,568508.56,355028.34,213480.22
Europe,Montenegro,Cosmetics,Online,L,10/22/2012,560467803,12-10-2012,3733,437.2,263.33,1632067.6,983010.89,649056.71
Europe,Sweden,Office Supplies,Offline,L,12/25/2012,620062196,02-07-2013,9038,651.21,524.96,5885635.98,4744588.48,1141047.5
Sub-Saharan Africa,Ghana,Fruits,Offline,C,5/27/2017,305201327,06-07-2017,4710,9.33,6.92,43944.3,32593.2,11351.1
Sub-Saharan Africa,Equatorial Guinea,Household,Online,C,04-05-2010,301871526,4/16/2010,9348,668.27,502.54,6246987.96,4697743.92,1549244.04
Europe,France,Baby Food,Online,C,11/21/2010,466371619,01-05-2011,8581,255.28,159.42,2190557.68,1367983.02,822574.66
Europe,Luxembourg,Fruits,Online,C,12/21/2016,275312936,01-11-2017,71,9.33,6.92,662.43,491.32,171.11
Asia,Thailand,Vegetables,Online,L,11/24/2015,175619304,01-07-2016,8509,154.06,90.93,1310896.54,773723.37,537173.17
Central America and the Caribbean,Dominica,Cosmetics,Offline,H,04-06-2011,234527051,4/30/2011,621,437.2,263.33,271501.2,163527.93,107973.27
Middle East and North Africa,Yemen,Household,Online,H,07-07-2011,589585006,7/23/2011,160,668.27,502.54,106923.2,80406.4,26516.8
North America,United States of America,Meat,Offline,L,01-09-2011,998654496,02-12-2011,2913,421.89,364.69,1228965.57,1062341.97,166623.6
Middle East and North Africa,Kuwait,Vegetables,Offline,C,08-01-2016,389909350,09-01-2016,1696,154.06,90.93,261285.76,154217.28,107068.48
Sub-Saharan Africa,Seychelles ,Clothes,Online,M,05-01-2013,911835896,5/27/2013,1360,109.28,35.84,148620.8,48742.4,99878.4
Central America and the Caribbean,El Salvador,Vegetables,Offline,L,12/22/2013,283232963,1/13/2014,3783,154.06,90.93,582808.98,343988.19,238820.79
Europe,Czech Republic,Vegetables,Online,C,2/22/2017,343211877,04-02-2017,2876,154.06,90.93,443076.56,261514.68,181561.88
Europe,Ireland,Office Supplies,Online,C,03-06-2011,301196467,04-07-2011,9583,651.21,524.96,6240545.43,5030691.68,1209853.75
Australia and Oceania,Tonga,Personal Care,Online,C,10-04-2015,786923062,10/27/2015,6876,81.73,56.67,561975.48,389662.92,172312.56
Sub-Saharan Africa,Equatorial Guinea,Cosmetics,Offline,H,7/25/2017,700440490,8/13/2017,4761,437.2,263.33,2081509.2,1253714.13,827795.07
Asia,Vietnam,Cosmetics,Offline,C,11/29/2011,362110078,01-11-2012,5274,437.2,263.33,2305792.8,1388802.42,916990.38
Asia,Myanmar,Clothes,Online,M,02-11-2014,162605655,2/14/2014,7482,109.28,35.84,817632.96,268154.88,549478.08
Europe,Georgia,Snacks,Offline,H,04-04-2010,112913548,4/28/2010,2483,152.58,97.44,378856.14,241943.52,136912.62
Asia,Singapore,Office Supplies,Offline,M,12/29/2013,294332587,1/15/2014,8408,651.21,524.96,5475373.68,4413863.68,1061510
Europe,Lithuania,Cereal,Online,M,4/30/2017,408474099,05-05-2017,5418,205.7,117.11,1114482.6,634501.98,479980.62
Sub-Saharan Africa,Republic of the Congo,Household,Online,C,02-10-2017,227261912,2/14/2017,705,668.27,502.54,471130.35,354290.7,116839.65
Europe,Hungary,Snacks,Offline,C,04-08-2011,942932355,5/16/2011,3493,152.58,97.44,532961.94,340357.92,192604.02
Asia,Philippines,Fruits,Online,H,2/17/2010,218034255,03-11-2010,36,9.33,6.92,335.88,249.12,86.76
North America,Canada,Fruits,Offline,L,7/16/2017,735428941,8/19/2017,8621,9.33,6.92,80433.93,59657.32,20776.61
Sub-Saharan Africa,Burkina Faso,Vegetables,Online,C,11/21/2011,748290240,01-01-2012,4566,154.06,90.93,703437.96,415186.38,288251.58
Europe,Norway,Snacks,Offline,L,07-03-2010,830104482,7/24/2010,5218,152.58,97.44,796162.44,508441.92,287720.52
Asia,Turkmenistan,Baby Food,Online,C,11-01-2012,724670493,12/14/2012,4958,255.28,159.42,1265678.24,790404.36,475273.88
Sub-Saharan Africa,Zimbabwe,Baby Food,Offline,M,11-02-2011,696099603,12-08-2011,196,255.28,159.42,50034.88,31246.32,18788.56
Europe,Ireland,Baby Food,Offline,C,11/17/2012,178815639,12-09-2012,4376,255.28,159.42,1117105.28,697621.92,419483.36
Australia and Oceania,Tuvalu,Beverages,Online,L,10/30/2014,927554929,11/30/2014,2971,47.45,31.79,140973.95,94448.09,46525.86
Central America and the Caribbean,Guatemala,Snacks,Offline,M,10/29/2013,267366302,12-04-2013,8485,152.58,97.44,1294641.3,826778.4,467862.9
Australia and Oceania,Papua New Guinea,Meat,Online,C,8/28/2014,543611085,9/16/2014,5455,421.89,364.69,2301409.95,1989383.95,312026
Middle East and North Africa,Qatar,Snacks,Online,C,10/21/2011,571963107,10/25/2011,5449,152.58,97.44,831408.42,530950.56,300457.86
Europe,Lithuania,Vegetables,Online,L,12/18/2015,588408696,1/14/2016,2064,154.06,90.93,317979.84,187679.52,130300.32
Australia and Oceania,East Timor,Beverages,Offline,C,5/24/2012,899246680,06-03-2012,5931,47.45,31.79,281425.95,188546.49,92879.46
Asia,Philippines,Beverages,Offline,H,2/21/2010,531088387,04-04-2010,9711,47.45,31.79,460786.95,308712.69,152074.26
Central America and the Caribbean,Jamaica,Baby Food,Offline,M,07-09-2015,380857646,8/26/2015,3096,255.28,159.42,790346.88,493564.32,296782.56
Asia,Philippines,Office Supplies,Online,H,03-12-2013,965790784,3/27/2013,7810,651.21,524.96,5085950.1,4099937.6,986012.5
Europe,Spain,Personal Care,Online,H,5/28/2015,173436629,6/20/2015,2608,81.73,56.67,213151.84,147795.36,65356.48
Sub-Saharan Africa,Chad,Personal Care,Online,M,9/22/2012,911656510,10-03-2012,8275,81.73,56.67,676315.75,468944.25,207371.5
Australia and Oceania,Solomon Islands,Snacks,Offline,H,9/30/2015,758624255,10-08-2015,2630,152.58,97.44,401285.4,256267.2,145018.2
Europe,Russia,Fruits,Offline,C,5/20/2013,512826192,5/25/2013,5521,9.33,6.92,51510.93,38205.32,13305.61
Sub-Saharan Africa,Equatorial Guinea,Beverages,Online,M,7/26/2014,143061149,8/29/2014,3828,47.45,31.79,181638.6,121692.12,59946.48
Middle East and North Africa,Lebanon,Household,Online,H,2/17/2014,138440454,3/25/2014,6462,668.27,502.54,4318360.74,3247413.48,1070947.26
Sub-Saharan Africa,Central African Republic,Meat,Online,L,10-10-2011,158387935,11/24/2011,9364,421.89,364.69,3950577.96,3414957.16,535620.8
Australia and Oceania,Marshall Islands,Cereal,Offline,C,10/29/2015,382639920,11-01-2015,510,205.7,117.11,104907,59726.1,45180.9
Asia,Japan,Cosmetics,Online,M,9/30/2016,161245238,11/17/2016,4904,437.2,263.33,2144028.8,1291370.32,852658.48
Australia and Oceania,Tuvalu,Vegetables,Online,C,8/23/2013,264565217,9/15/2013,9582,154.06,90.93,1476202.92,871291.26,604911.66
Middle East and North Africa,Israel,Fruits,Online,H,6/20/2010,633273684,07-03-2010,8611,9.33,6.92,80340.63,59588.12,20752.51
Sub-Saharan Africa,Uganda,Cosmetics,Offline,H,3/26/2012,828356969,4/13/2012,8090,437.2,263.33,3536948,2130339.7,1406608.3
Sub-Saharan Africa,Mauritania,Household,Online,L,09-01-2013,481113898,9/25/2013,1149,668.27,502.54,767842.23,577418.46,190423.77
Europe,San Marino,Beverages,Online,M,7/22/2010,643155801,8/21/2010,2949,47.45,31.79,139930.05,93748.71,46181.34
Sub-Saharan Africa,Sao Tome and Principe,Fruits,Online,L,02-11-2011,636406505,03-07-2011,5682,9.33,6.92,53013.06,39319.44,13693.62
Sub-Saharan Africa,Guinea,Clothes,Online,C,1/16/2017,303102338,1/23/2017,3572,109.28,35.84,390348.16,128020.48,262327.68
Europe,Romania,Meat,Online,L,03-08-2012,455792129,3/29/2012,7874,421.89,364.69,3321961.86,2871569.06,450392.8
Asia,Malaysia,Meat,Online,C,9/24/2011,627337205,10-09-2011,1875,421.89,364.69,791043.75,683793.75,107250
Asia,Nepal,Clothes,Online,H,01-02-2013,420911395,02-05-2013,5890,109.28,35.84,643659.2,211097.6,432561.6
Australia and Oceania,Marshall Islands,Baby Food,Online,H,5/27/2014,860001027,6/25/2014,2270,255.28,159.42,579485.6,361883.4,217602.2
Europe,Lithuania,Baby Food,Offline,C,08-05-2011,338404929,9/19/2011,393,255.28,159.42,100325.04,62652.06,37672.98
Middle East and North Africa,Iran,Office Supplies,Offline,H,6/15/2016,470234429,7/22/2016,1672,651.21,524.96,1088823.12,877733.12,211090
Europe,Denmark,Baby Food,Online,L,06-07-2015,239913356,7/27/2015,4548,255.28,159.42,1161013.44,725042.16,435971.28
Sub-Saharan Africa,Namibia,Cereal,Offline,L,03-04-2011,952178037,4/14/2011,9495,205.7,117.11,1953121.5,1111959.45,841162.05
Asia,Japan,Vegetables,Offline,H,03-07-2011,382077300,03-12-2011,4019,154.06,90.93,619167.14,365447.67,253719.47
Middle East and North Africa,Lebanon,Snacks,Online,L,6/13/2016,424972474,6/15/2016,7654,152.58,97.44,1167847.32,745805.76,422041.56
Australia and Oceania,New Zealand,Cosmetics,Offline,M,02-09-2010,346537387,03-12-2010,6968,437.2,263.33,3046409.6,1834883.44,1211526.16
Sub-Saharan Africa,Nigeria,Vegetables,Online,C,3/19/2014,832758367,05-08-2014,561,154.06,90.93,86427.66,51011.73,35415.93
Sub-Saharan Africa,Guinea,Household,Online,M,3/27/2010,839934241,04-04-2010,4062,668.27,502.54,2714512.74,2041317.48,673195.26
North America,United States of America,Baby Food,Offline,C,01-01-2011,744676339,1/21/2011,5132,255.28,159.42,1310096.96,818143.44,491953.52
Europe,Kosovo,Meat,Offline,H,6/22/2011,993908488,7/26/2011,8463,421.89,364.69,3570455.07,3086371.47,484083.6
Europe,Ireland,Beverages,Offline,M,3/31/2015,754867017,4/14/2015,780,47.45,31.79,37011,24796.2,12214.8
Asia,Bangladesh,Fruits,Offline,C,8/16/2015,165100753,8/29/2015,5837,9.33,6.92,54459.21,40392.04,14067.17
Central America and the Caribbean,Nicaragua,Cereal,Online,H,7/20/2014,782471024,09-05-2014,9419,205.7,117.11,1937488.3,1103059.09,834429.21
Asia,India,Cosmetics,Online,H,3/29/2011,635151660,4/15/2011,4346,437.2,263.33,1900071.2,1144432.18,755639.02
Sub-Saharan Africa,Sao Tome and Principe,Baby Food,Online,L,7/22/2013,971628987,09-02-2013,5464,255.28,159.42,1394849.92,871070.88,523779.04
Asia,Vietnam,Vegetables,Offline,L,6/28/2011,410701835,7/25/2011,4654,154.06,90.93,716995.24,423188.22,293807.02
Sub-Saharan Africa,Rwanda,Fruits,Offline,L,3/27/2011,791481530,05-06-2011,5828,9.33,6.92,54375.24,40329.76,14045.48
Europe,Andorra,Office Supplies,Online,M,04-11-2016,423391902,5/20/2016,9927,651.21,524.96,6464561.67,5211277.92,1253283.75
Sub-Saharan Africa,Angola,Beverages,Online,H,01-05-2016,836169278,2/16/2016,9926,47.45,31.79,470988.7,315547.54,155441.16
Central America and the Caribbean,Grenada,Cereal,Online,M,04-07-2012,929862487,4/14/2012,5828,205.7,117.11,1198819.6,682517.08,516302.52
Central America and the Caribbean,Grenada,Beverages,Offline,H,07-01-2015,124832856,07-10-2015,9671,47.45,31.79,458888.95,307441.09,151447.86
North America,United States of America,Meat,Offline,L,9/22/2010,611754214,9/27/2010,521,421.89,364.69,219804.69,190003.49,29801.2
Middle East and North Africa,Oman,Snacks,Offline,M,4/30/2014,601612889,5/20/2014,9478,152.58,97.44,1446153.24,923536.32,522616.92
Sub-Saharan Africa,Lesotho,Clothes,Offline,L,3/31/2017,175707709,4/13/2017,4671,109.28,35.84,510446.88,167408.64,343038.24
Europe,Bulgaria,Cereal,Offline,L,6/23/2011,835650002,07-04-2011,6261,205.7,117.11,1287887.7,733225.71,554661.99
Middle East and North Africa,Syria,Household,Offline,H,08-04-2016,553363597,8/30/2016,1440,668.27,502.54,962308.8,723657.6,238651.2
Australia and Oceania,Fiji,Beverages,Offline,M,5/15/2015,521084821,6/19/2015,9433,47.45,31.79,447595.85,299875.07,147720.78
Asia,Philippines,Personal Care,Online,C,7/28/2010,201362502,7/29/2010,6494,81.73,56.67,530754.62,368014.98,162739.64
Europe,Iceland,Cereal,Online,M,08-11-2013,477057969,8/14/2013,909,205.7,117.11,186981.3,106452.99,80528.31
Sub-Saharan Africa,Guinea-Bissau,Baby Food,Online,H,6/15/2010,501345050,6/23/2010,7996,255.28,159.42,2041218.88,1274722.32,766496.56
Middle East and North Africa,Lebanon,Office Supplies,Offline,C,11-06-2010,847710072,12/21/2010,5103,651.21,524.96,3323124.63,2678870.88,644253.75
Australia and Oceania,Federated States of Micronesia,Snacks,Offline,L,04-03-2014,359951865,05-03-2014,6611,152.58,97.44,1008706.38,644175.84,364530.54
Middle East and North Africa,Lebanon,Cosmetics,Online,M,8/14/2013,202181756,9/28/2013,8929,437.2,263.33,3903758.8,2351273.57,1552485.23
North America,Mexico,Snacks,Online,M,4/24/2014,708823573,05-04-2014,5502,152.58,97.44,839495.16,536114.88,303380.28
Europe,Monaco,Personal Care,Online,M,3/16/2015,934613645,3/22/2015,1801,81.73,56.67,147195.73,102062.67,45133.06
Sub-Saharan Africa,Equatorial Guinea,Personal Care,Online,L,06-08-2012,904600799,6/14/2012,333,81.73,56.67,27216.09,18871.11,8344.98
Middle East and North Africa,Kuwait,Meat,Online,L,10/14/2010,264146363,11/26/2010,5634,421.89,364.69,2376928.26,2054663.46,322264.8
Australia and Oceania,Nauru,Vegetables,Offline,C,4/26/2012,528924167,06-04-2012,9270,154.06,90.93,1428136.2,842921.1,585215.1
Asia,Japan,Personal Care,Online,M,7/31/2012,134920537,8/29/2012,4840,81.73,56.67,395573.2,274282.8,121290.4
Sub-Saharan Africa,South Africa,Cereal,Online,C,12/24/2011,288434302,02-01-2012,2975,205.7,117.11,611957.5,348402.25,263555.25
Sub-Saharan Africa,Ghana,Vegetables,Offline,C,12/24/2011,916076791,12/28/2011,6335,154.06,90.93,975970.1,576041.55,399928.55
Europe,Macedonia,Clothes,Online,C,05-01-2011,214771831,05-02-2011,4612,109.28,35.84,503999.36,165294.08,338705.28
Europe,Malta,Clothes,Online,H,5/31/2017,501755750,6/19/2017,9531,109.28,35.84,1041547.68,341591.04,699956.64
Sub-Saharan Africa,Ghana,Household,Offline,L,03-05-2012,564577376,04-09-2012,9847,668.27,502.54,6580454.69,4948511.38,1631943.31
Europe,Croatia,Clothes,Offline,L,6/27/2016,611098039,08-04-2016,6344,109.28,35.84,693272.32,227368.96,465903.36
Europe,Estonia,Fruits,Offline,H,8/22/2010,919491565,8/29/2010,6842,9.33,6.92,63835.86,47346.64,16489.22
Australia and Oceania,Tuvalu,Cosmetics,Offline,L,11-06-2013,488244283,12-12-2013,1188,437.2,263.33,519393.6,312836.04,206557.56
Sub-Saharan Africa,Mauritius ,Meat,Offline,C,4/25/2012,186155021,4/27/2012,6262,421.89,364.69,2641875.18,2283688.78,358186.4
Middle East and North Africa,Tunisia ,Cosmetics,Offline,M,01-12-2016,502335107,1/13/2016,976,437.2,263.33,426707.2,257010.08,169697.12
Asia,Thailand,Cosmetics,Online,C,02-10-2017,196208369,2/24/2017,1271,437.2,263.33,555681.2,334692.43,220988.77
Middle East and North Africa,Afghanistan,Cereal,Offline,C,4/26/2016,347511136,06-01-2016,5122,205.7,117.11,1053595.4,599837.42,453757.98
Europe,Monaco,Clothes,Offline,M,09-09-2011,306292235,09-09-2011,7534,109.28,35.84,823315.52,270018.56,553296.96
Australia and Oceania,Solomon Islands,Household,Online,L,6/19/2017,842912995,6/21/2017,5542,668.27,502.54,3703552.34,2785076.68,918475.66
Middle East and North Africa,Iraq,Personal Care,Online,H,11/20/2014,998047244,12/19/2014,3213,81.73,56.67,262598.49,182080.71,80517.78
Europe,Bosnia and Herzegovina,Clothes,Offline,H,7/17/2016,332681310,8/14/2016,6647,109.28,35.84,726384.16,238228.48,488155.68
Asia,India,Household,Online,M,2/26/2017,278114020,04-02-2017,8974,668.27,502.54,5997054.98,4509793.96,1487261.02
Sub-Saharan Africa,Zambia,Personal Care,Online,M,07-06-2012,985956704,8/25/2012,5354,81.73,56.67,437582.42,303411.18,134171.24
Sub-Saharan Africa,Zambia,Clothes,Offline,L,10/31/2010,878133189,11-10-2010,7980,109.28,35.84,872054.4,286003.2,586051.2
Sub-Saharan Africa,Seychelles ,Vegetables,Online,H,10/23/2013,696879804,11-11-2013,1075,154.06,90.93,165614.5,97749.75,67864.75
Australia and Oceania,Vanuatu,Meat,Online,H,11-11-2012,354745376,11/25/2012,5895,421.89,364.69,2487041.55,2149847.55,337194
Europe,Netherlands,Baby Food,Offline,M,08-11-2015,284591233,9/30/2015,5725,255.28,159.42,1461478,912679.5,548798.5
Sub-Saharan Africa,Democratic Republic of the Congo,Baby Food,Offline,C,10/21/2011,989591205,11-05-2011,883,255.28,159.42,225412.24,140767.86,84644.38
Middle East and North Africa,Pakistan,Cosmetics,Offline,H,12/26/2014,793231618,01-12-2015,3718,437.2,263.33,1625509.6,979060.94,646448.66
Sub-Saharan Africa,Gabon,Office Supplies,Offline,H,3/31/2013,789311301,5/17/2013,3609,651.21,524.96,2350216.89,1894580.64,455636.25
Australia and Oceania,Tuvalu,Fruits,Online,C,11/24/2010,791941583,12-04-2010,1968,9.33,6.92,18361.44,13618.56,4742.88
Asia,China,Office Supplies,Offline,L,02-05-2017,685546290,02-07-2017,7237,651.21,524.96,4712806.77,3799135.52,913671.25
Sub-Saharan Africa,Mali,Vegetables,Offline,H,10/13/2011,874861752,11-12-2011,9889,154.06,90.93,1523499.34,899206.77,624292.57
Sub-Saharan Africa,Central African Republic,Household,Offline,C,01-09-2010,934936797,2/18/2010,7429,668.27,502.54,4964577.83,3733369.66,1231208.17
Australia and Oceania,New Zealand,Meat,Online,C,10/24/2012,961132752,12-03-2012,9395,421.89,364.69,3963656.55,3426262.55,537394
Middle East and North Africa,Oman,Fruits,Online,H,11-10-2010,219123446,12-08-2010,2352,9.33,6.92,21944.16,16275.84,5668.32
Asia,Bhutan,Cosmetics,Offline,H,1/25/2011,294895207,02-09-2011,4900,437.2,263.33,2142280,1290317,851963
Middle East and North Africa,Syria,Office Supplies,Offline,H,1/20/2010,144746863,1/20/2010,2668,651.21,524.96,1737428.28,1400593.28,336835
Sub-Saharan Africa,Ethiopia,Beverages,Offline,H,1/28/2013,145289742,3/16/2013,3318,47.45,31.79,157439.1,105479.22,51959.88
Sub-Saharan Africa,Republic of the Congo,Snacks,Offline,H,02-04-2015,743447673,02-05-2015,1542,152.58,97.44,235278.36,150252.48,85025.88
Middle East and North Africa,Saudi Arabia,Snacks,Offline,C,2/17/2012,206456983,3/20/2012,4064,152.58,97.44,620085.12,395996.16,224088.96
Sub-Saharan Africa,Madagascar,Beverages,Offline,H,8/19/2012,471866500,9/27/2012,4638,47.45,31.79,220073.1,147442.02,72631.08
Sub-Saharan Africa,Guinea,Snacks,Offline,H,12/22/2010,397537553,1/28/2011,9051,152.58,97.44,1381001.58,881929.44,499072.14
Australia and Oceania,Australia,Cosmetics,Online,C,12-11-2013,711643970,01-11-2014,120,437.2,263.33,52464,31599.6,20864.4
Sub-Saharan Africa,Togo,Meat,Offline,C,04-04-2014,862672078,05-11-2014,2693,421.89,364.69,1136149.77,982110.17,154039.6
Sub-Saharan Africa,The Gambia,Meat,Online,C,1/17/2017,369420707,1/27/2017,8651,421.89,364.69,3649770.39,3154933.19,494837.2
Europe,Moldova ,Vegetables,Online,L,5/15/2013,171001183,06-04-2013,1905,154.06,90.93,293484.3,173221.65,120262.65
Middle East and North Africa,Saudi Arabia,Household,Online,H,04-12-2014,376837337,05-05-2014,3397,668.27,502.54,2270113.19,1707128.38,562984.81
Europe,Liechtenstein,Meat,Online,C,9/28/2016,716665494,11-05-2016,6100,421.89,364.69,2573529,2224609,348920
North America,Canada,Fruits,Offline,H,01-06-2015,990534484,1/30/2015,21,9.33,6.92,195.93,145.32,50.61
Asia,Thailand,Snacks,Offline,L,12/25/2011,618805634,12/28/2011,7193,152.58,97.44,1097507.94,700885.92,396622.02
Asia,Malaysia,Office Supplies,Online,H,5/20/2015,892152774,6/24/2015,6686,651.21,524.96,4353990.06,3509882.56,844107.5
Middle East and North Africa,Algeria,Beverages,Online,H,4/21/2011,921562230,06-03-2011,9598,47.45,31.79,455425.1,305120.42,150304.68
North America,Canada,Vegetables,Offline,H,5/25/2013,788332831,07-02-2013,4058,154.06,90.93,625175.48,368993.94,256181.54
Europe,Andorra,Vegetables,Online,M,09-02-2013,194075906,10/17/2013,228,154.06,90.93,35125.68,20732.04,14393.64
Sub-Saharan Africa,Niger,Clothes,Online,H,7/18/2016,710715281,8/14/2016,5300,109.28,35.84,579184,189952,389232
Central America and the Caribbean,Antigua and Barbuda ,Cereal,Offline,M,5/15/2012,830487287,5/24/2012,8498,205.7,117.11,1748038.6,995200.78,752837.82
Middle East and North Africa,Azerbaijan,Cosmetics,Offline,C,6/27/2011,915940749,07-05-2011,6077,437.2,263.33,2656864.4,1600256.41,1056607.99
Europe,Armenia,Cosmetics,Online,L,2/26/2010,949936997,2/27/2010,6322,437.2,263.33,2763978.4,1664772.26,1099206.14
Australia and Oceania,Fiji,Snacks,Offline,L,1/22/2017,985649859,1/26/2017,4552,152.58,97.44,694544.16,443546.88,250997.28
Asia,Brunei,Cosmetics,Offline,L,09-01-2011,696565663,10/18/2011,8114,437.2,263.33,3547440.8,2136659.62,1410781.18
Sub-Saharan Africa,Mozambique,Clothes,Offline,L,2/22/2016,726483237,04-08-2016,1389,109.28,35.84,151789.92,49781.76,102008.16
North America,United States of America,Personal Care,Online,L,11/14/2015,439513909,12/16/2015,788,81.73,56.67,64403.24,44655.96,19747.28
Sub-Saharan Africa,Ghana,Snacks,Online,C,3/20/2016,170081508,4/15/2016,9753,152.58,97.44,1488112.74,950332.32,537780.42
Australia and Oceania,Marshall Islands,Office Supplies,Online,M,1/20/2016,772922360,1/30/2016,3757,651.21,524.96,2446595.97,1972274.72,474321.25
Australia and Oceania,Fiji,Meat,Offline,H,07-08-2011,473085296,07-12-2011,5307,421.89,364.69,2238970.23,1935409.83,303560.4
Europe,Slovakia,Clothes,Offline,M,12/18/2014,715931642,1/31/2015,8937,109.28,35.84,976635.36,320302.08,656333.28
Sub-Saharan Africa,Ethiopia,Baby Food,Offline,H,4/22/2013,317135226,4/22/2013,6216,255.28,159.42,1586820.48,990954.72,595865.76
Sub-Saharan Africa,Equatorial Guinea,Cereal,Online,H,3/30/2017,412682378,04-08-2017,741,205.7,117.11,152423.7,86778.51,65645.19
Sub-Saharan Africa,Sudan,Meat,Online,M,1/14/2012,408871924,2/29/2012,3143,421.89,364.69,1326000.27,1146220.67,179779.6
Europe,Spain,Snacks,Online,C,4/17/2014,232315194,06-01-2014,6083,152.58,97.44,928144.14,592727.52,335416.62
Europe,Andorra,Household,Offline,M,03-10-2015,779936015,4/13/2015,9254,668.27,502.54,6184170.58,4650505.16,1533665.42
Sub-Saharan Africa,Mauritania,Fruits,Offline,H,7/15/2014,768970715,7/16/2014,4378,9.33,6.92,40846.74,30295.76,10550.98
Asia,Nepal,Baby Food,Offline,L,12/29/2016,786968123,1/22/2017,211,255.28,159.42,53864.08,33637.62,20226.46
Australia and Oceania,Tonga,Cosmetics,Offline,H,2/24/2013,141789567,04-08-2013,7539,437.2,263.33,3296050.8,1985244.87,1310805.93
Sub-Saharan Africa,Ghana,Beverages,Offline,M,7/31/2013,911608874,09-05-2013,4179,47.45,31.79,198293.55,132850.41,65443.14
Central America and the Caribbean,Belize,Fruits,Offline,L,10/14/2014,294912374,11/28/2014,9980,9.33,6.92,93113.4,69061.6,24051.8
Australia and Oceania,New Zealand,Fruits,Online,L,7/16/2010,960498893,7/16/2010,1822,9.33,6.92,16999.26,12608.24,4391.02
Europe,Greece,Snacks,Offline,H,10/30/2010,697479760,12/15/2010,8615,152.58,97.44,1314476.7,839445.6,475031.1
Central America and the Caribbean,Haiti,Beverages,Offline,M,05-08-2015,965278804,5/21/2015,6304,47.45,31.79,299124.8,200404.16,98720.64
Europe,Macedonia,Fruits,Online,M,4/14/2017,143632352,5/31/2017,2860,9.33,6.92,26683.8,19791.2,6892.6
Sub-Saharan Africa,Tanzania,Meat,Online,L,09-03-2014,282589232,10-04-2014,3288,421.89,364.69,1387174.32,1199100.72,188073.6
Asia,Japan,Cosmetics,Offline,C,03-09-2014,352510774,3/20/2014,4626,437.2,263.33,2022487.2,1218164.58,804322.62
Middle East and North Africa,Saudi Arabia,Cereal,Offline,H,3/16/2012,294070804,04-08-2012,941,205.7,117.11,193563.7,110200.51,83363.19
Sub-Saharan Africa,Ghana,Meat,Offline,M,10-02-2013,568255650,10/17/2013,8330,421.89,364.69,3514343.7,3037867.7,476476
Europe,Bosnia and Herzegovina,Snacks,Offline,L,7/18/2013,806364142,08-10-2013,9924,152.58,97.44,1514203.92,966994.56,547209.36
Europe,Lithuania,Office Supplies,Offline,L,12-11-2014,260007607,1/27/2015,884,651.21,524.96,575669.64,464064.64,111605
Asia,India,Meat,Online,H,01-08-2011,951109874,02-02-2011,3402,421.89,364.69,1435269.78,1240675.38,194594.4
Asia,Brunei,Cosmetics,Offline,L,1/18/2011,921907269,1/25/2011,1703,437.2,263.33,744551.6,448450.99,296100.61
Central America and the Caribbean,Dominican Republic,Personal Care,Offline,C,01-05-2014,984948623,02-10-2014,7040,81.73,56.67,575379.2,398956.8,176422.4
Sub-Saharan Africa,Sudan,Household,Offline,M,5/22/2012,673095262,06-02-2012,2700,668.27,502.54,1804329,1356858,447471
Europe,Lithuania,Office Supplies,Online,H,1/29/2011,489521014,2/23/2011,9001,651.21,524.96,5861541.21,4725164.96,1136376.25
Central America and the Caribbean,Belize,Personal Care,Online,L,1/15/2016,557712209,2/17/2016,8291,81.73,56.67,677623.43,469850.97,207772.46
Middle East and North Africa,Bahrain,Baby Food,Offline,C,5/17/2015,171467673,06-12-2015,9950,255.28,159.42,2540036,1586229,953807
Sub-Saharan Africa,South Africa,Fruits,Online,C,5/22/2013,944898736,06-02-2013,5389,9.33,6.92,50279.37,37291.88,12987.49
Sub-Saharan Africa,Guinea-Bissau,Baby Food,Offline,H,09-02-2011,962429225,10-05-2011,3050,255.28,159.42,778604,486231,292373
Sub-Saharan Africa,Nigeria,Snacks,Online,C,11-12-2012,628795468,12/30/2012,3407,152.58,97.44,519840.06,331978.08,187861.98
Europe,Moldova ,Cosmetics,Online,H,11/29/2016,419046294,11/30/2016,3965,437.2,263.33,1733498,1044103.45,689394.55
Sub-Saharan Africa,Kenya,Fruits,Online,M,3/24/2017,428543031,3/29/2017,4261,9.33,6.92,39755.13,29486.12,10269.01
North America,Greenland,Personal Care,Online,H,02-01-2012,822959506,02-05-2012,861,81.73,56.67,70369.53,48792.87,21576.66
Middle East and North Africa,Saudi Arabia,Cosmetics,Offline,L,12/20/2015,488282048,12/30/2015,2364,437.2,263.33,1033540.8,622512.12,411028.68
Sub-Saharan Africa,Liberia,Office Supplies,Offline,M,05-07-2010,180809485,5/28/2010,4400,651.21,524.96,2865324,2309824,555500
Asia,Brunei,Cereal,Online,C,8/17/2015,277153146,8/17/2015,4630,205.7,117.11,952391,542219.3,410171.7
Asia,Singapore,Vegetables,Online,M,8/13/2011,324236857,10-01-2011,7746,154.06,90.93,1193348.76,704343.78,489004.98
Middle East and North Africa,Algeria,Beverages,Online,C,1/22/2017,389296948,2/19/2017,473,47.45,31.79,22443.85,15036.67,7407.18
Central America and the Caribbean,Trinidad and Tobago,Snacks,Offline,L,02-12-2010,609882247,3/27/2010,6565,152.58,97.44,1001687.7,639693.6,361994.1
Australia and Oceania,Samoa ,Clothes,Offline,M,06-12-2015,743854081,6/17/2015,1808,109.28,35.84,197578.24,64798.72,132779.52
Sub-Saharan Africa,South Africa,Office Supplies,Offline,L,2/14/2017,619386279,03-09-2017,9019,651.21,524.96,5873262.99,4734614.24,1138648.75
Asia,Brunei,Cosmetics,Offline,L,06-07-2015,584965169,6/16/2015,3048,437.2,263.33,1332585.6,802629.84,529955.76
Europe,Moldova ,Snacks,Offline,M,07-04-2015,159389579,7/26/2015,5773,152.58,97.44,880844.34,562521.12,318323.22
Asia,Malaysia,Household,Online,C,12/24/2015,281770837,1/21/2016,1107,668.27,502.54,739774.89,556311.78,183463.11
Middle East and North Africa,Turkey,Cereal,Online,M,10-01-2012,161532771,11-05-2012,9991,205.7,117.11,2055148.7,1170046.01,885102.69
Middle East and North Africa,Libya,Fruits,Online,C,5/16/2010,428411710,5/28/2010,5400,9.33,6.92,50382,37368,13014
Europe,Vatican City,Meat,Offline,H,8/30/2010,882456481,9/18/2010,7338,421.89,364.69,3095828.82,2676095.22,419733.6
Sub-Saharan Africa,Republic of the Congo,Beverages,Offline,L,07-06-2016,944028413,08-01-2016,7841,47.45,31.79,372055.45,249265.39,122790.06
Sub-Saharan Africa,Angola,Meat,Offline,H,12-08-2012,103801333,1/21/2013,5976,421.89,364.69,2521214.64,2179387.44,341827.2
Middle East and North Africa,Afghanistan,Fruits,Online,C,4/27/2016,172761571,06-11-2016,2843,9.33,6.92,26525.19,19673.56,6851.63
Europe,Finland,Cereal,Online,H,01-08-2010,332207953,2/18/2010,6571,205.7,117.11,1351654.7,769529.81,582124.89
Europe,Bosnia and Herzegovina,Clothes,Offline,M,05-03-2016,283751809,05-09-2016,7321,109.28,35.84,800038.88,262384.64,537654.24
Europe,Slovakia,Cereal,Online,H,12/21/2016,699316966,12/26/2016,2285,205.7,117.11,470024.5,267596.35,202428.15
Middle East and North Africa,Somalia,Meat,Offline,L,06-02-2017,971139752,6/15/2017,688,421.89,364.69,290260.32,250906.72,39353.6
Europe,Armenia,Snacks,Offline,M,11/15/2012,561768996,12/30/2012,8785,152.58,97.44,1340415.3,856010.4,484404.9
Middle East and North Africa,Tunisia ,Office Supplies,Online,M,9/29/2014,354066026,10/26/2014,4860,651.21,524.96,3164880.6,2551305.6,613575
Middle East and North Africa,Algeria,Snacks,Offline,M,7/27/2016,401204669,8/24/2016,4232,152.58,97.44,645718.56,412366.08,233352.48
Sub-Saharan Africa,Tanzania,Cosmetics,Offline,C,12/16/2012,376671254,01-11-2013,4249,437.2,263.33,1857662.8,1118889.17,738773.63
Sub-Saharan Africa,Ghana,Beverages,Online,C,12-08-2010,924264609,1/16/2011,9292,47.45,31.79,440905.4,295392.68,145512.72
Australia and Oceania,New Zealand,Cosmetics,Online,M,01-09-2011,508096063,2/26/2011,5771,437.2,263.33,2523081.2,1519677.43,1003403.77
Asia,North Korea,Baby Food,Online,C,01-09-2011,362589442,1/30/2011,7128,255.28,159.42,1819635.84,1136345.76,683290.08
Europe,Switzerland,Meat,Online,L,5/16/2017,442481076,6/27/2017,8838,421.89,364.69,3728663.82,3223130.22,505533.6
Middle East and North Africa,Israel,Personal Care,Online,C,1/26/2011,772819793,2/26/2011,3405,81.73,56.67,278290.65,192961.35,85329.3
Sub-Saharan Africa,Nigeria,Cereal,Online,L,1/15/2012,998966920,02-07-2012,5366,205.7,117.11,1103786.2,628412.26,475373.94
Central America and the Caribbean,El Salvador,Beverages,Offline,C,10-08-2014,836596286,11/17/2014,6287,47.45,31.79,298318.15,199863.73,98454.42
Europe,Spain,Household,Online,M,10/23/2014,521694219,11-10-2014,9767,668.27,502.54,6526993.09,4908308.18,1618684.91
Australia and Oceania,New Zealand,Cereal,Online,H,7/25/2012,360559546,8/24/2012,6437,205.7,117.11,1324090.9,753837.07,570253.83
Europe,Austria,Personal Care,Offline,H,1/28/2017,279803597,02-10-2017,8957,81.73,56.67,732055.61,507593.19,224462.42
Middle East and North Africa,Kuwait,Clothes,Online,H,12-12-2011,276350200,1/26/2012,7020,109.28,35.84,767145.6,251596.8,515548.8
Middle East and North Africa,Yemen,Beverages,Online,C,2/17/2012,867435681,2/28/2012,2349,47.45,31.79,111460.05,74674.71,36785.34
Europe,Serbia,Meat,Online,L,9/18/2014,840608870,10/30/2014,3700,421.89,364.69,1560993,1349353,211640
Sub-Saharan Africa,Democratic Republic of the Congo,Household,Online,C,4/15/2010,403731095,05-11-2010,1858,668.27,502.54,1241645.66,933719.32,307926.34
Middle East and North Africa,Tunisia ,Household,Online,C,12/29/2016,734976184,02-09-2017,4640,668.27,502.54,3100772.8,2331785.6,768987.2
Middle East and North Africa,Morocco,Meat,Offline,C,03-12-2016,832830464,4/13/2016,1897,421.89,364.69,800325.33,691816.93,108508.4
Middle East and North Africa,Egypt,Fruits,Online,C,10/21/2016,666092765,11/16/2016,506,9.33,6.92,4720.98,3501.52,1219.46
North America,Mexico,Clothes,Online,H,09-03-2013,723874413,9/21/2013,9380,109.28,35.84,1025046.4,336179.2,688867.2
Middle East and North Africa,Bahrain,Beverages,Offline,H,1/22/2014,665599238,03-03-2014,4461,47.45,31.79,211674.45,141815.19,69859.26
Sub-Saharan Africa,Gabon,Personal Care,Online,C,2/25/2011,671003568,04-02-2011,3722,81.73,56.67,304199.06,210925.74,93273.32
Europe,Macedonia,Office Supplies,Offline,M,7/23/2010,990136229,8/31/2010,2168,651.21,524.96,1411823.28,1138113.28,273710
Middle East and North Africa,Algeria,Beverages,Offline,L,5/20/2011,593358552,07-07-2011,6836,47.45,31.79,324368.2,217316.44,107051.76
Europe,Georgia,Clothes,Offline,L,01-01-2010,321344363,2/16/2010,1793,109.28,35.84,195939.04,64261.12,131677.92
Europe,Belarus,Office Supplies,Offline,C,06-08-2011,635079991,07-09-2011,3137,651.21,524.96,2042845.77,1646799.52,396046.25
Central America and the Caribbean,Saint Lucia,Cosmetics,Offline,M,5/28/2010,265864264,07-07-2010,3999,437.2,263.33,1748362.8,1053056.67,695306.13
Australia and Oceania,Palau,Office Supplies,Offline,M,04-11-2010,265308511,05-04-2010,9539,651.21,524.96,6211892.19,5007593.44,1204298.75
Middle East and North Africa,Morocco,Office Supplies,Offline,C,09-07-2011,855336558,9/24/2011,1950,651.21,524.96,1269859.5,1023672,246187.5
Middle East and North Africa,Qatar,Cosmetics,Offline,L,05-02-2016,978184735,5/27/2016,5455,437.2,263.33,2384926,1436465.15,948460.85
Middle East and North Africa,Syria,Beverages,Offline,C,8/22/2015,546401870,9/26/2015,1310,47.45,31.79,62159.5,41644.9,20514.6
Europe,Italy,Meat,Online,L,3/20/2017,892849290,3/20/2017,2801,421.89,364.69,1181713.89,1021496.69,160217.2
Middle East and North Africa,Azerbaijan,Baby Food,Offline,L,10/28/2010,720700824,11-10-2010,244,255.28,159.42,62288.32,38898.48,23389.84
Australia and Oceania,Solomon Islands,Cereal,Offline,M,7/26/2017,153442800,8/22/2017,5989,205.7,117.11,1231937.3,701371.79,530565.51
Central America and the Caribbean,Panama,Clothes,Offline,C,5/27/2010,284874045,6/30/2010,9415,109.28,35.84,1028871.2,337433.6,691437.6
Sub-Saharan Africa,Mauritania,Office Supplies,Offline,H,05-08-2016,929105889,6/18/2016,1934,651.21,524.96,1259440.14,1015272.64,244167.5
Central America and the Caribbean,El Salvador,Snacks,Offline,L,4/14/2014,170562160,5/25/2014,1988,152.58,97.44,303329.04,193710.72,109618.32
Australia and Oceania,Marshall Islands,Meat,Online,C,06-04-2014,213979184,7/17/2014,51,421.89,364.69,21516.39,18599.19,2917.2
Middle East and North Africa,Morocco,Snacks,Offline,M,9/14/2016,634405791,10/27/2016,3626,152.58,97.44,553255.08,353317.44,199937.64
Sub-Saharan Africa,Angola,Fruits,Online,M,7/17/2014,627203309,09-04-2014,2252,9.33,6.92,21011.16,15583.84,5427.32
Australia and Oceania,Australia,Cereal,Offline,L,10/13/2013,358045566,10/21/2013,2494,205.7,117.11,513015.8,292072.34,220943.46
Europe,Vatican City,Office Supplies,Offline,M,10-08-2013,512918889,11-10-2013,2952,651.21,524.96,1922371.92,1549681.92,372690
Europe,Kosovo,Meat,Online,L,02-11-2011,948122107,03-03-2011,9256,421.89,364.69,3905013.84,3375570.64,529443.2
Europe,Estonia,Vegetables,Online,C,1/28/2011,240266549,03-03-2011,9066,154.06,90.93,1396707.96,824371.38,572336.58
Central America and the Caribbean,Antigua and Barbuda ,Baby Food,Online,C,03-07-2016,636276042,3/30/2016,7075,255.28,159.42,1806106,1127896.5,678209.5
Asia,Uzbekistan,Fruits,Offline,H,11/21/2014,403386914,11/23/2014,7,9.33,6.92,65.31,48.44,16.87
Central America and the Caribbean,Costa Rica,Baby Food,Online,L,8/24/2015,579147994,9/17/2015,1616,255.28,159.42,412532.48,257622.72,154909.76
Middle East and North Africa,Somalia,Beverages,Online,C,10/25/2012,921420609,10/27/2012,7689,47.45,31.79,364843.05,244433.31,120409.74
Sub-Saharan Africa,Swaziland,Clothes,Online,H,3/14/2013,358378589,4/26/2013,1043,109.28,35.84,113979.04,37381.12,76597.92
Middle East and North Africa,Israel,Cereal,Offline,L,1/28/2017,138508260,02-07-2017,6527,205.7,117.11,1342603.9,764376.97,578226.93
Middle East and North Africa,Egypt,Office Supplies,Online,H,06-09-2014,680608451,6/20/2014,6020,651.21,524.96,3920284.2,3160259.2,760025
Sub-Saharan Africa,Kenya,Cereal,Offline,L,6/27/2011,223790490,07-11-2011,3434,205.7,117.11,706373.8,402155.74,304218.06
Europe,Estonia,Household,Online,C,9/13/2011,677478206,10-09-2011,9711,668.27,502.54,6489569.97,4880165.94,1609404.03
Asia,Malaysia,Cosmetics,Online,M,1/18/2012,871407926,02-02-2012,7825,437.2,263.33,3421090,2060557.25,1360532.75
Central America and the Caribbean,Cuba,Baby Food,Online,M,05-11-2014,605628478,6/22/2014,7780,255.28,159.42,1986078.4,1240287.6,745790.8
Europe,Greece,Cosmetics,Offline,C,12-10-2013,200501191,01-05-2014,1613,437.2,263.33,705203.6,424751.29,280452.31
Europe,Bulgaria,Snacks,Offline,H,12/20/2010,946699893,1/18/2011,8391,152.58,97.44,1280298.78,817619.04,462679.74
Middle East and North Africa,Lebanon,Clothes,Offline,H,3/29/2014,155210912,4/22/2014,9213,109.28,35.84,1006796.64,330193.92,676602.72
Middle East and North Africa,Morocco,Cereal,Offline,M,09-11-2014,607333076,10-02-2014,2208,205.7,117.11,454185.6,258578.88,195606.72
Europe,Latvia,Vegetables,Offline,L,11/27/2011,204677712,01-12-2012,7538,154.06,90.93,1161304.28,685430.34,475873.94
Middle East and North Africa,Libya,Meat,Offline,M,4/19/2010,519168651,4/30/2010,2396,421.89,364.69,1010848.44,873797.24,137051.2
Australia and Oceania,Tonga,Cereal,Offline,H,5/15/2015,943042218,6/28/2015,6004,205.7,117.11,1235022.8,703128.44,531894.36
Europe,Russia,Clothes,Offline,H,9/26/2014,938847243,10-04-2014,4617,109.28,35.84,504545.76,165473.28,339072.48
Europe,Armenia,Snacks,Offline,H,3/27/2012,489445054,4/28/2012,6523,152.58,97.44,995279.34,635601.12,359678.22
Europe,Monaco,Baby Food,Online,M,7/21/2016,548009479,8/20/2016,7038,255.28,159.42,1796660.64,1121997.96,674662.68
Sub-Saharan Africa,Namibia,Vegetables,Online,H,9/21/2014,788026845,10/25/2014,3510,154.06,90.93,540750.6,319164.3,221586.3
Sub-Saharan Africa,Guinea,Vegetables,Online,L,10-09-2013,953295981,10/19/2013,320,154.06,90.93,49299.2,29097.6,20201.6
Europe,Monaco,Beverages,Online,M,3/23/2014,407928216,05-03-2014,3879,47.45,31.79,184058.55,123313.41,60745.14
Europe,Liechtenstein,Office Supplies,Online,M,11/16/2013,386347377,12/30/2013,7629,651.21,524.96,4968081.09,4004919.84,963161.25
Asia,Vietnam,Clothes,Offline,M,08-06-2011,843289792,08-07-2011,7044,109.28,35.84,769768.32,252456.96,517311.36
Europe,Switzerland,Beverages,Online,C,02-05-2011,903804290,3/13/2011,4629,47.45,31.79,219646.05,147155.91,72490.14
Middle East and North Africa,Tunisia ,Household,Offline,H,2/28/2017,213252198,3/31/2017,4919,668.27,502.54,3287220.13,2471994.26,815225.87
Europe,Ukraine,Baby Food,Offline,C,9/13/2016,287307345,9/21/2016,9483,255.28,159.42,2420820.24,1511779.86,909040.38
Europe,Cyprus,Meat,Offline,C,11-05-2012,461956059,11-09-2012,1919,421.89,364.69,809606.91,699840.11,109766.8
Asia,Nepal,Snacks,Online,H,7/27/2013,143497169,09-08-2013,2856,152.58,97.44,435768.48,278288.64,157479.84
Middle East and North Africa,Afghanistan,Meat,Online,C,10-06-2012,158542001,10/16/2012,4956,421.89,364.69,2090886.84,1807403.64,283483.2
Middle East and North Africa,Iran,Baby Food,Online,M,10-01-2016,504014384,11-03-2016,7911,255.28,159.42,2019520.08,1261171.62,758348.46
Sub-Saharan Africa,Kenya,Snacks,Offline,L,3/13/2010,797150647,3/13/2010,3446,152.58,97.44,525790.68,335778.24,190012.44
Australia and Oceania,Kiribati,Fruits,Online,H,11/27/2012,725499618,01-04-2013,314,9.33,6.92,2929.62,2172.88,756.74
Europe,United Kingdom,Office Supplies,Offline,H,6/20/2015,496922624,7/27/2015,9302,651.21,524.96,6057555.42,4883177.92,1174377.5
Sub-Saharan Africa,Madagascar,Household,Online,C,4/23/2013,389593493,5/19/2013,8227,668.27,502.54,5497857.29,4134396.58,1363460.71
Australia and Oceania,Australia,Beverages,Online,L,07-04-2010,301998555,8/20/2010,6938,47.45,31.79,329208.1,220559.02,108649.08
Europe,Monaco,Office Supplies,Offline,H,12/23/2015,202936637,1/22/2016,2315,651.21,524.96,1507551.15,1215282.4,292268.75
Sub-Saharan Africa,Kenya,Clothes,Offline,M,12/28/2016,581519067,1/15/2017,3269,109.28,35.84,357236.32,117160.96,240075.36
Sub-Saharan Africa,Kenya,Cosmetics,Online,M,3/30/2013,197169673,5/13/2013,5743,437.2,263.33,2510839.6,1512304.19,998535.41
Middle East and North Africa,Algeria,Cereal,Online,C,1/23/2013,129624783,1/25/2013,7709,205.7,117.11,1585741.3,902800.99,682940.31
Asia,Bangladesh,Meat,Online,H,6/28/2014,628933227,7/24/2014,4173,421.89,364.69,1760546.97,1521851.37,238695.6
Europe,Estonia,Clothes,Offline,M,8/15/2016,665456330,8/27/2016,2171,109.28,35.84,237246.88,77808.64,159438.24
North America,Canada,Household,Offline,L,11-04-2015,179867923,12/20/2015,5770,668.27,502.54,3855917.9,2899655.8,956262.1
Sub-Saharan Africa,South Sudan,Meat,Offline,L,03-01-2017,533154332,3/25/2017,1070,421.89,364.69,451422.3,390218.3,61204
Asia,Kazakhstan,Clothes,Online,H,4/25/2015,456614387,5/30/2015,1199,109.28,35.84,131026.72,42972.16,88054.56
Central America and the Caribbean,Dominica,Household,Online,M,8/26/2013,101859414,9/21/2013,1319,668.27,502.54,881448.13,662850.26,218597.87
Europe,Portugal,Meat,Online,C,10/26/2012,590813243,12-03-2012,3623,421.89,364.69,1528507.47,1321271.87,207235.6
Europe,Switzerland,Vegetables,Online,C,07-09-2014,865712201,7/29/2014,2333,154.06,90.93,359421.98,212139.69,147282.29
Australia and Oceania,Palau,Office Supplies,Online,H,03-01-2010,839105117,3/14/2010,8706,651.21,524.96,5669434.26,4570301.76,1099132.5
Australia and Oceania,Federated States of Micronesia,Meat,Offline,H,12-11-2014,943853318,12/30/2014,6026,421.89,364.69,2542309.14,2197621.94,344687.2
Australia and Oceania,Samoa ,Clothes,Online,M,1/16/2011,783130633,2/14/2011,4612,109.28,35.84,503999.36,165294.08,338705.28
Europe,Norway,Snacks,Online,M,12/30/2011,480423390,2/17/2012,6812,152.58,97.44,1039374.96,663761.28,375613.68
Middle East and North Africa,Egypt,Household,Offline,H,6/23/2013,229530417,07-12-2013,2006,668.27,502.54,1340549.62,1008095.24,332454.38
Sub-Saharan Africa,Mauritius ,Clothes,Offline,C,3/19/2012,744563043,05-06-2012,1605,109.28,35.84,175394.4,57523.2,117871.2
Europe,Russia,Snacks,Offline,L,5/16/2017,109945094,6/13/2017,4051,152.58,97.44,618101.58,394729.44,223372.14
Asia,Singapore,Vegetables,Offline,H,6/15/2016,530412900,07-02-2016,9819,154.06,90.93,1512715.14,892841.67,619873.47
Asia,Laos,Clothes,Online,H,12/19/2016,681015288,12/30/2016,6412,109.28,35.84,700703.36,229806.08,470897.28
Central America and the Caribbean,Guatemala,Office Supplies,Online,M,4/29/2012,657113587,5/19/2012,3368,651.21,524.96,2193275.28,1768065.28,425210
Europe,Hungary,Clothes,Offline,H,12/15/2015,624381625,1/25/2016,7253,109.28,35.84,792607.84,259947.52,532660.32
Sub-Saharan Africa,South Sudan,Snacks,Offline,L,1/17/2012,368805730,2/19/2012,6666,152.58,97.44,1017098.28,649535.04,367563.24
Asia,Kyrgyzstan,Beverages,Online,M,05-09-2012,646684730,6/25/2012,7237,47.45,31.79,343395.65,230064.23,113331.42
Sub-Saharan Africa,Democratic Republic of the Congo,Snacks,Offline,H,7/28/2014,934629952,09-11-2014,6627,152.58,97.44,1011147.66,645734.88,365412.78
Asia,Laos,Beverages,Online,C,8/26/2013,779565227,9/21/2013,9529,47.45,31.79,452151.05,302926.91,149224.14
Middle East and North Africa,Israel,Household,Online,L,03-12-2013,248726880,3/16/2013,2666,668.27,502.54,1781607.82,1339771.64,441836.18
Central America and the Caribbean,The Bahamas,Fruits,Offline,L,1/28/2014,379663741,03-03-2014,9793,9.33,6.92,91368.69,67767.56,23601.13
Central America and the Caribbean,Barbados,Fruits,Online,C,8/31/2010,930237138,9/28/2010,6696,9.33,6.92,62473.68,46336.32,16137.36
Australia and Oceania,Papua New Guinea,Vegetables,Offline,L,4/28/2017,828620898,06-08-2017,6192,154.06,90.93,953939.52,563038.56,390900.96
Europe,Malta,Cereal,Offline,C,8/16/2011,423301351,9/25/2011,3131,205.7,117.11,644046.7,366671.41,277375.29
Australia and Oceania,Papua New Guinea,Cosmetics,Offline,H,11-04-2013,133077323,12-04-2013,9392,437.2,263.33,4106182.4,2473195.36,1632987.04
North America,United States of America,Clothes,Offline,L,1/15/2015,897060143,2/13/2015,8886,109.28,35.84,971062.08,318474.24,652587.84
Europe,Serbia,Office Supplies,Offline,L,2/13/2011,124673640,3/30/2011,2556,651.21,524.96,1664492.76,1341797.76,322695
Australia and Oceania,Vanuatu,Vegetables,Offline,C,3/14/2014,245654141,4/29/2014,3374,154.06,90.93,519798.44,306797.82,213000.62
Sub-Saharan Africa,Cape Verde,Clothes,Online,C,12/15/2010,160050475,1/27/2011,1347,109.28,35.84,147200.16,48276.48,98923.68
Asia,Malaysia,Household,Online,M,11-06-2011,188223969,11-10-2011,8510,668.27,502.54,5686977.7,4276615.4,1410362.3
Asia,China,Vegetables,Online,L,1/16/2017,720848453,03-01-2017,3931,154.06,90.93,605609.86,357445.83,248164.03
Europe,Cyprus,Meat,Offline,L,8/19/2012,868910253,9/19/2012,8708,421.89,364.69,3673818.12,3175720.52,498097.6
Asia,Vietnam,Fruits,Online,C,04-07-2012,713708198,05-07-2012,971,9.33,6.92,9059.43,6719.32,2340.11
North America,United States of America,Cosmetics,Online,H,07-09-2015,856853616,7/23/2015,881,437.2,263.33,385173.2,231993.73,153179.47
Australia and Oceania,Tonga,Fruits,Offline,H,09-03-2011,170270335,10/20/2011,5631,9.33,6.92,52537.23,38966.52,13570.71
Sub-Saharan Africa,Madagascar,Beverages,Offline,C,10/16/2013,746194684,10/19/2013,4444,47.45,31.79,210867.8,141274.76,69593.04
Sub-Saharan Africa,Democratic Republic of the Congo,Snacks,Offline,H,1/25/2017,247175490,3/16/2017,3575,152.58,97.44,545473.5,348348,197125.5
Europe,Iceland,Meat,Online,M,3/14/2010,456074082,3/27/2010,1311,421.89,364.69,553097.79,478108.59,74989.2
Sub-Saharan Africa,Kenya,Office Supplies,Offline,C,01-03-2017,526064288,1/13/2017,2968,651.21,524.96,1932791.28,1558081.28,374710
Sub-Saharan Africa,Niger,Household,Offline,C,12/17/2016,130632436,01-06-2017,5896,668.27,502.54,3940119.92,2962975.84,977144.08
Sub-Saharan Africa,Niger,Snacks,Offline,L,1/30/2017,813577353,02-09-2017,4473,152.58,97.44,682490.34,435849.12,246641.22
Australia and Oceania,Papua New Guinea,Snacks,Online,L,4/28/2010,139010369,05-10-2010,5112,152.58,97.44,779988.96,498113.28,281875.68
Sub-Saharan Africa,Mauritania,Baby Food,Online,C,3/15/2017,241355311,4/28/2017,1255,255.28,159.42,320376.4,200072.1,120304.3
Sub-Saharan Africa,Niger,Cosmetics,Online,M,11-11-2013,175348508,12/21/2013,8375,437.2,263.33,3661550,2205388.75,1456161.25
Sub-Saharan Africa,Swaziland,Office Supplies,Offline,M,08-06-2011,866038787,8/25/2011,8977,651.21,524.96,5845912.17,4712565.92,1133346.25
Sub-Saharan Africa,Djibouti,Meat,Online,H,03-09-2015,158787477,3/25/2015,7598,421.89,364.69,3205520.22,2770914.62,434605.6
Europe,Slovakia,Vegetables,Offline,M,7/16/2011,469268405,7/20/2011,5804,154.06,90.93,894164.24,527757.72,366406.52
Middle East and North Africa,Libya,Meat,Offline,L,05-11-2011,233467900,5/30/2011,7195,421.89,364.69,3035498.55,2623944.55,411554
Europe,Belarus,Clothes,Online,M,1/17/2015,657684791,2/20/2015,2400,109.28,35.84,262272,86016,176256
Asia,Kyrgyzstan,Personal Care,Offline,L,6/30/2016,768530404,08-04-2016,4080,81.73,56.67,333458.4,231213.6,102244.8
Middle East and North Africa,Oman,Meat,Online,C,6/16/2014,562928569,08-05-2014,1928,421.89,364.69,813403.92,703122.32,110281.6
Europe,Georgia,Beverages,Offline,C,4/23/2016,558115613,05-09-2016,7667,47.45,31.79,363799.15,243733.93,120065.22
Europe,Norway,Cereal,Online,H,7/29/2011,441640365,08-09-2011,53,205.7,117.11,10902.1,6206.83,4695.27
Europe,Ireland,Vegetables,Offline,L,7/20/2013,421364152,8/15/2013,9871,154.06,90.93,1520726.26,897570.03,623156.23
Europe,Lithuania,Snacks,Offline,H,02-05-2010,775460803,3/15/2010,4939,152.58,97.44,753592.62,481256.16,272336.46
Sub-Saharan Africa,Cameroon,Personal Care,Online,L,11-10-2012,502416646,12/20/2012,5105,81.73,56.67,417231.65,289300.35,127931.3
Sub-Saharan Africa,Guinea,Clothes,Offline,H,8/14/2015,471030509,8/25/2015,7250,109.28,35.84,792280,259840,532440
Asia,Mongolia,Baby Food,Online,C,3/17/2013,270413720,05-03-2013,284,255.28,159.42,72499.52,45275.28,27224.24
Europe,Poland,Meat,Online,L,11/25/2012,459990108,12/22/2012,150,421.89,364.69,63283.5,54703.5,8580
Central America and the Caribbean,Haiti,Snacks,Online,M,6/14/2015,319495999,7/31/2015,4821,152.58,97.44,735588.18,469758.24,265829.94
Central America and the Caribbean,Saint Vincent and the Grenadines,Clothes,Online,M,4/28/2011,998980224,06-08-2011,9303,109.28,35.84,1016631.84,333419.52,683212.32
Central America and the Caribbean,Costa Rica,Snacks,Offline,L,10-06-2014,568804109,10-10-2014,631,152.58,97.44,96277.98,61484.64,34793.34
Sub-Saharan Africa,Guinea-Bissau,Clothes,Offline,L,7/31/2014,769641482,8/24/2014,2873,109.28,35.84,313961.44,102968.32,210993.12
North America,Canada,Clothes,Offline,C,10/17/2015,262478673,12-02-2015,2127,109.28,35.84,232438.56,76231.68,156206.88
Europe,Switzerland,Meat,Offline,M,2/14/2013,478614509,2/21/2013,1524,421.89,364.69,642960.36,555787.56,87172.8
Europe,Albania,Baby Food,Offline,L,07-03-2017,669660317,07-11-2017,6224,255.28,159.42,1588862.72,992230.08,596632.64
Sub-Saharan Africa,Guinea-Bissau,Clothes,Offline,M,06-06-2014,157539927,7/13/2014,8420,109.28,35.84,920137.6,301772.8,618364.8
Sub-Saharan Africa,Sao Tome and Principe,Clothes,Online,M,03-06-2013,584489667,4/19/2013,2336,109.28,35.84,255278.08,83722.24,171555.84
Sub-Saharan Africa,Eritrea,Cereal,Online,C,9/25/2012,963058364,10/14/2012,9226,205.7,117.11,1897788.2,1080456.86,817331.34
Central America and the Caribbean,Costa Rica,Clothes,Online,C,2/22/2013,826107347,03-09-2013,2377,109.28,35.84,259758.56,85191.68,174566.88
Sub-Saharan Africa,Sao Tome and Principe,Clothes,Online,M,9/26/2011,676810443,10/20/2011,2105,109.28,35.84,230034.4,75443.2,154591.2
Australia and Oceania,Tonga,Snacks,Offline,L,6/21/2014,638653981,08-09-2014,760,152.58,97.44,115960.8,74054.4,41906.4
Sub-Saharan Africa,Ghana,Snacks,Online,L,01-08-2017,905436789,02-10-2017,7722,152.58,97.44,1178222.76,752431.68,425791.08
Sub-Saharan Africa,Sudan,Fruits,Offline,L,2/15/2016,391270196,3/19/2016,4401,9.33,6.92,41061.33,30454.92,10606.41
Europe,Macedonia,Baby Food,Offline,C,05-12-2013,780578029,6/24/2013,9240,255.28,159.42,2358787.2,1473040.8,885746.4
Europe,Denmark,Vegetables,Offline,C,5/22/2011,678096616,06-10-2011,2712,154.06,90.93,417810.72,246602.16,171208.56
Australia and Oceania,Solomon Islands,Snacks,Offline,M,2/17/2010,558874785,2/25/2010,2323,152.58,97.44,354443.34,226353.12,128090.22
Central America and the Caribbean,Honduras,Snacks,Online,C,08-02-2010,518273866,8/22/2010,7609,152.58,97.44,1160981.22,741420.96,419560.26
Sub-Saharan Africa,South Sudan,Household,Online,H,01-10-2011,721967685,01-10-2011,5136,668.27,502.54,3432234.72,2581045.44,851189.28
Europe,Belarus,Office Supplies,Offline,H,10/16/2010,955942571,10/27/2010,3505,651.21,524.96,2282491.05,1839984.8,442506.25
Sub-Saharan Africa,Liberia,Office Supplies,Offline,M,1/25/2014,176497352,1/26/2014,8343,651.21,524.96,5433045.03,4379741.28,1053303.75
Middle East and North Africa,Egypt,Personal Care,Offline,L,12/19/2010,560243356,1/21/2011,7314,81.73,56.67,597773.22,414484.38,183288.84
Central America and the Caribbean,Saint Kitts and Nevis ,Beverages,Online,C,08-05-2011,754104411,08-11-2011,5108,47.45,31.79,242374.6,162383.32,79991.28
Europe,Belarus,Vegetables,Online,M,12/21/2011,825316846,1/25/2012,8450,154.06,90.93,1301807,768358.5,533448.5
Central America and the Caribbean,Guatemala,Clothes,Online,H,12/23/2012,911429488,1/14/2013,1094,109.28,35.84,119552.32,39208.96,80343.36
Australia and Oceania,New Zealand,Clothes,Offline,C,7/21/2016,770303666,8/21/2016,8828,109.28,35.84,964723.84,316395.52,648328.32
Asia,Sri Lanka,Cosmetics,Online,M,05-08-2014,230113208,5/25/2014,4467,437.2,263.33,1952972.4,1176295.11,776677.29
Sub-Saharan Africa,Democratic Republic of the Congo,Vegetables,Offline,L,3/21/2014,539344441,05-07-2014,2860,154.06,90.93,440611.6,260059.8,180551.8
Sub-Saharan Africa,Namibia,Cereal,Online,L,9/21/2013,316796195,10/17/2013,5889,205.7,117.11,1211367.3,689660.79,521706.51
Europe,Ireland,Personal Care,Online,C,07-01-2011,501579797,7/22/2011,7463,81.73,56.67,609950.99,422928.21,187022.78
Sub-Saharan Africa,Cape Verde,Office Supplies,Offline,L,01-05-2011,303119075,2/15/2011,8525,651.21,524.96,5551565.25,4475284,1076281.25
Australia and Oceania,Tuvalu,Personal Care,Offline,C,10/27/2016,351150357,11-01-2016,2049,81.73,56.67,167464.77,116116.83,51347.94
Sub-Saharan Africa,South Africa,Personal Care,Online,C,08-06-2015,445722472,8/27/2015,8039,81.73,56.67,657027.47,455570.13,201457.34
Sub-Saharan Africa,Rwanda,Vegetables,Online,H,3/23/2010,907196748,04-03-2010,8532,154.06,90.93,1314439.92,775814.76,538625.16
Sub-Saharan Africa,Madagascar,Baby Food,Online,L,01-09-2016,326247012,2/14/2016,2596,255.28,159.42,662706.88,413854.32,248852.56
Europe,Sweden,Office Supplies,Offline,M,07-02-2011,513859593,7/19/2011,1328,651.21,524.96,864806.88,697146.88,167660
Asia,Uzbekistan,Personal Care,Online,L,4/24/2010,651333320,05-11-2010,2858,81.73,56.67,233584.34,161962.86,71621.48
Sub-Saharan Africa,Ghana,Cosmetics,Online,H,1/13/2012,440279519,1/23/2012,7349,437.2,263.33,3212982.8,1935212.17,1277770.63
Sub-Saharan Africa,Mozambique,Cereal,Online,H,07-08-2013,552622020,7/17/2013,1991,205.7,117.11,409548.7,233166.01,176382.69
Sub-Saharan Africa,Botswana,Snacks,Offline,H,09-07-2012,380597150,10/18/2012,6009,152.58,97.44,916853.22,585516.96,331336.26
Asia,Indonesia,Cosmetics,Offline,M,4/21/2012,286753737,05-11-2012,5658,437.2,263.33,2473677.6,1489921.14,983756.46
North America,Canada,Vegetables,Offline,C,3/17/2016,253953111,04-10-2016,9224,154.06,90.93,1421049.44,838738.32,582311.12
Middle East and North Africa,Israel,Beverages,Online,L,5/14/2010,335369098,06-02-2010,2024,47.45,31.79,96038.8,64342.96,31695.84
Sub-Saharan Africa,Togo,Fruits,Online,L,02-06-2012,204488027,03-12-2012,1406,9.33,6.92,13117.98,9729.52,3388.46
Australia and Oceania,Palau,Personal Care,Online,C,4/17/2013,505108726,5/26/2013,1751,81.73,56.67,143109.23,99229.17,43880.06
Central America and the Caribbean,Barbados,Baby Food,Offline,H,6/21/2014,601342523,07-02-2014,9470,255.28,159.42,2417501.6,1509707.4,907794.2
Europe,Austria,Clothes,Online,C,06-05-2013,827613246,6/28/2013,8006,109.28,35.84,874895.68,286935.04,587960.64
Central America and the Caribbean,Dominican Republic,Clothes,Online,L,08-08-2016,238657224,8/13/2016,2831,109.28,35.84,309371.68,101463.04,207908.64
Europe,Denmark,Cereal,Offline,H,7/27/2012,659523284,8/26/2012,6451,205.7,117.11,1326970.7,755476.61,571494.09
Middle East and North Africa,Yemen,Office Supplies,Online,H,09-05-2013,835572755,10-05-2013,3401,651.21,524.96,2214765.21,1785388.96,429376.25
North America,Canada,Clothes,Online,C,06-03-2014,482479465,07-02-2014,5250,109.28,35.84,573720,188160,385560
Middle East and North Africa,Algeria,Household,Online,C,05-05-2010,736229741,5/16/2010,5596,668.27,502.54,3739638.92,2812213.84,927425.08
Central America and the Caribbean,Antigua and Barbuda ,Beverages,Offline,H,12/29/2016,103122413,12/31/2016,5068,47.45,31.79,240476.6,161111.72,79364.88
Asia,Kazakhstan,Snacks,Offline,C,2/16/2013,309768807,3/26/2013,6329,152.58,97.44,965678.82,616697.76,348981.06
Europe,Czech Republic,Cosmetics,Online,C,8/19/2012,453092753,10-03-2012,9069,437.2,263.33,3964966.8,2388139.77,1576827.03
Australia and Oceania,Tuvalu,Cosmetics,Offline,H,4/29/2015,150330579,05-10-2015,5014,437.2,263.33,2192120.8,1320336.62,871784.18
Asia,India,Cosmetics,Online,H,9/18/2010,889031112,10-01-2010,2917,437.2,263.33,1275312.4,768133.61,507178.79
Europe,Belgium,Office Supplies,Offline,L,02-08-2012,177055680,3/23/2012,3565,651.21,524.96,2321563.65,1871482.4,450081.25
Asia,Maldives,Cosmetics,Offline,L,12-07-2014,992578113,01-05-2015,4776,437.2,263.33,2088067.2,1257664.08,830403.12
Europe,Ukraine,Office Supplies,Offline,C,09-10-2015,534084737,9/21/2015,6397,651.21,524.96,4165790.37,3358169.12,807621.25
Middle East and North Africa,Azerbaijan,Fruits,Online,H,9/26/2015,570374381,10/17/2015,5309,9.33,6.92,49532.97,36738.28,12794.69
Europe,Netherlands,Meat,Offline,C,6/22/2017,690558373,6/25/2017,423,421.89,364.69,178459.47,154263.87,24195.6
Middle East and North Africa,Kuwait,Cereal,Online,M,01-11-2013,554060542,2/18/2013,7682,205.7,117.11,1580187.4,899639.02,680548.38
Asia,Turkmenistan,Clothes,Online,C,9/26/2010,340617215,10/16/2010,5058,109.28,35.84,552738.24,181278.72,371459.52
Europe,Germany,Fruits,Offline,C,3/14/2016,300277221,4/17/2016,7557,9.33,6.92,70506.81,52294.44,18212.37
Sub-Saharan Africa,Sudan,Cereal,Offline,H,5/18/2013,303401887,6/13/2013,2215,205.7,117.11,455625.5,259398.65,196226.85
Asia,Mongolia,Baby Food,Offline,H,10/17/2013,290665042,11/16/2013,3100,255.28,159.42,791368,494202,297166
Middle East and North Africa,Syria,Fruits,Online,M,11/23/2014,723053014,01-08-2015,6309,9.33,6.92,58862.97,43658.28,15204.69
Asia,Indonesia,Office Supplies,Offline,C,5/28/2011,331864631,06-05-2011,4974,651.21,524.96,3239118.54,2611151.04,627967.5
Asia,Cambodia,Personal Care,Online,H,04-03-2014,168711221,4/21/2014,4254,81.73,56.67,347679.42,241074.18,106605.24
Asia,Vietnam,Fruits,Online,C,07-06-2016,455516612,7/19/2016,6343,9.33,6.92,59180.19,43893.56,15286.63
Middle East and North Africa,Turkey,Fruits,Online,H,4/23/2012,134517133,06-08-2012,5464,9.33,6.92,50979.12,37810.88,13168.24
Central America and the Caribbean,Dominica,Baby Food,Offline,L,10-12-2015,918261611,10/14/2015,2871,255.28,159.42,732908.88,457694.82,275214.06
Middle East and North Africa,United Arab Emirates,Cosmetics,Offline,H,10/26/2011,539611375,12-05-2011,1852,437.2,263.33,809694.4,487687.16,322007.24
Sub-Saharan Africa,Liberia,Beverages,Offline,L,11/25/2012,401740252,01-10-2013,2723,47.45,31.79,129206.35,86564.17,42642.18
Central America and the Caribbean,Cuba,Beverages,Online,H,06-02-2017,628134572,6/29/2017,7833,47.45,31.79,371675.85,249011.07,122664.78
Europe,Malta,Cereal,Online,L,6/21/2013,512593162,7/16/2013,6562,205.7,117.11,1349803.4,768475.82,581327.58
Asia,Brunei,Baby Food,Offline,C,12-07-2012,769227349,1/23/2013,321,255.28,159.42,81944.88,51173.82,30771.06
Europe,Malta,Vegetables,Offline,L,5/25/2017,382460963,6/30/2017,7553,154.06,90.93,1163615.18,686794.29,476820.89
Central America and the Caribbean,Honduras,Meat,Online,C,5/14/2014,657030332,07-02-2014,8731,421.89,364.69,3683521.59,3184108.39,499413.2
Australia and Oceania,Nauru,Cereal,Online,L,05-05-2011,267984282,06-08-2011,1359,205.7,117.11,279546.3,159152.49,120393.81
Sub-Saharan Africa,Cameroon,Vegetables,Offline,C,11/22/2016,210684144,01-09-2017,4975,154.06,90.93,766448.5,452376.75,314071.75
Europe,Norway,Household,Offline,M,2/22/2014,650803744,04-02-2014,6145,668.27,502.54,4106519.15,3088108.3,1018410.85
Sub-Saharan Africa,Guinea-Bissau,Cosmetics,Online,C,01-05-2010,474329411,1/23/2010,3468,437.2,263.33,1516209.6,913228.44,602981.16
Central America and the Caribbean,Cuba,Cosmetics,Offline,L,04-03-2016,437559974,05-08-2016,2575,437.2,263.33,1125790,678074.75,447715.25
Sub-Saharan Africa,Burundi,Office Supplies,Online,L,5/30/2015,917106759,5/30/2015,1125,651.21,524.96,732611.25,590580,142031.25
Europe,Andorra,Cosmetics,Online,M,01-03-2010,559893596,1/18/2010,3812,437.2,263.33,1666606.4,1003813.96,662792.44
Europe,Portugal,Fruits,Online,M,3/22/2011,333156812,05-05-2011,7359,9.33,6.92,68659.47,50924.28,17735.19
Sub-Saharan Africa,Republic of the Congo,Office Supplies,Offline,C,05-09-2012,374445235,6/16/2012,5521,651.21,524.96,3595330.41,2898304.16,697026.25
Europe,Luxembourg,Office Supplies,Offline,M,05-07-2015,441620194,5/19/2015,4084,651.21,524.96,2659541.64,2143936.64,515605
Europe,Croatia,Cereal,Online,L,11-06-2011,362855517,11/28/2011,5866,205.7,117.11,1206636.2,686967.26,519668.94
Asia,Mongolia,Clothes,Offline,L,4/14/2017,486637532,5/16/2017,5715,109.28,35.84,624535.2,204825.6,419709.6
Sub-Saharan Africa,The Gambia,Cosmetics,Offline,M,1/28/2014,331765067,3/19/2014,5511,437.2,263.33,2409409.2,1451211.63,958197.57
Europe,Albania,Household,Online,M,12/31/2015,837349450,02-11-2016,9165,668.27,502.54,6124694.55,4605779.1,1518915.45
Australia and Oceania,Palau,Personal Care,Online,H,5/20/2011,312814509,06-05-2011,7620,81.73,56.67,622782.6,431825.4,190957.2
Asia,Japan,Cosmetics,Online,M,05-05-2012,287896573,6/16/2012,3849,437.2,263.33,1682782.8,1013557.17,669225.63
Asia,Taiwan,Household,Online,C,2/19/2013,562644469,3/19/2013,7857,668.27,502.54,5250597.39,3948456.78,1302140.61
Sub-Saharan Africa,Burundi,Cosmetics,Offline,M,8/25/2016,557419526,10-11-2016,1680,437.2,263.33,734496,442394.4,292101.6
Central America and the Caribbean,Panama,Snacks,Offline,L,6/22/2015,662895572,6/28/2015,4386,152.58,97.44,669215.88,427371.84,241844.04
Sub-Saharan Africa,Ethiopia,Office Supplies,Offline,L,11-02-2010,890058934,12-03-2010,7073,651.21,524.96,4606008.33,3713042.08,892966.25
Middle East and North Africa,Kuwait,Cereal,Offline,C,5/26/2016,420208442,6/27/2016,7871,205.7,117.11,1619064.7,921772.81,697291.89
Asia,Japan,Vegetables,Offline,M,08-04-2016,754955422,09-07-2016,6941,154.06,90.93,1069330.46,631145.13,438185.33
Sub-Saharan Africa,Djibouti,Cosmetics,Offline,L,11-03-2015,766223704,11-03-2015,1476,437.2,263.33,645307.2,388675.08,256632.12
Central America and the Caribbean,Guatemala,Baby Food,Online,M,1/21/2012,746249616,1/27/2012,699,255.28,159.42,178440.72,111434.58,67006.14
Europe,Lithuania,Personal Care,Online,C,08-02-2015,157581984,8/20/2015,866,81.73,56.67,70778.18,49076.22,21701.96
Sub-Saharan Africa,Gabon,Vegetables,Offline,L,2/13/2015,783082139,2/25/2015,262,154.06,90.93,40363.72,23823.66,16540.06
Central America and the Caribbean,Trinidad and Tobago,Household,Offline,L,10-08-2011,875923907,10/13/2011,4204,668.27,502.54,2809407.08,2112678.16,696728.92
Asia,China,Beverages,Online,H,4/14/2015,109593617,05-11-2015,42,47.45,31.79,1992.9,1335.18,657.72
Middle East and North Africa,Algeria,Meat,Offline,M,7/20/2017,927890098,09-03-2017,2155,421.89,364.69,909172.95,785906.95,123266
Middle East and North Africa,Qatar,Vegetables,Offline,H,07-08-2011,894924676,8/16/2011,6954,154.06,90.93,1071333.24,632327.22,439006.02
Sub-Saharan Africa,Mozambique,Clothes,Online,H,2/15/2010,345121181,3/17/2010,7882,109.28,35.84,861344.96,282490.88,578854.08
Europe,Lithuania,Personal Care,Offline,M,3/30/2012,133215939,5/19/2012,412,81.73,56.67,33672.76,23348.04,10324.72
Sub-Saharan Africa,Nigeria,Beverages,Online,H,01-06-2014,284257781,1/25/2014,7049,47.45,31.79,334475.05,224087.71,110387.34
Sub-Saharan Africa,South Africa,Personal Care,Offline,L,8/25/2012,443608033,9/16/2012,2330,81.73,56.67,190430.9,132041.1,58389.8
Central America and the Caribbean,Panama,Office Supplies,Online,C,3/15/2010,326940524,4/16/2010,7821,651.21,524.96,5093113.41,4105712.16,987401.25
Middle East and North Africa,Bahrain,Baby Food,Offline,M,5/16/2017,170241582,6/18/2017,7122,255.28,159.42,1818104.16,1135389.24,682714.92
Sub-Saharan Africa,South Sudan,Cosmetics,Offline,H,11-05-2011,279810035,12/25/2011,862,437.2,263.33,376866.4,226990.46,149875.94
Asia,Myanmar,Vegetables,Online,L,3/27/2010,582257211,4/15/2010,1703,154.06,90.93,262364.18,154853.79,107510.39
Europe,Slovenia,Baby Food,Online,C,4/15/2011,174506938,05-03-2011,9336,255.28,159.42,2383294.08,1488345.12,894948.96
Sub-Saharan Africa,Cape Verde,Personal Care,Online,H,10/23/2014,473795545,11/26/2014,5485,81.73,56.67,448289.05,310834.95,137454.1
Sub-Saharan Africa,Benin,Office Supplies,Online,L,4/29/2010,267671859,06-12-2010,8906,651.21,524.96,5799676.26,4675293.76,1124382.5
Europe,Armenia,Clothes,Offline,L,2/18/2011,663997209,3/29/2011,384,109.28,35.84,41963.52,13762.56,28200.96
Sub-Saharan Africa,Mauritania,Clothes,Offline,L,8/31/2012,140945422,10/17/2012,7737,109.28,35.84,845499.36,277294.08,568205.28
Europe,Luxembourg,Office Supplies,Offline,L,06-04-2011,397002828,6/14/2011,814,651.21,524.96,530084.94,427317.44,102767.5
Central America and the Caribbean,Honduras,Beverages,Offline,M,4/28/2016,500968253,05-07-2016,6494,47.45,31.79,308140.3,206444.26,101696.04
Sub-Saharan Africa,South Africa,Cereal,Offline,H,8/22/2014,941953027,9/29/2014,3688,205.7,117.11,758621.6,431901.68,326719.92
Australia and Oceania,Vanuatu,Snacks,Online,L,8/20/2013,479380977,9/16/2013,8339,152.58,97.44,1272364.62,812552.16,459812.46
Sub-Saharan Africa,Republic of the Congo,Snacks,Online,C,1/26/2014,192988431,2/16/2014,8420,152.58,97.44,1284723.6,820444.8,464278.8
Asia,Turkmenistan,Beverages,Offline,C,12/24/2013,332824218,12/29/2013,8937,47.45,31.79,424060.65,284107.23,139953.42
Middle East and North Africa,Tunisia ,Personal Care,Offline,C,6/19/2012,769249665,7/13/2012,6925,81.73,56.67,565980.25,392439.75,173540.5
Europe,Norway,Office Supplies,Online,C,6/25/2013,542938601,07-09-2013,6452,651.21,524.96,4201606.92,3387041.92,814565
Asia,Cambodia,Beverages,Online,H,6/21/2014,114877355,7/14/2014,3617,47.45,31.79,171626.65,114984.43,56642.22
Central America and the Caribbean,Jamaica,Meat,Offline,L,2/27/2010,916364753,04-06-2010,1549,421.89,364.69,653507.61,564904.81,88602.8
Sub-Saharan Africa,Namibia,Vegetables,Offline,C,6/24/2011,399012124,6/30/2011,5409,154.06,90.93,833310.54,491840.37,341470.17
Central America and the Caribbean,Cuba,Snacks,Online,C,6/30/2011,584743297,7/18/2011,7391,152.58,97.44,1127718.78,720179.04,407539.74
Sub-Saharan Africa,Cote d'Ivoire,Baby Food,Online,H,12-01-2011,415794599,12/26/2011,1716,255.28,159.42,438060.48,273564.72,164495.76
Europe,Slovenia,Baby Food,Online,C,9/22/2011,704714858,10-07-2011,9642,255.28,159.42,2461409.76,1537127.64,924282.12
Asia,Brunei,Clothes,Online,L,12/19/2010,984365403,1/30/2011,4452,109.28,35.84,486514.56,159559.68,326954.88
Sub-Saharan Africa,Liberia,Fruits,Offline,M,7/17/2014,857920062,09-02-2014,6466,9.33,6.92,60327.78,44744.72,15583.06
Middle East and North Africa,Somalia,Fruits,Online,H,04-08-2013,448865163,05-12-2013,8031,9.33,6.92,74929.23,55574.52,19354.71
Middle East and North Africa,Afghanistan,Household,Offline,C,5/23/2010,850999534,07-08-2010,8528,668.27,502.54,5699006.56,4285661.12,1413345.44
Middle East and North Africa,Libya,Beverages,Offline,M,3/21/2010,978434503,4/29/2010,9367,47.45,31.79,444464.15,297776.93,146687.22
Europe,Slovakia,Beverages,Online,M,05-02-2014,715593898,05-08-2014,8991,47.45,31.79,426622.95,285823.89,140799.06
Australia and Oceania,Palau,Beverages,Offline,H,3/30/2010,467214047,04-06-2010,7874,47.45,31.79,373621.3,250314.46,123306.84
Australia and Oceania,Tuvalu,Personal Care,Offline,M,01-09-2013,708343780,2/15/2013,3520,81.73,56.67,287689.6,199478.4,88211.2
Sub-Saharan Africa,Mauritius ,Cereal,Online,C,02-06-2016,634344422,02-09-2016,5466,205.7,117.11,1124356.2,640123.26,484232.94
Asia,Mongolia,Beverages,Online,H,03-01-2010,410889804,03-06-2010,279,47.45,31.79,13238.55,8869.41,4369.14
Europe,Croatia,Cosmetics,Online,C,04-12-2017,723966252,4/15/2017,6557,437.2,263.33,2866720.4,1726654.81,1140065.59
Europe,Monaco,Cereal,Offline,M,05-05-2011,529872596,6/20/2011,9931,205.7,117.11,2042806.7,1163019.41,879787.29
Middle East and North Africa,Turkey,Meat,Offline,C,10-01-2012,205220162,11/16/2012,8061,421.89,364.69,3400855.29,2939766.09,461089.2
Australia and Oceania,Solomon Islands,Household,Online,M,6/20/2016,196932780,6/22/2016,5641,668.27,502.54,3769711.07,2834828.14,934882.93
Sub-Saharan Africa,Cape Verde,Fruits,Online,C,12-11-2010,572246778,01-11-2011,9393,9.33,6.92,87636.69,64999.56,22637.13
Sub-Saharan Africa,Sudan,Fruits,Online,H,3/15/2012,568710982,4/16/2012,3073,9.33,6.92,28671.09,21265.16,7405.93
Australia and Oceania,East Timor,Vegetables,Offline,H,08-12-2014,844186723,09-03-2014,2466,154.06,90.93,379911.96,224233.38,155678.58
Central America and the Caribbean,Cuba,Fruits,Offline,H,5/23/2017,326847827,5/27/2017,390,9.33,6.92,3638.7,2698.8,939.9
Europe,Sweden,Office Supplies,Offline,C,04-02-2013,265180623,5/18/2013,1694,651.21,524.96,1103149.74,889282.24,213867.5
Sub-Saharan Africa,Eritrea,Meat,Offline,M,11/26/2014,177983939,11/27/2014,8258,421.89,364.69,3483967.62,3011610.02,472357.6
Middle East and North Africa,Saudi Arabia,Snacks,Offline,H,5/26/2013,104369103,07-06-2013,3992,152.58,97.44,609099.36,388980.48,220118.88
Europe,Belgium,Beverages,Online,C,3/22/2012,153759944,04-10-2012,9839,47.45,31.79,466860.55,312781.81,154078.74
Middle East and North Africa,Azerbaijan,Snacks,Online,C,11/30/2015,955892789,12-07-2015,8773,152.58,97.44,1338584.34,854841.12,483743.22
Europe,Macedonia,Beverages,Online,L,2/25/2011,510816466,03-10-2011,799,47.45,31.79,37912.55,25400.21,12512.34
Central America and the Caribbean,Cuba,Fruits,Offline,C,12/22/2015,938892304,12/31/2015,7952,9.33,6.92,74192.16,55027.84,19164.32
North America,Canada,Beverages,Offline,H,5/25/2015,830794131,5/29/2015,9300,47.45,31.79,441285,295647,145638
Asia,South Korea,Clothes,Offline,C,8/26/2010,197508275,9/18/2010,5943,109.28,35.84,649451.04,212997.12,436453.92
Europe,Croatia,Clothes,Online,M,5/24/2015,920333564,6/18/2015,6008,109.28,35.84,656554.24,215326.72,441227.52
Europe,Ireland,Household,Offline,C,1/20/2014,900881326,2/25/2014,9659,668.27,502.54,6454819.93,4854033.86,1600786.07
Sub-Saharan Africa,Cape Verde,Office Supplies,Online,H,1/22/2011,811075389,02-10-2011,4086,651.21,524.96,2660844.06,2144986.56,515857.5
Central America and the Caribbean,Guatemala,Vegetables,Online,H,11/24/2011,943152081,11/24/2011,8515,154.06,90.93,1311820.9,774268.95,537551.95
Sub-Saharan Africa,Rwanda,Fruits,Online,C,10-08-2011,759660232,11/22/2011,9199,9.33,6.92,85826.67,63657.08,22169.59
Asia,Indonesia,Meat,Offline,L,07-03-2014,243461167,08-01-2014,4425,421.89,364.69,1866863.25,1613753.25,253110
Middle East and North Africa,Jordan,Household,Online,C,8/23/2013,347728717,09-12-2013,9509,668.27,502.54,6354579.43,4778652.86,1575926.57
Middle East and North Africa,Morocco,Snacks,Online,L,5/16/2011,745949208,07-03-2011,1802,152.58,97.44,274949.16,175586.88,99362.28
Europe,Lithuania,Personal Care,Online,H,9/16/2014,281921470,10/15/2014,5683,81.73,56.67,464471.59,322055.61,142415.98
Australia and Oceania,Federated States of Micronesia,Snacks,Online,H,08-10-2016,119756829,9/24/2016,7562,152.58,97.44,1153809.96,736841.28,416968.68
Europe,Malta,Snacks,Offline,L,11/15/2014,593879115,11/30/2014,882,152.58,97.44,134575.56,85942.08,48633.48
Europe,Austria,Personal Care,Offline,H,12-07-2015,759024655,12/29/2015,1118,81.73,56.67,91374.14,63357.06,28017.08
Europe,Luxembourg,Baby Food,Offline,M,12-09-2015,640242278,1/14/2016,773,255.28,159.42,197331.44,123231.66,74099.78
North America,Canada,Beverages,Offline,M,02-03-2012,782893311,3/16/2012,4383,47.45,31.79,207973.35,139335.57,68637.78
Sub-Saharan Africa,Madagascar,Fruits,Offline,H,01-11-2014,902651584,1/23/2014,3517,9.33,6.92,32813.61,24337.64,8475.97
Middle East and North Africa,Saudi Arabia,Personal Care,Online,H,4/21/2017,335503423,5/23/2017,1773,81.73,56.67,144907.29,100475.91,44431.38
Middle East and North Africa,United Arab Emirates,Household,Online,M,9/28/2014,287747657,10/23/2014,9781,668.27,502.54,6536348.87,4915343.74,1621005.13
Middle East and North Africa,Jordan,Baby Food,Online,M,5/22/2015,685995614,6/20/2015,201,255.28,159.42,51311.28,32043.42,19267.86
Sub-Saharan Africa,Cote d'Ivoire,Cereal,Online,M,5/30/2010,627171123,6/18/2010,2727,205.7,117.11,560943.9,319358.97,241584.93
Europe,Poland,Fruits,Online,H,10-09-2014,628510510,11/13/2014,9082,9.33,6.92,84735.06,62847.44,21887.62
Europe,Hungary,Beverages,Online,M,5/31/2010,377562606,06-02-2010,8020,47.45,31.79,380549,254955.8,125593.2
Europe,Denmark,Fruits,Online,H,8/21/2010,982188737,09-02-2010,329,9.33,6.92,3069.57,2276.68,792.89
Central America and the Caribbean,Haiti,Meat,Offline,L,11/16/2010,920562732,12/30/2010,3824,421.89,364.69,1613307.36,1394574.56,218732.8
Europe,Greece,Household,Offline,M,3/14/2015,991170918,4/21/2015,8356,668.27,502.54,5584064.12,4199224.24,1384839.88
Asia,Uzbekistan,Snacks,Online,H,5/21/2017,262812125,6/16/2017,803,152.58,97.44,122521.74,78244.32,44277.42
Europe,Germany,Beverages,Online,L,04-11-2012,124597680,04-11-2012,77,47.45,31.79,3653.65,2447.83,1205.82
Sub-Saharan Africa,Seychelles ,Clothes,Online,C,9/17/2014,235951411,10/31/2014,2121,109.28,35.84,231782.88,76016.64,155766.24
Europe,Greece,Cereal,Online,H,4/21/2010,776609647,4/21/2010,4907,205.7,117.11,1009369.9,574658.77,434711.13
Australia and Oceania,Papua New Guinea,Clothes,Online,H,3/25/2012,196621215,3/29/2012,3442,109.28,35.84,376141.76,123361.28,252780.48
Sub-Saharan Africa,Burkina Faso,Cosmetics,Offline,C,01-11-2012,166347444,01-12-2012,4760,437.2,263.33,2081072,1253450.8,827621.2
Sub-Saharan Africa,Sudan,Cereal,Offline,H,8/22/2013,626462161,9/18/2013,2930,205.7,117.11,602701,343132.3,259568.7
Sub-Saharan Africa,Senegal,Snacks,Offline,H,07-09-2014,237951695,08-08-2014,4049,152.58,97.44,617796.42,394534.56,223261.86
Europe,Andorra,Snacks,Offline,C,12/16/2016,432114875,1/30/2017,1249,152.58,97.44,190572.42,121702.56,68869.86
Sub-Saharan Africa,Central African Republic,Vegetables,Offline,H,9/30/2016,460563027,10/23/2016,9689,154.06,90.93,1492687.34,881020.77,611666.57
Asia,Maldives,Household,Offline,H,07-11-2014,545219981,07-12-2014,1563,668.27,502.54,1044506.01,785470.02,259035.99
Middle East and North Africa,Tunisia ,Beverages,Online,L,12/30/2011,528322064,02-01-2012,1094,47.45,31.79,51910.3,34778.26,17132.04
Europe,Portugal,Fruits,Offline,L,9/18/2015,322418105,9/23/2015,9537,9.33,6.92,88980.21,65996.04,22984.17
Sub-Saharan Africa,Mozambique,Meat,Offline,M,08-02-2010,360369431,8/24/2010,178,421.89,364.69,75096.42,64914.82,10181.6
Sub-Saharan Africa,Senegal,Snacks,Offline,M,8/26/2016,245349872,9/20/2016,3334,152.58,97.44,508701.72,324864.96,183836.76
Australia and Oceania,New Zealand,Clothes,Offline,M,03-01-2017,100845754,3/19/2017,1354,109.28,35.84,147965.12,48527.36,99437.76
Australia and Oceania,Fiji,Vegetables,Offline,M,05-11-2015,120655906,6/24/2015,3619,154.06,90.93,557543.14,329075.67,228467.47
Europe,Portugal,Baby Food,Offline,M,7/19/2015,118891656,7/27/2015,1538,255.28,159.42,392620.64,245187.96,147432.68
Central America and the Caribbean,Honduras,Personal Care,Offline,L,9/29/2011,879976832,10-04-2011,3555,81.73,56.67,290550.15,201461.85,89088.3
Europe,Ireland,Meat,Online,L,03-03-2014,108647763,4/16/2014,142,421.89,364.69,59908.38,51785.98,8122.4
Asia,Nepal,Fruits,Offline,M,03-08-2015,979953277,3/26/2015,8806,9.33,6.92,82159.98,60937.52,21222.46
Asia,Brunei,Baby Food,Offline,M,10-11-2015,889254701,11/18/2015,9082,255.28,159.42,2318452.96,1447852.44,870600.52
Sub-Saharan Africa,Kenya,Vegetables,Offline,C,3/25/2014,902225863,3/25/2014,7537,154.06,90.93,1161150.22,685339.41,475810.81
Australia and Oceania,Australia,Vegetables,Offline,M,06-12-2017,804853093,6/28/2017,2771,154.06,90.93,426900.26,251967.03,174933.23
Europe,Georgia,Cosmetics,Online,M,6/23/2014,453435218,7/29/2014,412,437.2,263.33,180126.4,108491.96,71634.44
Sub-Saharan Africa,Tanzania,Clothes,Online,M,7/26/2010,224583566,8/14/2010,8123,109.28,35.84,887681.44,291128.32,596553.12
Sub-Saharan Africa,Eritrea,Fruits,Online,M,10/31/2015,565221965,11/17/2015,595,9.33,6.92,5551.35,4117.4,1433.95
Australia and Oceania,Tuvalu,Meat,Offline,L,2/21/2011,642586743,04-08-2011,4552,421.89,364.69,1920443.28,1660068.88,260374.4
Asia,Tajikistan,Vegetables,Online,M,07-11-2012,594226729,7/15/2012,3749,154.06,90.93,577570.94,340896.57,236674.37
Europe,Sweden,Office Supplies,Offline,M,05-08-2014,178003251,5/17/2014,3972,651.21,524.96,2586606.12,2085141.12,501465
Sub-Saharan Africa,Zambia,Personal Care,Offline,H,11-02-2015,122090137,11/17/2015,8039,81.73,56.67,657027.47,455570.13,201457.34
Australia and Oceania,Tuvalu,Cosmetics,Online,M,04-06-2017,774973714,5/14/2017,798,437.2,263.33,348885.6,210137.34,138748.26
Sub-Saharan Africa,Liberia,Baby Food,Online,C,3/14/2016,755452811,4/15/2016,4130,255.28,159.42,1054306.4,658404.6,395901.8
Middle East and North Africa,Tunisia ,Fruits,Online,M,04-10-2011,102638757,4/27/2011,1944,9.33,6.92,18137.52,13452.48,4685.04
Sub-Saharan Africa,Cape Verde,Office Supplies,Offline,C,7/14/2013,725955379,7/14/2013,5184,651.21,524.96,3375872.64,2721392.64,654480
Europe,Estonia,Household,Online,C,5/20/2012,555139005,5/20/2012,6823,668.27,502.54,4559606.21,3428830.42,1130775.79
Sub-Saharan Africa,Lesotho,Vegetables,Offline,M,3/19/2017,290238463,4/15/2017,6866,154.06,90.93,1057775.96,624325.38,433450.58
North America,Mexico,Office Supplies,Offline,L,10-09-2015,251615083,10-09-2015,7349,651.21,524.96,4785742.29,3857931.04,927811.25
Europe,Slovenia,Cereal,Offline,C,10/17/2015,829942691,11/18/2015,7340,205.7,117.11,1509838,859587.4,650250.6
Europe,Malta,Cosmetics,Online,L,12-08-2010,236207616,1/20/2011,7937,437.2,263.33,3470056.4,2090050.21,1380006.19
Europe,Spain,Household,Offline,H,11-10-2014,351708686,12/27/2014,7271,668.27,502.54,4858991.17,3653968.34,1205022.83
Sub-Saharan Africa,Kenya,Fruits,Online,C,12/27/2011,878057229,01-12-2012,5501,9.33,6.92,51324.33,38066.92,13257.41
Sub-Saharan Africa,Democratic Republic of the Congo,Snacks,Offline,H,4/29/2014,687177073,5/15/2014,9821,152.58,97.44,1498488.18,956958.24,541529.94
Sub-Saharan Africa,Benin,Snacks,Online,M,3/18/2012,971304547,04-09-2012,9455,152.58,97.44,1442643.9,921295.2,521348.7
Europe,Finland,Cereal,Offline,H,12/30/2015,292988479,2/17/2016,657,205.7,117.11,135144.9,76941.27,58203.63
Europe,Iceland,Beverages,Offline,H,05-12-2014,435090196,06-04-2014,1712,47.45,31.79,81234.4,54424.48,26809.92
Sub-Saharan Africa,Lesotho,Clothes,Offline,L,12/29/2015,550783526,01-10-2016,7940,109.28,35.84,867683.2,284569.6,583113.6
Europe,Romania,Baby Food,Online,L,07-03-2015,313554799,8/18/2015,6688,255.28,159.42,1707312.64,1066200.96,641111.68
Sub-Saharan Africa,Democratic Republic of the Congo,Snacks,Online,M,05-04-2012,367202842,6/14/2012,2336,152.58,97.44,356426.88,227619.84,128807.04
Sub-Saharan Africa,Equatorial Guinea,Meat,Online,C,08-08-2014,975838983,09-06-2014,1295,421.89,364.69,546347.55,472273.55,74074
Asia,Mongolia,Cosmetics,Offline,M,07-08-2012,673887050,08-05-2012,7008,437.2,263.33,3063897.6,1845416.64,1218480.96
Middle East and North Africa,Saudi Arabia,Clothes,Online,M,07-09-2012,316083371,7/31/2012,4948,109.28,35.84,540717.44,177336.32,363381.12
Asia,Kazakhstan,Fruits,Online,H,10-04-2010,827476775,11-05-2010,7621,9.33,6.92,71103.93,52737.32,18366.61
Middle East and North Africa,United Arab Emirates,Office Supplies,Online,L,01-04-2012,953428590,2/14/2012,9562,651.21,524.96,6226870.02,5019667.52,1207202.5
Asia,India,Fruits,Offline,L,10-05-2010,409612643,10/26/2010,2338,9.33,6.92,21813.54,16178.96,5634.58
Europe,Hungary,Vegetables,Offline,H,2/19/2010,332015264,2/27/2010,9549,154.06,90.93,1471118.94,868290.57,602828.37
Sub-Saharan Africa,Comoros,Office Supplies,Online,H,7/16/2010,126935279,8/13/2010,1825,651.21,524.96,1188458.25,958052,230406.25
Europe,Germany,Snacks,Offline,L,06-09-2013,620984017,6/25/2013,1825,152.58,97.44,278458.5,177828,100630.5
Asia,China,Vegetables,Offline,H,01-03-2010,911085307,2/21/2010,9244,154.06,90.93,1424130.64,840556.92,583573.72
Europe,Armenia,Cereal,Offline,L,3/16/2015,614475476,3/29/2015,5803,205.7,117.11,1193677.1,679589.33,514087.77
Asia,Turkmenistan,Personal Care,Online,M,12/21/2010,318703353,1/29/2011,259,81.73,56.67,21168.07,14677.53,6490.54
Europe,Montenegro,Beverages,Online,C,08-11-2010,231630265,8/25/2010,3398,47.45,31.79,161235.1,108022.42,53212.68
Europe,Russia,Office Supplies,Offline,H,2/16/2017,631430041,03-06-2017,3036,651.21,524.96,1977073.56,1593778.56,383295
Europe,Italy,Cereal,Offline,L,11/16/2011,516589009,12/30/2011,9022,205.7,117.11,1855825.4,1056566.42,799258.98
Sub-Saharan Africa,Republic of the Congo,Beverages,Offline,H,05-08-2011,755905997,5/28/2011,8237,47.45,31.79,390845.65,261854.23,128991.42
Sub-Saharan Africa,Zambia,Beverages,Online,M,5/22/2010,938492333,07-03-2010,9592,47.45,31.79,455140.4,304929.68,150210.72
Sub-Saharan Africa,Liberia,Beverages,Offline,L,04-06-2016,723771846,5/15/2016,9028,47.45,31.79,428378.6,287000.12,141378.48
Asia,Malaysia,Personal Care,Offline,L,08-01-2014,291480863,08-09-2014,4519,81.73,56.67,369337.87,256091.73,113246.14
Sub-Saharan Africa,Sierra Leone,Clothes,Online,M,12/16/2010,791668212,1/17/2011,1071,109.28,35.84,117038.88,38384.64,78654.24
Middle East and North Africa,Egypt,Baby Food,Online,M,1/23/2012,294695222,1/29/2012,5720,255.28,159.42,1460201.6,911882.4,548319.2
Europe,Iceland,Beverages,Online,M,04-11-2014,541235721,4/29/2014,2532,47.45,31.79,120143.4,80492.28,39651.12
Sub-Saharan Africa,The Gambia,Snacks,Online,L,1/16/2015,192276036,1/29/2015,7607,152.58,97.44,1160676.06,741226.08,419449.98
Australia and Oceania,Tuvalu,Vegetables,Online,H,8/29/2016,679114997,9/28/2016,4074,154.06,90.93,627640.44,370448.82,257191.62
Central America and the Caribbean,Panama,Meat,Online,L,12-02-2014,353363931,12/19/2014,7094,421.89,364.69,2992887.66,2587110.86,405776.8
Central America and the Caribbean,Panama,Clothes,Offline,C,6/15/2010,336946666,6/28/2010,8861,109.28,35.84,968330.08,317578.24,650751.84
Sub-Saharan Africa,Rwanda,Cereal,Offline,M,7/19/2012,472099530,08-07-2012,3597,205.7,117.11,739902.9,421244.67,318658.23
Europe,Slovakia,Household,Online,M,08-09-2012,671371352,09-02-2012,2557,668.27,502.54,1708766.39,1284994.78,423771.61
Sub-Saharan Africa,Central African Republic,Meat,Offline,M,09-05-2010,467623460,10-06-2010,9028,421.89,364.69,3808822.92,3292421.32,516401.6
Australia and Oceania,Solomon Islands,Meat,Offline,L,09-01-2011,364029681,10-03-2011,3327,421.89,364.69,1403628.03,1213323.63,190304.4
Sub-Saharan Africa,Eritrea,Meat,Offline,C,12/16/2013,484076344,1/16/2014,7802,421.89,364.69,3291585.78,2845311.38,446274.4
Sub-Saharan Africa,Kenya,Fruits,Offline,M,3/24/2013,121562278,4/13/2013,1834,9.33,6.92,17111.22,12691.28,4419.94
Sub-Saharan Africa,Guinea-Bissau,Vegetables,Offline,L,10-11-2013,890598809,10/17/2013,6834,154.06,90.93,1052846.04,621415.62,431430.42
Sub-Saharan Africa,Mauritania,Personal Care,Online,H,3/13/2017,875609767,4/15/2017,1243,81.73,56.67,101590.39,70440.81,31149.58
Sub-Saharan Africa,Sao Tome and Principe,Fruits,Offline,L,12/29/2010,481331479,01-06-2011,5536,9.33,6.92,51650.88,38309.12,13341.76
Middle East and North Africa,Turkey,Cereal,Online,L,3/29/2010,182812774,4/25/2010,7217,205.7,117.11,1484536.9,845182.87,639354.03
Europe,Albania,Cosmetics,Online,H,12-06-2015,975414979,1/25/2016,5823,437.2,263.33,2545815.6,1533370.59,1012445.01
North America,Greenland,Baby Food,Online,H,03-12-2011,324811923,04-04-2011,7921,255.28,159.42,2022072.88,1262765.82,759307.06
Central America and the Caribbean,Dominica,Household,Offline,H,07-07-2010,716989934,7/14/2010,2109,668.27,502.54,1409381.43,1059856.86,349524.57
Europe,Denmark,Office Supplies,Offline,L,07-05-2010,208247840,07-07-2010,4018,651.21,524.96,2616561.78,2109289.28,507272.5
Central America and the Caribbean,Dominican Republic,Cosmetics,Offline,H,06-05-2016,975196969,6/25/2016,1309,437.2,263.33,572294.8,344698.97,227595.83
Central America and the Caribbean,Belize,Cereal,Offline,C,8/31/2015,764761149,09-11-2015,8674,205.7,117.11,1784241.8,1015812.14,768429.66
Europe,France,Beverages,Online,L,10/24/2011,544176709,12-02-2011,2836,47.45,31.79,134568.2,90156.44,44411.76
Europe,Luxembourg,Personal Care,Online,H,4/28/2013,450992476,05-02-2013,7551,81.73,56.67,617143.23,427915.17,189228.06
Middle East and North Africa,Afghanistan,Household,Offline,L,7/25/2014,243069779,8/19/2014,8604,668.27,502.54,5749795.08,4323854.16,1425940.92
Europe,Bosnia and Herzegovina,Cereal,Online,H,10-02-2014,648582446,10-05-2014,8814,205.7,117.11,1813039.8,1032207.54,780832.26
North America,Mexico,Cosmetics,Online,M,03-06-2014,216016805,3/13/2014,3028,437.2,263.33,1323841.6,797363.24,526478.36
Sub-Saharan Africa,Uganda,Household,Online,M,5/26/2010,264171683,07-06-2010,3126,668.27,502.54,2089012.02,1570940.04,518071.98
Europe,Denmark,Snacks,Offline,C,03-12-2017,832158410,04-03-2017,3021,152.58,97.44,460944.18,294366.24,166577.94
Middle East and North Africa,Algeria,Cosmetics,Offline,H,4/28/2015,229400813,05-07-2015,3653,437.2,263.33,1597091.6,961944.49,635147.11
Central America and the Caribbean,Costa Rica,Clothes,Online,H,11/24/2016,885635221,12/16/2016,7997,109.28,35.84,873912.16,286612.48,587299.68
Middle East and North Africa,Morocco,Baby Food,Online,M,03-05-2016,800910460,3/23/2016,6058,255.28,159.42,1546486.24,965766.36,580719.88
Central America and the Caribbean,Barbados,Snacks,Offline,L,1/16/2016,295587861,02-05-2016,9872,152.58,97.44,1506269.76,961927.68,544342.08
Europe,United Kingdom,Meat,Offline,C,8/30/2016,660341250,10-06-2016,8505,421.89,364.69,3588174.45,3101688.45,486486
Sub-Saharan Africa,Senegal,Snacks,Online,C,09-11-2011,106156957,10/23/2011,3057,152.58,97.44,466437.06,297874.08,168562.98
Sub-Saharan Africa,Eritrea,Clothes,Online,H,10/18/2014,514333808,12-03-2014,1658,109.28,35.84,181186.24,59422.72,121763.52
Middle East and North Africa,Syria,Baby Food,Offline,C,5/25/2010,686483132,6/19/2010,4469,255.28,159.42,1140846.32,712447.98,428398.34
Sub-Saharan Africa,Mauritania,Office Supplies,Offline,M,6/29/2010,394528758,08-10-2010,8682,651.21,524.96,5653805.22,4557702.72,1096102.5
Sub-Saharan Africa,Liberia,Personal Care,Online,L,12/31/2012,830707013,1/22/2013,3520,81.73,56.67,287689.6,199478.4,88211.2
Sub-Saharan Africa,Uganda,Cereal,Offline,L,2/14/2013,557566726,3/17/2013,5239,205.7,117.11,1077662.3,613539.29,464123.01
Sub-Saharan Africa,Lesotho,Office Supplies,Online,C,09-09-2014,457969224,10/25/2014,2125,651.21,524.96,1383821.25,1115540,268281.25
Europe,Montenegro,Cereal,Offline,L,3/30/2011,585088336,05-03-2011,9495,205.7,117.11,1953121.5,1111959.45,841162.05
Sub-Saharan Africa,Kenya,Fruits,Online,C,7/14/2012,612410390,08-06-2012,4698,9.33,6.92,43832.34,32510.16,11322.18
Asia,Philippines,Vegetables,Offline,C,06-11-2010,283734214,7/13/2010,2114,154.06,90.93,325682.84,192226.02,133456.82
Central America and the Caribbean,Cuba,Office Supplies,Online,L,1/25/2013,763171136,03-07-2013,8153,651.21,524.96,5309315.13,4279998.88,1029316.25
Sub-Saharan Africa,Mali,Household,Online,L,8/21/2010,585144984,09-09-2010,6259,668.27,502.54,4182701.93,3145397.86,1037304.07
Middle East and North Africa,Somalia,Cereal,Online,H,2/26/2017,604392087,2/26/2017,1904,205.7,117.11,391652.8,222977.44,168675.36
Sub-Saharan Africa,Equatorial Guinea,Household,Offline,H,8/16/2013,845961272,8/21/2013,7594,668.27,502.54,5074842.38,3816288.76,1258553.62
Asia,North Korea,Cosmetics,Online,C,5/25/2012,955213868,06-10-2012,7865,437.2,263.33,3438578,2071090.45,1367487.55
Europe,Croatia,Meat,Offline,L,7/15/2015,647823703,7/22/2015,4285,421.89,364.69,1807798.65,1562696.65,245102
Central America and the Caribbean,Belize,Fruits,Online,L,01-05-2011,159777104,1/19/2011,451,9.33,6.92,4207.83,3120.92,1086.91
Middle East and North Africa,Pakistan,Fruits,Offline,C,5/20/2014,697372901,5/29/2014,6993,9.33,6.92,65244.69,48391.56,16853.13
Central America and the Caribbean,Dominican Republic,Snacks,Offline,H,12/19/2011,387222421,1/20/2012,6574,152.58,97.44,1003060.92,640570.56,362490.36
Europe,Ireland,Household,Online,M,1/29/2010,126249492,02-03-2010,8885,668.27,502.54,5937578.95,4465067.9,1472511.05
Middle East and North Africa,Iran,Cereal,Offline,H,02-11-2016,431690442,03-02-2016,5650,205.7,117.11,1162205,661671.5,500533.5
Australia and Oceania,New Zealand,Vegetables,Offline,C,01-03-2012,991094100,01-05-2012,5623,154.06,90.93,866279.38,511299.39,354979.99
Central America and the Caribbean,Haiti,Clothes,Offline,C,1/22/2011,212321794,03-07-2011,9592,109.28,35.84,1048213.76,343777.28,704436.48
Europe,Latvia,Meat,Online,C,4/13/2016,173547351,05-04-2016,5373,421.89,364.69,2266814.97,1959479.37,307335.6
Europe,Portugal,Household,Offline,M,08-06-2016,773257100,09-03-2016,2814,668.27,502.54,1880511.78,1414147.56,466364.22
Europe,Germany,Fruits,Online,L,05-10-2013,180249869,6/22/2013,8797,9.33,6.92,82076.01,60875.24,21200.77
Europe,United Kingdom,Cereal,Offline,L,7/18/2016,683636987,7/28/2016,2231,205.7,117.11,458916.7,261272.41,197644.29
Sub-Saharan Africa,Kenya,Cosmetics,Offline,L,9/18/2010,142842280,9/30/2010,9060,437.2,263.33,3961032,2385769.8,1575262.2
Sub-Saharan Africa,Rwanda,Fruits,Offline,L,10-06-2011,537602078,11/19/2011,7257,9.33,6.92,67707.81,50218.44,17489.37
Sub-Saharan Africa,Namibia,Baby Food,Online,M,2/26/2010,317965209,04-04-2010,1826,255.28,159.42,466141.28,291100.92,175040.36
Sub-Saharan Africa,Cote d'Ivoire,Baby Food,Online,H,7/27/2012,254293000,09-05-2012,9805,255.28,159.42,2503020.4,1563113.1,939907.3
Australia and Oceania,Fiji,Beverages,Offline,H,5/20/2015,287259280,6/26/2015,5259,47.45,31.79,249539.55,167183.61,82355.94
Sub-Saharan Africa,Democratic Republic of the Congo,Cereal,Offline,M,1/15/2016,877850377,02-10-2016,4289,205.7,117.11,882247.3,502284.79,379962.51
Sub-Saharan Africa,Ghana,Baby Food,Online,C,11-01-2016,757365119,12/15/2016,24,255.28,159.42,6126.72,3826.08,2300.64
Central America and the Caribbean,Nicaragua,Snacks,Online,L,7/25/2013,977414834,09-03-2013,7625,152.58,97.44,1163422.5,742980,420442.5
Middle East and North Africa,Turkey,Beverages,Offline,L,06-07-2014,859923350,06-09-2014,9284,47.45,31.79,440525.8,295138.36,145387.44
Europe,Spain,Vegetables,Offline,M,7/28/2013,247126996,8/30/2013,9225,154.06,90.93,1421203.5,838829.25,582374.25
Central America and the Caribbean,Dominica,Vegetables,Online,L,7/18/2017,851574599,08-07-2017,8703,154.06,90.93,1340784.18,791363.79,549420.39
Central America and the Caribbean,Panama,Household,Online,C,3/31/2011,406127488,4/18/2011,1004,668.27,502.54,670943.08,504550.16,166392.92
Middle East and North Africa,Egypt,Office Supplies,Online,M,9/22/2014,313959491,10-09-2014,6445,651.21,524.96,4197048.45,3383367.2,813681.25
Central America and the Caribbean,Dominica,Vegetables,Offline,C,3/24/2011,698556935,4/15/2011,7375,154.06,90.93,1136192.5,670608.75,465583.75
Sub-Saharan Africa,Cameroon,Fruits,Offline,M,7/27/2011,853718650,8/21/2011,3175,9.33,6.92,29622.75,21971,7651.75
Middle East and North Africa,Algeria,Snacks,Online,C,6/24/2012,593555963,7/26/2012,5254,152.58,97.44,801655.32,511949.76,289705.56
Asia,Laos,Household,Offline,C,7/22/2015,702492702,8/29/2015,2056,668.27,502.54,1373963.12,1033222.24,340740.88
Europe,Kosovo,Fruits,Offline,C,11-12-2015,685265195,11-12-2015,4054,9.33,6.92,37823.82,28053.68,9770.14
Europe,Serbia,Cereal,Online,M,05-05-2013,116922271,5/20/2013,8753,205.7,117.11,1800492.1,1025063.83,775428.27
Central America and the Caribbean,Dominican Republic,Office Supplies,Online,H,7/22/2016,892825257,8/31/2016,5689,651.21,524.96,3704733.69,2986497.44,718236.25
Europe,Germany,Snacks,Offline,L,3/16/2016,478647983,04-09-2016,1430,152.58,97.44,218189.4,139339.2,78850.2
Europe,Croatia,Cosmetics,Online,H,8/18/2011,460376775,9/14/2011,4573,437.2,263.33,1999315.6,1204208.09,795107.51
Europe,Iceland,Beverages,Online,H,08-03-2014,694310462,9/21/2014,750,47.45,31.79,35587.5,23842.5,11745
Europe,Georgia,Snacks,Offline,M,03-11-2015,657060372,4/30/2015,7620,152.58,97.44,1162659.6,742492.8,420166.8
Europe,Poland,Cereal,Offline,L,12/22/2015,795550334,1/23/2016,9878,205.7,117.11,2031904.6,1156812.58,875092.02
Sub-Saharan Africa,Ghana,Meat,Online,H,12/15/2012,277016675,12/24/2012,4245,421.89,364.69,1790923.05,1548109.05,242814
Sub-Saharan Africa,Guinea-Bissau,Baby Food,Online,M,08-05-2014,139008224,09-07-2014,4477,255.28,159.42,1142888.56,713723.34,429165.22
Sub-Saharan Africa,Sao Tome and Principe,Cosmetics,Online,M,04-01-2015,139386308,4/20/2015,6361,437.2,263.33,2781029.2,1675042.13,1105987.07
Sub-Saharan Africa,The Gambia,Clothes,Online,L,2/22/2014,106324756,3/15/2014,2713,109.28,35.84,296476.64,97233.92,199242.72
Middle East and North Africa,Algeria,Office Supplies,Offline,L,7/26/2011,388309895,7/31/2011,8382,651.21,524.96,5458442.22,4400214.72,1058227.5
Asia,Mongolia,Personal Care,Offline,M,8/24/2012,504140555,9/20/2012,5248,81.73,56.67,428919.04,297404.16,131514.88
Europe,San Marino,Personal Care,Online,L,01-07-2016,492928063,01-12-2016,7223,81.73,56.67,590335.79,409327.41,181008.38
Sub-Saharan Africa,Botswana,Cereal,Offline,C,01-04-2010,464096248,2/21/2010,5248,205.7,117.11,1079513.6,614593.28,464920.32
Sub-Saharan Africa,South Sudan,Baby Food,Online,L,4/26/2014,147381436,5/18/2014,2297,255.28,159.42,586378.16,366187.74,220190.42
Sub-Saharan Africa,Chad,Snacks,Offline,C,08-12-2015,242832458,9/19/2015,8375,152.58,97.44,1277857.5,816060,461797.5
Central America and the Caribbean,Saint Vincent and the Grenadines,Meat,Offline,C,10/14/2016,170810639,10/31/2016,5519,421.89,364.69,2328410.91,2012724.11,315686.8
Central America and the Caribbean,Guatemala,Cosmetics,Offline,M,06-07-2010,321989810,6/26/2010,2795,437.2,263.33,1221974,736007.35,485966.65
Europe,France,Household,Offline,H,12-05-2012,707356297,12/22/2012,1302,668.27,502.54,870087.54,654307.08,215780.46
Asia,North Korea,Baby Food,Offline,L,3/18/2015,508208930,04-10-2015,9171,255.28,159.42,2341172.88,1462040.82,879132.06
Sub-Saharan Africa,Guinea-Bissau,Beverages,Online,M,11-06-2016,326159036,11/17/2016,6561,47.45,31.79,311319.45,208574.19,102745.26
Australia and Oceania,Papua New Guinea,Fruits,Online,C,9/14/2014,833130443,10/30/2014,667,9.33,6.92,6223.11,4615.64,1607.47
Australia and Oceania,Samoa ,Meat,Offline,M,04-06-2014,521359479,04-06-2014,710,421.89,364.69,299541.9,258929.9,40612
Europe,Vatican City,Vegetables,Offline,L,9/22/2010,653394973,11-03-2010,2947,154.06,90.93,454014.82,267970.71,186044.11
Middle East and North Africa,Tunisia ,Cosmetics,Offline,C,6/30/2015,312098252,8/16/2015,5663,437.2,263.33,2475863.6,1491237.79,984625.81
Middle East and North Africa,Azerbaijan,Personal Care,Online,C,7/16/2014,450643146,8/18/2014,4176,81.73,56.67,341304.48,236653.92,104650.56
Middle East and North Africa,Azerbaijan,Clothes,Offline,M,1/14/2010,742515981,02-11-2010,5834,109.28,35.84,637539.52,209090.56,428448.96
North America,Mexico,Baby Food,Offline,C,08-05-2016,931515586,08-05-2016,5017,255.28,159.42,1280739.76,799810.14,480929.62
Europe,Slovenia,Meat,Online,L,01-04-2012,381753289,02-04-2012,8137,421.89,364.69,3432918.93,2967482.53,465436.4
Central America and the Caribbean,Dominican Republic,Office Supplies,Online,H,10/20/2016,327652919,11/28/2016,8635,651.21,524.96,5623198.35,4533029.6,1090168.75
Europe,Bulgaria,Household,Offline,C,09-09-2014,723950803,9/16/2014,1985,668.27,502.54,1326515.95,997541.9,328974.05
Europe,Slovenia,Fruits,Offline,M,12/18/2016,695695769,12/24/2016,693,9.33,6.92,6465.69,4795.56,1670.13
Sub-Saharan Africa,Togo,Cereal,Online,L,04-05-2013,788249146,4/26/2013,9294,205.7,117.11,1911775.8,1088420.34,823355.46
Sub-Saharan Africa,Botswana,Beverages,Offline,L,3/17/2013,717284762,04-09-2013,9356,47.45,31.79,443942.2,297427.24,146514.96
Sub-Saharan Africa,Namibia,Office Supplies,Offline,H,05-12-2012,718788945,6/29/2012,4477,651.21,524.96,2915467.17,2350245.92,565221.25
Sub-Saharan Africa,Madagascar,Vegetables,Online,H,2/15/2011,199060523,03-06-2011,5287,154.06,90.93,814515.22,480746.91,333768.31
Sub-Saharan Africa,Sudan,Cereal,Online,C,12/18/2010,884710824,01-12-2011,4448,205.7,117.11,914953.6,520905.28,394048.32
Sub-Saharan Africa,Madagascar,Vegetables,Online,L,8/16/2010,972663676,9/26/2010,1651,154.06,90.93,254353.06,150125.43,104227.63
Asia,Thailand,Fruits,Online,M,6/29/2017,980155408,07-04-2017,8621,9.33,6.92,80433.93,59657.32,20776.61
Sub-Saharan Africa,Sao Tome and Principe,Office Supplies,Online,L,07-06-2013,594734847,8/21/2013,4112,651.21,524.96,2677775.52,2158635.52,519140
Sub-Saharan Africa,Sao Tome and Principe,Snacks,Online,M,12/25/2011,924263322,12/26/2011,8911,152.58,97.44,1359640.38,868287.84,491352.54
Europe,Ireland,Snacks,Offline,H,11/29/2015,446914660,12-01-2015,834,152.58,97.44,127251.72,81264.96,45986.76
Central America and the Caribbean,Guatemala,Office Supplies,Offline,H,3/22/2014,861175191,05-01-2014,9731,651.21,524.96,6336924.51,5108385.76,1228538.75
Asia,Laos,Household,Offline,H,11-03-2015,335843741,12/17/2015,2481,668.27,502.54,1657977.87,1246801.74,411176.13
Middle East and North Africa,Lebanon,Office Supplies,Offline,H,08-09-2015,260031640,8/16/2015,7996,651.21,524.96,5207075.16,4197580.16,1009495
Sub-Saharan Africa,Namibia,Household,Online,C,3/18/2013,293162715,04-01-2013,2217,668.27,502.54,1481554.59,1114131.18,367423.41
Sub-Saharan Africa,Burkina Faso,Cereal,Online,C,12/27/2016,614973294,01-03-2017,3119,205.7,117.11,641578.3,365266.09,276312.21
Sub-Saharan Africa,Sao Tome and Principe,Office Supplies,Online,M,5/26/2017,575512206,6/16/2017,5706,651.21,524.96,3715804.26,2995421.76,720382.5
Europe,Finland,Fruits,Online,H,7/20/2013,945140779,7/21/2013,7014,9.33,6.92,65440.62,48536.88,16903.74
North America,United States of America,Cosmetics,Online,H,12/17/2016,764532840,1/20/2017,1112,437.2,263.33,486166.4,292822.96,193343.44
Sub-Saharan Africa,Ethiopia,Meat,Online,M,07-05-2017,494674718,7/21/2017,4097,421.89,364.69,1728483.33,1494134.93,234348.4
Central America and the Caribbean,Guatemala,Snacks,Offline,H,6/26/2017,666865241,08-01-2017,9099,152.58,97.44,1388325.42,886606.56,501718.86
Sub-Saharan Africa,Cameroon,Vegetables,Offline,L,09-05-2012,532715737,10/16/2012,1280,154.06,90.93,197196.8,116390.4,80806.4
Australia and Oceania,Marshall Islands,Vegetables,Offline,C,4/23/2011,314150035,5/13/2011,2831,154.06,90.93,436143.86,257422.83,178721.03
Middle East and North Africa,Oman,Snacks,Online,L,1/27/2015,753404462,2/21/2015,7977,152.58,97.44,1217130.66,777278.88,439851.78
Sub-Saharan Africa,Equatorial Guinea,Cosmetics,Offline,H,5/20/2015,863027846,07-04-2015,7973,437.2,263.33,3485795.6,2099530.09,1386265.51
Central America and the Caribbean,Panama,Baby Food,Online,L,4/14/2012,175881516,5/17/2012,6104,255.28,159.42,1558229.12,973099.68,585129.44
Europe,Macedonia,Meat,Offline,M,09-07-2010,995139300,10-07-2010,2688,421.89,364.69,1134040.32,980286.72,153753.6
Europe,Slovenia,Office Supplies,Offline,H,7/17/2016,744287526,8/27/2016,74,651.21,524.96,48189.54,38847.04,9342.5
Sub-Saharan Africa,Angola,Personal Care,Offline,C,5/19/2010,517125022,5/26/2010,7641,81.73,56.67,624498.93,433015.47,191483.46
Central America and the Caribbean,El Salvador,Meat,Online,C,8/28/2011,127763116,10-04-2011,6800,421.89,364.69,2868852,2479892,388960
Europe,Italy,Beverages,Offline,H,5/20/2014,360625636,06-11-2014,5994,47.45,31.79,284415.3,190549.26,93866.04
Australia and Oceania,Tuvalu,Vegetables,Online,M,8/20/2013,720448911,09-10-2013,5698,154.06,90.93,877833.88,518119.14,359714.74
Sub-Saharan Africa,Guinea,Fruits,Online,H,12-02-2016,782281768,01-02-2017,3414,9.33,6.92,31852.62,23624.88,8227.74
Australia and Oceania,Samoa ,Beverages,Offline,L,1/31/2010,641485536,02-08-2010,8680,47.45,31.79,411866,275937.2,135928.8
Middle East and North Africa,Syria,Snacks,Offline,L,02-12-2014,463734042,2/15/2014,8063,152.58,97.44,1230252.54,785658.72,444593.82
Asia,Singapore,Beverages,Online,L,3/20/2013,935013616,4/14/2013,162,47.45,31.79,7686.9,5149.98,2536.92
Europe,Serbia,Personal Care,Online,H,7/27/2011,111623084,8/18/2011,606,81.73,56.67,49528.38,34342.02,15186.36
Middle East and North Africa,Iraq,Household,Online,C,06-05-2014,170173776,06-12-2014,7057,668.27,502.54,4715981.39,3546424.78,1169556.61
Europe,Lithuania,Vegetables,Offline,L,10-02-2016,657589519,11-03-2016,4206,154.06,90.93,647976.36,382451.58,265524.78
Middle East and North Africa,Tunisia ,Vegetables,Online,C,7/29/2014,741106641,08-06-2014,8779,154.06,90.93,1352492.74,798274.47,554218.27
Middle East and North Africa,Kuwait,Personal Care,Online,L,05-02-2016,558273971,06-11-2016,4529,81.73,56.67,370155.17,256658.43,113496.74
Central America and the Caribbean,Haiti,Clothes,Online,L,5/28/2016,766952836,07-08-2016,7242,109.28,35.84,791405.76,259553.28,531852.48
Europe,Albania,Household,Offline,M,01-03-2014,295317065,1/19/2014,9737,668.27,502.54,6506944.99,4893231.98,1613713.01
Sub-Saharan Africa,Namibia,Clothes,Offline,H,12/30/2016,391852986,1/30/2017,6861,109.28,35.84,749770.08,245898.24,503871.84
Europe,Cyprus,Personal Care,Online,C,5/14/2015,575359427,6/25/2015,495,81.73,56.67,40456.35,28051.65,12404.7
Sub-Saharan Africa,Cameroon,Personal Care,Online,C,4/24/2015,884947717,05-11-2015,4550,81.73,56.67,371871.5,257848.5,114023
Middle East and North Africa,Turkey,Cosmetics,Offline,C,9/28/2012,530041682,10-10-2012,9967,437.2,263.33,4357572.4,2624610.11,1732962.29
Middle East and North Africa,Syria,Office Supplies,Online,M,3/16/2012,140377652,05-05-2012,9722,651.21,524.96,6331063.62,5103661.12,1227402.5
Middle East and North Africa,United Arab Emirates,Snacks,Offline,L,07-10-2015,416004455,8/15/2015,3818,152.58,97.44,582550.44,372025.92,210524.52
Sub-Saharan Africa,Malawi,Fruits,Online,L,06-07-2010,777283418,7/20/2010,4291,9.33,6.92,40035.03,29693.72,10341.31
Sub-Saharan Africa,The Gambia,Beverages,Online,C,04-01-2012,714888370,05-02-2012,210,47.45,31.79,9964.5,6675.9,3288.6
Sub-Saharan Africa,Uganda,Household,Offline,C,8/20/2014,239805638,09-11-2014,2672,668.27,502.54,1785617.44,1342786.88,442830.56
Europe,Malta,Meat,Online,M,02-04-2016,333334052,03-04-2016,9808,421.89,364.69,4137897.12,3576879.52,561017.6
Europe,Greece,Baby Food,Offline,H,3/15/2016,697084939,04-10-2016,1779,255.28,159.42,454143.12,283608.18,170534.94
Middle East and North Africa,Israel,Fruits,Online,C,10/26/2011,202982127,11/22/2011,5777,9.33,6.92,53899.41,39976.84,13922.57
Middle East and North Africa,Pakistan,Personal Care,Online,M,12/31/2015,943261945,01-06-2016,1026,81.73,56.67,83854.98,58143.42,25711.56
Middle East and North Africa,Oman,Clothes,Offline,L,5/15/2016,580473220,6/14/2016,3780,109.28,35.84,413078.4,135475.2,277603.2
Sub-Saharan Africa,Lesotho,Cosmetics,Offline,M,10-08-2016,897477281,11-03-2016,2326,437.2,263.33,1016927.2,612505.58,404421.62
Australia and Oceania,Marshall Islands,Fruits,Offline,M,9/26/2010,147447955,10-05-2010,1981,9.33,6.92,18482.73,13708.52,4774.21
Central America and the Caribbean,El Salvador,Office Supplies,Offline,H,08-04-2015,703871572,8/14/2015,94,651.21,524.96,61213.74,49346.24,11867.5
Asia,Kazakhstan,Snacks,Online,C,8/24/2015,510546958,10-10-2015,1045,152.58,97.44,159446.1,101824.8,57621.3
Europe,Romania,Clothes,Online,H,06-04-2011,731585443,7/23/2011,1245,109.28,35.84,136053.6,44620.8,91432.8
Europe,Montenegro,Fruits,Online,C,11/13/2015,801410853,12/20/2015,4135,9.33,6.92,38579.55,28614.2,9965.35
Europe,Montenegro,Vegetables,Online,H,09-12-2012,674759519,10/24/2012,5191,154.06,90.93,799725.46,472017.63,327707.83
Europe,Croatia,Cereal,Offline,C,3/16/2013,376680266,4/22/2013,6916,205.7,117.11,1422621.2,809932.76,612688.44
Sub-Saharan Africa,Mauritius ,Cosmetics,Online,L,08-06-2014,452534425,08-09-2014,3847,437.2,263.33,1681908.4,1013030.51,668877.89
Asia,Mongolia,Meat,Offline,M,05-11-2011,617995822,5/27/2011,7552,421.89,364.69,3186113.28,2754138.88,431974.4
Middle East and North Africa,Afghanistan,Clothes,Offline,H,03-10-2014,209050786,3/19/2014,1628,109.28,35.84,177907.84,58347.52,119560.32
Europe,Moldova ,Personal Care,Offline,C,12-01-2015,431998145,12-08-2015,6706,81.73,56.67,548081.38,380029.02,168052.36
Middle East and North Africa,Somalia,Meat,Offline,C,06-08-2010,313449227,7/25/2010,5447,421.89,364.69,2298034.83,1986466.43,311568.4
Europe,Andorra,Cereal,Online,M,8/23/2011,750327861,8/27/2011,7543,205.7,117.11,1551595.1,883360.73,668234.37
Asia,Uzbekistan,Household,Online,L,10-10-2011,459870374,10/29/2011,4718,668.27,502.54,3152897.86,2370983.72,781914.14
Sub-Saharan Africa,Malawi,Personal Care,Offline,L,6/29/2015,929625594,7/15/2015,5726,81.73,56.67,467985.98,324492.42,143493.56
Middle East and North Africa,Afghanistan,Cereal,Offline,H,5/18/2013,567454850,6/25/2013,1355,205.7,117.11,278723.5,158684.05,120039.45
Europe,Moldova ,Vegetables,Online,L,01-05-2016,551531970,1/16/2016,9421,154.06,90.93,1451399.26,856651.53,594747.73
Sub-Saharan Africa,Mauritania,Vegetables,Offline,M,4/26/2012,780343282,5/26/2012,9773,154.06,90.93,1505628.38,888658.89,616969.49
Sub-Saharan Africa,Niger,Vegetables,Offline,H,3/23/2011,322687613,4/14/2011,9291,154.06,90.93,1431371.46,844830.63,586540.83
Australia and Oceania,Kiribati,Baby Food,Online,C,2/19/2015,567676293,3/24/2015,6885,255.28,159.42,1757602.8,1097606.7,659996.1
Australia and Oceania,Marshall Islands,Office Supplies,Online,L,03-07-2016,274733150,4/20/2016,8499,651.21,524.96,5534633.79,4461635.04,1072998.75
Central America and the Caribbean,Costa Rica,Cereal,Online,M,02-11-2015,523594510,04-01-2015,2106,205.7,117.11,433204.2,246633.66,186570.54
Australia and Oceania,Kiribati,Baby Food,Online,C,7/18/2017,664309203,8/20/2017,2710,255.28,159.42,691808.8,432028.2,259780.6
Asia,China,Personal Care,Online,L,01-02-2015,567238557,02-12-2015,7349,81.73,56.67,600633.77,416467.83,184165.94
Middle East and North Africa,Qatar,Meat,Online,L,06-11-2011,173056399,6/20/2011,89,421.89,364.69,37548.21,32457.41,5090.8
Sub-Saharan Africa,Niger,Cereal,Offline,L,11/17/2011,842749059,12/22/2011,7029,205.7,117.11,1445865.3,823166.19,622699.11
Europe,Sweden,Beverages,Online,M,1/13/2011,407615363,1/18/2011,1299,47.45,31.79,61637.55,41295.21,20342.34
Sub-Saharan Africa,Mali,Baby Food,Offline,H,04-09-2012,819266641,4/28/2012,8060,255.28,159.42,2057556.8,1284925.2,772631.6
Sub-Saharan Africa,Cameroon,Beverages,Offline,L,3/25/2016,499626719,04-09-2016,9504,47.45,31.79,450964.8,302132.16,148832.64
Australia and Oceania,Vanuatu,Personal Care,Online,M,1/16/2017,190931928,03-03-2017,9855,81.73,56.67,805449.15,558482.85,246966.3
Australia and Oceania,New Zealand,Cosmetics,Offline,H,09-10-2013,705731093,10/28/2013,368,437.2,263.33,160889.6,96905.44,63984.16
Sub-Saharan Africa,Central African Republic,Personal Care,Offline,L,10/19/2013,676885545,11/14/2013,4329,81.73,56.67,353809.17,245324.43,108484.74
Sub-Saharan Africa,Djibouti,Snacks,Offline,L,09-09-2014,607569110,9/30/2014,2056,152.58,97.44,313704.48,200336.64,113367.84
Europe,Romania,Household,Offline,L,10-04-2014,621268117,11-11-2014,5897,668.27,502.54,3940788.19,2963478.38,977309.81
Sub-Saharan Africa,Cape Verde,Baby Food,Online,L,3/29/2017,911781394,4/16/2017,5231,255.28,159.42,1335369.68,833926.02,501443.66
Asia,Philippines,Vegetables,Offline,C,4/23/2011,393220269,05-12-2011,1471,154.06,90.93,226622.26,133758.03,92864.23
Sub-Saharan Africa,Ghana,Office Supplies,Online,L,09-07-2013,750008571,10-11-2013,3058,651.21,524.96,1991400.18,1605327.68,386072.5
Central America and the Caribbean,Saint Vincent and the Grenadines,Household,Online,H,11/18/2011,586882627,12-08-2011,466,668.27,502.54,311413.82,234183.64,77230.18
Asia,Tajikistan,Household,Online,M,5/25/2013,378891265,6/18/2013,1200,668.27,502.54,801924,603048,198876
Europe,Malta,Household,Offline,H,8/28/2011,221395814,09-02-2011,4796,668.27,502.54,3205022.92,2410181.84,794841.08
Middle East and North Africa,Jordan,Baby Food,Offline,C,07-02-2012,280070102,07-12-2012,7822,255.28,159.42,1996800.16,1246983.24,749816.92
Australia and Oceania,New Zealand,Snacks,Online,H,04-12-2015,340900456,04-12-2015,8875,152.58,97.44,1354147.5,864780,489367.5
Central America and the Caribbean,Saint Lucia,Office Supplies,Offline,M,08-05-2016,260185706,8/29/2016,3587,651.21,524.96,2335890.27,1883031.52,452858.75
Asia,Laos,Household,Online,L,2/19/2014,414537179,04-04-2014,9618,668.27,502.54,6427420.86,4833429.72,1593991.14
Europe,Macedonia,Household,Offline,H,06-08-2010,350878703,6/17/2010,1660,668.27,502.54,1109328.2,834216.4,275111.8
Sub-Saharan Africa,Madagascar,Fruits,Online,C,8/30/2016,136446607,10-05-2016,6438,9.33,6.92,60066.54,44550.96,15515.58
Sub-Saharan Africa,Burkina Faso,Office Supplies,Offline,M,12/23/2010,808789718,1/17/2011,7705,651.21,524.96,5017573.05,4044816.8,972756.25
Europe,Netherlands,Personal Care,Offline,C,6/19/2010,325769364,7/30/2010,1249,81.73,56.67,102080.77,70780.83,31299.94
Sub-Saharan Africa,Sao Tome and Principe,Clothes,Online,M,05-07-2014,315559375,6/15/2014,9886,109.28,35.84,1080342.08,354314.24,726027.84
Central America and the Caribbean,Barbados,Vegetables,Offline,C,05-01-2015,226646077,06-05-2015,8466,154.06,90.93,1304271.96,769813.38,534458.58
Central America and the Caribbean,Honduras,Snacks,Offline,M,12/26/2010,477828299,1/30/2011,8867,152.58,97.44,1352926.86,864000.48,488926.38
Australia and Oceania,Nauru,Clothes,Offline,M,1/30/2015,208217370,02-05-2015,5002,109.28,35.84,546618.56,179271.68,367346.88
Sub-Saharan Africa,Togo,Office Supplies,Offline,H,12/14/2015,427237117,12/20/2015,7812,651.21,524.96,5087252.52,4100987.52,986265
Sub-Saharan Africa,Botswana,Cereal,Online,L,7/27/2010,864623868,08-01-2010,271,205.7,117.11,55744.7,31736.81,24007.89
Sub-Saharan Africa,South Sudan,Baby Food,Offline,C,11/26/2015,420426452,12-07-2015,2385,255.28,159.42,608842.8,380216.7,228626.1
Asia,Brunei,Fruits,Online,L,2/15/2012,315006196,04-02-2012,6188,9.33,6.92,57734.04,42820.96,14913.08
Australia and Oceania,Papua New Guinea,Beverages,Online,C,7/16/2014,939036929,08-04-2014,750,47.45,31.79,35587.5,23842.5,11745
Europe,Vatican City,Snacks,Online,C,10/24/2016,503504979,10/28/2016,7167,152.58,97.44,1093540.86,698352.48,395188.38
Sub-Saharan Africa,Senegal,Cereal,Online,M,6/14/2017,889709174,6/27/2017,3571,205.7,117.11,734554.7,418199.81,316354.89
Asia,Cambodia,Vegetables,Offline,M,01-12-2016,899260842,1/31/2016,122,154.06,90.93,18795.32,11093.46,7701.86
Europe,Portugal,Office Supplies,Offline,H,12/22/2016,304083812,1/28/2017,4012,651.21,524.96,2612654.52,2106139.52,506515
North America,Canada,Snacks,Online,L,8/20/2010,296414411,9/30/2010,4466,152.58,97.44,681422.28,435167.04,246255.24
Australia and Oceania,Palau,Vegetables,Offline,H,12-02-2014,338801467,1/19/2015,7738,154.06,90.93,1192116.28,703616.34,488499.94
Europe,Ireland,Fruits,Offline,H,12-12-2010,414106309,1/14/2011,2114,9.33,6.92,19723.62,14628.88,5094.74
Sub-Saharan Africa,Liberia,Cosmetics,Online,M,12/23/2014,575502765,01-07-2015,2912,437.2,263.33,1273126.4,766816.96,506309.44
Asia,Philippines,Fruits,Online,M,1/16/2014,496477162,02-07-2014,7480,9.33,6.92,69788.4,51761.6,18026.8
Central America and the Caribbean,Guatemala,Beverages,Online,M,03-03-2015,820828330,3/25/2015,198,47.45,31.79,9395.1,6294.42,3100.68
Europe,Spain,Cosmetics,Offline,C,4/23/2011,912667596,06-08-2011,7478,437.2,263.33,3269381.6,1969181.74,1300199.86
Europe,Georgia,Vegetables,Online,H,5/29/2015,206418788,06-10-2015,2761,154.06,90.93,425359.66,251057.73,174301.93
Central America and the Caribbean,Panama,Vegetables,Offline,L,03-07-2011,456818234,03-12-2011,1522,154.06,90.93,234479.32,138395.46,96083.86
Middle East and North Africa,Kuwait,Cereal,Offline,C,6/29/2017,788914763,8/13/2017,6265,205.7,117.11,1288710.5,733694.15,555016.35
Sub-Saharan Africa,Liberia,Office Supplies,Online,H,5/28/2016,848069703,06-11-2016,1526,651.21,524.96,993746.46,801088.96,192657.5
Central America and the Caribbean,Barbados,Fruits,Offline,H,7/21/2017,349956881,8/27/2017,8873,9.33,6.92,82785.09,61401.16,21383.93
North America,Greenland,Fruits,Online,L,6/26/2016,430562627,8/14/2016,1904,9.33,6.92,17764.32,13175.68,4588.64
Asia,Turkmenistan,Baby Food,Online,L,08-09-2013,496185767,09-01-2013,1250,255.28,159.42,319100,199275,119825
Central America and the Caribbean,Trinidad and Tobago,Cereal,Offline,M,5/20/2010,473437631,07-06-2010,9571,205.7,117.11,1968754.7,1120859.81,847894.89
Sub-Saharan Africa,Mozambique,Cereal,Online,M,2/18/2013,359242045,04-06-2013,6559,205.7,117.11,1349186.3,768124.49,581061.81
Middle East and North Africa,Morocco,Fruits,Online,M,02-06-2014,670835340,2/16/2014,3939,9.33,6.92,36750.87,27257.88,9492.99
Sub-Saharan Africa,Mauritius ,Baby Food,Offline,C,5/16/2010,195766341,5/31/2010,466,255.28,159.42,118960.48,74289.72,44670.76
Europe,Sweden,Meat,Online,H,3/31/2015,941896378,04-01-2015,6924,421.89,364.69,2921166.36,2525113.56,396052.8
North America,Mexico,Baby Food,Online,M,08-02-2016,487399280,9/20/2016,1133,255.28,159.42,289232.24,180622.86,108609.38
Asia,Maldives,Meat,Online,C,11/21/2010,530761373,01-08-2011,2940,421.89,364.69,1240356.6,1072188.6,168168
Sub-Saharan Africa,Benin,Cosmetics,Online,M,8/26/2014,140781486,9/24/2014,9225,437.2,263.33,4033170,2429219.25,1603950.75
Sub-Saharan Africa,Equatorial Guinea,Clothes,Offline,C,2/21/2015,706570947,3/30/2015,8900,109.28,35.84,972592,318976,653616
Asia,Tajikistan,Fruits,Offline,M,1/20/2012,987553584,1/21/2012,7906,9.33,6.92,73762.98,54709.52,19053.46
North America,Canada,Vegetables,Online,H,9/18/2013,263465726,10-07-2013,4218,154.06,90.93,649825.08,383542.74,266282.34
Asia,Mongolia,Snacks,Online,L,08-04-2010,584356200,8/26/2010,2840,152.58,97.44,433327.2,276729.6,156597.6
Sub-Saharan Africa,Ghana,Cosmetics,Offline,H,12-06-2016,920586335,12/14/2016,809,437.2,263.33,353694.8,213033.97,140660.83
Australia and Oceania,Samoa ,Cereal,Online,H,12/20/2013,312829959,01-01-2014,2191,205.7,117.11,450688.7,256588.01,194100.69
Australia and Oceania,Tonga,Beverages,Online,M,4/17/2014,122073400,5/19/2014,3087,47.45,31.79,146478.15,98135.73,48342.42
Europe,Russia,Cereal,Offline,H,8/17/2012,879615485,8/20/2012,6624,205.7,117.11,1362556.8,775736.64,586820.16
Australia and Oceania,Tuvalu,Beverages,Offline,C,05-02-2012,937067544,5/28/2012,7965,47.45,31.79,377939.25,253207.35,124731.9
Europe,Spain,Household,Online,M,1/20/2014,516353404,03-01-2014,9302,668.27,502.54,6216247.54,4674627.08,1541620.46
Sub-Saharan Africa,Nigeria,Office Supplies,Offline,M,12-01-2011,359709393,1/14/2012,4858,651.21,524.96,3163578.18,2550255.68,613322.5
Middle East and North Africa,Somalia,Vegetables,Online,H,6/23/2012,379684340,7/22/2012,5889,154.06,90.93,907259.34,535486.77,371772.57
Sub-Saharan Africa,Mozambique,Fruits,Online,C,10/15/2015,109139573,12-02-2015,5680,9.33,6.92,52994.4,39305.6,13688.8
Asia,Sri Lanka,Fruits,Online,H,08-06-2011,951248919,9/16/2011,4549,9.33,6.92,42442.17,31479.08,10963.09
Europe,Spain,Cereal,Online,M,06-12-2013,329498708,6/25/2013,4845,205.7,117.11,996616.5,567397.95,429218.55
Sub-Saharan Africa,Liberia,Personal Care,Online,C,01-01-2017,237687766,01-08-2017,5947,81.73,56.67,486048.31,337016.49,149031.82
Sub-Saharan Africa,Benin,Office Supplies,Online,M,06-07-2011,489927423,07-06-2011,9266,651.21,524.96,6034111.86,4864279.36,1169832.5
Middle East and North Africa,Libya,Cereal,Online,M,6/17/2013,970641505,07-10-2013,3246,205.7,117.11,667702.2,380139.06,287563.14
Europe,Iceland,Cosmetics,Offline,M,08-07-2010,284566342,9/23/2010,8359,437.2,263.33,3654554.8,2201175.47,1453379.33
North America,Greenland,Fruits,Online,C,05-07-2010,706750762,6/23/2010,2111,9.33,6.92,19695.63,14608.12,5087.51
Australia and Oceania,Fiji,Meat,Online,H,9/13/2013,532556092,10/13/2013,4037,421.89,364.69,1703169.93,1472253.53,230916.4
Middle East and North Africa,Lebanon,Vegetables,Offline,H,5/13/2011,827656161,6/28/2011,705,154.06,90.93,108612.3,64105.65,44506.65
Sub-Saharan Africa,South Sudan,Beverages,Online,H,3/28/2010,478037297,3/31/2010,714,47.45,31.79,33879.3,22698.06,11181.24
Sub-Saharan Africa,South Sudan,Office Supplies,Online,C,07-09-2014,239998328,07-12-2014,9693,651.21,524.96,6312178.53,5088437.28,1223741.25
Asia,Cambodia,Snacks,Offline,L,4/27/2014,490150582,05-04-2014,5304,152.58,97.44,809284.32,516821.76,292462.56
Europe,Slovenia,Fruits,Online,L,03-01-2012,775417888,3/16/2012,2239,9.33,6.92,20889.87,15493.88,5395.99
Europe,Liechtenstein,Office Supplies,Offline,H,8/28/2011,263036572,10-09-2011,7222,651.21,524.96,4703038.62,3791261.12,911777.5
Middle East and North Africa,Pakistan,Vegetables,Offline,H,09-01-2013,890555465,10-09-2013,4007,154.06,90.93,617318.42,364356.51,252961.91
Europe,Denmark,Household,Offline,L,7/27/2012,615835893,8/15/2012,8381,668.27,502.54,5600770.87,4211787.74,1388983.13
Europe,Slovenia,Baby Food,Online,C,2/27/2015,167051684,04-09-2015,3161,255.28,159.42,806940.08,503926.62,303013.46
Europe,Greece,Baby Food,Offline,H,2/20/2014,792689168,03-09-2014,3195,255.28,159.42,815619.6,509346.9,306272.7
Australia and Oceania,Solomon Islands,Fruits,Online,M,8/26/2014,211547172,8/31/2014,364,9.33,6.92,3396.12,2518.88,877.24
Europe,Austria,Cereal,Offline,H,4/28/2015,262737023,5/22/2015,8579,205.7,117.11,1764700.3,1004686.69,760013.61
Central America and the Caribbean,Guatemala,Beverages,Online,L,1/22/2012,155682551,2/19/2012,8781,47.45,31.79,416658.45,279147.99,137510.46
Middle East and North Africa,Bahrain,Beverages,Offline,H,12/23/2016,520120084,02-01-2017,3946,47.45,31.79,187237.7,125443.34,61794.36
Central America and the Caribbean,Antigua and Barbuda ,Office Supplies,Offline,H,10-04-2016,256098449,10/19/2016,4077,651.21,524.96,2654983.17,2140261.92,514721.25
Europe,Armenia,Office Supplies,Offline,H,4/15/2014,583978974,5/13/2014,1211,651.21,524.96,788615.31,635726.56,152888.75
Middle East and North Africa,Syria,Cereal,Offline,H,4/21/2017,994435489,5/28/2017,4415,205.7,117.11,908165.5,517040.65,391124.85
Middle East and North Africa,Libya,Fruits,Online,H,11/22/2011,598454320,12-07-2011,4787,9.33,6.92,44662.71,33126.04,11536.67
Europe,Georgia,Beverages,Offline,L,9/17/2011,377334296,10-12-2011,458,47.45,31.79,21732.1,14559.82,7172.28
Sub-Saharan Africa,Djibouti,Snacks,Online,L,05-01-2016,932686746,06-11-2016,1589,152.58,97.44,242449.62,154832.16,87617.46
Sub-Saharan Africa,Malawi,Clothes,Offline,L,1/14/2015,236435496,02-07-2015,5372,109.28,35.84,587052.16,192532.48,394519.68
Sub-Saharan Africa,Uganda,Vegetables,Online,M,4/25/2013,380816876,4/28/2013,1031,154.06,90.93,158835.86,93748.83,65087.03
Sub-Saharan Africa,Guinea-Bissau,Cereal,Online,H,12-09-2013,828379714,1/20/2014,4821,205.7,117.11,991679.7,564587.31,427092.39
Asia,Indonesia,Personal Care,Offline,H,03-03-2013,661985337,3/21/2013,5027,81.73,56.67,410856.71,284880.09,125976.62
Sub-Saharan Africa,Cape Verde,Fruits,Online,L,2/14/2012,834807574,04-03-2012,6967,9.33,6.92,65002.11,48211.64,16790.47
Sub-Saharan Africa,Benin,Fruits,Offline,C,12/19/2012,120332753,12/30/2012,7991,9.33,6.92,74556.03,55297.72,19258.31
Middle East and North Africa,Somalia,Cosmetics,Online,H,03-02-2015,962359702,3/27/2015,2476,437.2,263.33,1082507.2,652005.08,430502.12
Central America and the Caribbean,El Salvador,Snacks,Offline,H,09-02-2011,924999749,9/22/2011,6836,152.58,97.44,1043036.88,666099.84,376937.04
Europe,Czech Republic,Household,Online,M,06-02-2015,342676723,6/18/2015,4512,668.27,502.54,3015234.24,2267460.48,747773.76
Sub-Saharan Africa,Swaziland,Office Supplies,Online,M,2/18/2010,970126950,04-05-2010,978,651.21,524.96,636883.38,513410.88,123472.5
Asia,Vietnam,Fruits,Offline,H,09-05-2014,132399260,10-05-2014,8738,9.33,6.92,81525.54,60466.96,21058.58
Sub-Saharan Africa,Niger,Beverages,Offline,L,02-12-2011,174854981,2/14/2011,2330,47.45,31.79,110558.5,74070.7,36487.8
Asia,Singapore,Fruits,Offline,H,8/24/2016,813167941,9/30/2016,3319,9.33,6.92,30966.27,22967.48,7998.79
Australia and Oceania,Solomon Islands,Beverages,Online,H,09-07-2011,483324468,9/23/2011,5305,47.45,31.79,251722.25,168645.95,83076.3
Sub-Saharan Africa,Swaziland,Household,Online,C,10-08-2011,391623389,10/25/2011,8918,668.27,502.54,5959631.86,4481651.72,1477980.14
Asia,Uzbekistan,Beverages,Offline,H,10/20/2010,464676034,11/14/2010,6819,47.45,31.79,323561.55,216776.01,106785.54
Europe,Moldova ,Fruits,Offline,C,02-05-2015,699406230,2/21/2015,8701,9.33,6.92,81180.33,60210.92,20969.41
Europe,Georgia,Baby Food,Offline,M,11/25/2016,713050305,12/25/2016,6286,255.28,159.42,1604690.08,1002114.12,602575.96
Sub-Saharan Africa,Tanzania,Personal Care,Offline,M,4/18/2013,193157088,5/30/2013,8330,81.73,56.67,680810.9,472061.1,208749.8
Australia and Oceania,East Timor,Cereal,Online,M,01-05-2010,247587907,2/18/2010,5618,205.7,117.11,1155622.6,657923.98,497698.62
Sub-Saharan Africa,Republic of the Congo,Snacks,Online,M,1/22/2010,254516589,02-05-2010,5970,152.58,97.44,910902.6,581716.8,329185.8
Europe,Lithuania,Snacks,Online,L,07-04-2017,112429463,8/17/2017,9231,152.58,97.44,1408465.98,899468.64,508997.34
Central America and the Caribbean,The Bahamas,Cosmetics,Online,H,12/24/2010,690125358,01-07-2011,2284,437.2,263.33,998564.8,601445.72,397119.08
Central America and the Caribbean,Grenada,Household,Offline,M,8/15/2015,676715600,09-02-2015,4039,668.27,502.54,2699142.53,2029759.06,669383.47
Europe,Germany,Vegetables,Online,L,12/20/2015,631624019,1/26/2016,438,154.06,90.93,67478.28,39827.34,27650.94
Central America and the Caribbean,Antigua and Barbuda ,Clothes,Online,M,10/14/2012,734586942,10/31/2012,9455,109.28,35.84,1033242.4,338867.2,694375.2
Europe,Belarus,Clothes,Online,L,09-07-2011,335653197,10/18/2011,6095,109.28,35.84,666061.6,218444.8,447616.8
Central America and the Caribbean,Belize,Beverages,Online,H,10-05-2011,205184113,10-09-2011,7394,47.45,31.79,350845.3,235055.26,115790.04
Sub-Saharan Africa,Kenya,Snacks,Online,H,12/20/2016,283853518,02-02-2017,7419,152.58,97.44,1131991.02,722907.36,409083.66
Middle East and North Africa,Kuwait,Beverages,Online,M,03-08-2017,132647740,3/14/2017,2269,47.45,31.79,107664.05,72131.51,35532.54
Europe,Spain,Personal Care,Online,H,09-12-2014,282865607,10-11-2014,5074,81.73,56.67,414698.02,287543.58,127154.44
Middle East and North Africa,Somalia,Baby Food,Offline,C,11/14/2012,886118447,11/25/2012,995,255.28,159.42,254003.6,158622.9,95380.7
Europe,Iceland,Household,Offline,L,05-08-2012,364330089,6/19/2012,2224,668.27,502.54,1486232.48,1117648.96,368583.52
Sub-Saharan Africa,Eritrea,Meat,Online,L,11-01-2014,359736859,11/21/2014,2986,421.89,364.69,1259763.54,1088964.34,170799.2
Central America and the Caribbean,Cuba,Household,Online,L,9/26/2011,784887588,11-03-2011,4534,668.27,502.54,3029936.18,2278516.36,751419.82
Asia,Brunei,Cosmetics,Offline,L,09-03-2010,272643601,10/20/2010,155,437.2,263.33,67766,40816.15,26949.85
North America,United States of America,Beverages,Online,C,7/19/2016,226178729,8/26/2016,167,47.45,31.79,7924.15,5308.93,2615.22
Central America and the Caribbean,El Salvador,Clothes,Offline,L,08-09-2012,768979299,8/25/2012,6918,109.28,35.84,755999.04,247941.12,508057.92
Australia and Oceania,Federated States of Micronesia,Office Supplies,Online,H,3/27/2017,294844138,4/20/2017,9787,651.21,524.96,6373392.27,5137783.52,1235608.75
Europe,Belgium,Personal Care,Offline,H,01-10-2012,417884576,1/28/2012,187,81.73,56.67,15283.51,10597.29,4686.22
Sub-Saharan Africa,Comoros,Baby Food,Offline,M,9/16/2013,122524440,10/27/2013,6559,255.28,159.42,1674381.52,1045635.78,628745.74
Middle East and North Africa,Bahrain,Beverages,Offline,C,05-12-2017,713500058,5/14/2017,9378,47.45,31.79,444986.1,298126.62,146859.48
Asia,Brunei,Baby Food,Online,C,05-06-2015,865860259,6/22/2015,6147,255.28,159.42,1569206.16,979954.74,589251.42
Europe,Spain,Personal Care,Offline,L,3/21/2016,674966371,4/23/2016,6403,81.73,56.67,523317.19,362858.01,160459.18
Europe,Albania,Beverages,Online,H,09-10-2010,306492221,9/19/2010,6714,47.45,31.79,318579.3,213438.06,105141.24
Sub-Saharan Africa,Senegal,Cosmetics,Online,M,3/31/2013,446424138,05-06-2013,5678,437.2,263.33,2482421.6,1495187.74,987233.86
Middle East and North Africa,Egypt,Household,Offline,L,12-02-2012,951060950,12/14/2012,8925,668.27,502.54,5964309.75,4485169.5,1479140.25
Asia,India,Fruits,Offline,H,12/22/2014,397013986,02-10-2015,4116,9.33,6.92,38402.28,28482.72,9919.56
Central America and the Caribbean,Nicaragua,Baby Food,Offline,L,5/14/2014,131207072,07-03-2014,5943,255.28,159.42,1517129.04,947433.06,569695.98
Asia,Malaysia,Snacks,Online,L,09-10-2014,220876538,10-05-2014,1131,152.58,97.44,172567.98,110204.64,62363.34
Sub-Saharan Africa,Niger,Meat,Online,L,10/30/2016,803571212,11/28/2016,3434,421.89,364.69,1448770.26,1252345.46,196424.8
Europe,Austria,Snacks,Online,L,2/24/2015,737152421,3/22/2015,8637,152.58,97.44,1317833.46,841589.28,476244.18
Middle East and North Africa,Kuwait,Meat,Online,L,06-10-2016,749793994,6/30/2016,9560,421.89,364.69,4033268.4,3486436.4,546832
Middle East and North Africa,Pakistan,Baby Food,Offline,L,06-02-2013,289982259,6/30/2013,1049,255.28,159.42,267788.72,167231.58,100557.14
Europe,Lithuania,Beverages,Online,L,3/20/2011,676516044,3/24/2011,4986,47.45,31.79,236585.7,158504.94,78080.76
Sub-Saharan Africa,Burundi,Personal Care,Online,H,1/14/2016,148506677,02-02-2016,5281,81.73,56.67,431616.13,299274.27,132341.86
Europe,Ireland,Personal Care,Online,L,3/18/2016,615377986,4/15/2016,2876,81.73,56.67,235055.48,162982.92,72072.56
Sub-Saharan Africa,Republic of the Congo,Beverages,Offline,C,4/15/2016,906866300,4/16/2016,745,47.45,31.79,35350.25,23683.55,11666.7
Europe,Belarus,Baby Food,Offline,C,07-07-2010,823020446,8/24/2010,8894,255.28,159.42,2270460.32,1417881.48,852578.84
Central America and the Caribbean,Jamaica,Clothes,Offline,L,12-03-2016,684201753,01-10-2017,9358,109.28,35.84,1022642.24,335390.72,687251.52
Central America and the Caribbean,Cuba,Office Supplies,Offline,C,12/19/2012,881084048,1/21/2013,1204,651.21,524.96,784056.84,632051.84,152005
Australia and Oceania,Nauru,Snacks,Online,C,01-07-2015,524653661,01-11-2015,5532,152.58,97.44,844072.56,539038.08,305034.48
Sub-Saharan Africa,Zambia,Beverages,Offline,M,01-06-2014,596209418,1/21/2014,471,47.45,31.79,22348.95,14973.09,7375.86
Europe,Switzerland,Meat,Online,M,02-07-2017,797362649,3/19/2017,6182,421.89,364.69,2608123.98,2254513.58,353610.4
Middle East and North Africa,Libya,Vegetables,Online,M,7/27/2013,900037181,09-06-2013,9858,154.06,90.93,1518723.48,896387.94,622335.54
Europe,Finland,Beverages,Online,M,6/21/2016,296469342,08-04-2016,721,47.45,31.79,34211.45,22920.59,11290.86
Central America and the Caribbean,Saint Vincent and the Grenadines,Cereal,Offline,H,06-08-2013,249207961,6/23/2013,5028,205.7,117.11,1034259.6,588829.08,445430.52
Sub-Saharan Africa,Gabon,Cereal,Online,M,11/13/2015,741114366,12/15/2015,1065,205.7,117.11,219070.5,124722.15,94348.35
Sub-Saharan Africa,Benin,Meat,Online,H,4/23/2017,925362384,05-02-2017,4148,421.89,364.69,1749999.72,1512734.12,237265.6
Europe,Belarus,Meat,Online,L,5/13/2012,475438344,06-10-2012,1626,421.89,364.69,685993.14,592985.94,93007.2
Australia and Oceania,East Timor,Personal Care,Online,H,8/21/2015,935141074,8/26/2015,7880,81.73,56.67,644032.4,446559.6,197472.8
Sub-Saharan Africa,The Gambia,Household,Online,M,07-02-2012,768581902,7/24/2012,9319,668.27,502.54,6227608.13,4683170.26,1544437.87
Europe,Greece,Cereal,Offline,H,11/27/2015,310184657,1/15/2016,9388,205.7,117.11,1931111.6,1099428.68,831682.92
Middle East and North Africa,Libya,Household,Online,M,2/19/2017,414685666,03-06-2017,3559,668.27,502.54,2378372.93,1788539.86,589833.07
Middle East and North Africa,Afghanistan,Personal Care,Offline,L,05-04-2012,207133758,6/18/2012,4337,81.73,56.67,354463.01,245777.79,108685.22
Australia and Oceania,Fiji,Meat,Offline,L,11/14/2013,232890260,12-04-2013,6258,421.89,364.69,2640187.62,2282230.02,357957.6
Sub-Saharan Africa,Chad,Office Supplies,Online,L,3/20/2016,207629001,04-03-2016,890,651.21,524.96,579576.9,467214.4,112362.5
Europe,Slovenia,Clothes,Online,H,12-05-2014,367336308,12/17/2014,1832,109.28,35.84,200200.96,65658.88,134542.08
Sub-Saharan Africa,Republic of the Congo,Office Supplies,Offline,M,5/28/2010,118311011,07-06-2010,9712,651.21,524.96,6324551.52,5098411.52,1226140
Sub-Saharan Africa,Burundi,Snacks,Offline,H,09-11-2011,287164437,10-12-2011,7193,152.58,97.44,1097507.94,700885.92,396622.02
Asia,Philippines,Personal Care,Online,M,7/15/2017,870820415,7/29/2017,3967,81.73,56.67,324222.91,224809.89,99413.02
Central America and the Caribbean,Antigua and Barbuda ,Beverages,Online,L,08-07-2012,586515271,09-03-2012,1757,47.45,31.79,83369.65,55855.03,27514.62
Asia,Indonesia,Vegetables,Offline,M,09-11-2016,921797835,10/29/2016,9319,154.06,90.93,1435685.14,847376.67,588308.47
Europe,Luxembourg,Beverages,Online,C,10/30/2012,284529435,11/13/2012,7438,47.45,31.79,352933.1,236454.02,116479.08
Australia and Oceania,Federated States of Micronesia,Beverages,Online,L,08-01-2011,752883899,08-08-2011,3931,47.45,31.79,186525.95,124966.49,61559.46
Sub-Saharan Africa,Malawi,Vegetables,Offline,L,01-08-2017,425347554,1/26/2017,8648,154.06,90.93,1332310.88,786362.64,545948.24
Europe,Ukraine,Office Supplies,Online,C,05-11-2015,170719230,06-07-2015,8469,651.21,524.96,5515097.49,4445886.24,1069211.25
Europe,Vatican City,Snacks,Offline,H,7/27/2016,478110253,8/24/2016,2303,152.58,97.44,351391.74,224404.32,126987.42
Sub-Saharan Africa,Angola,Personal Care,Offline,M,10/14/2012,106944453,10/15/2012,6095,81.73,56.67,498144.35,345403.65,152740.7
Central America and the Caribbean,Saint Kitts and Nevis ,Vegetables,Online,L,05-02-2012,136958158,6/14/2012,7817,154.06,90.93,1204287.02,710799.81,493487.21
Central America and the Caribbean,Barbados,Beverages,Offline,C,04-01-2013,818200194,05-08-2013,2475,47.45,31.79,117438.75,78680.25,38758.5
Europe,Montenegro,Snacks,Online,L,8/20/2014,221031892,9/17/2014,7103,152.58,97.44,1083775.74,692116.32,391659.42
Central America and the Caribbean,Saint Lucia,Snacks,Online,M,11/13/2012,986127078,11/16/2012,5771,152.58,97.44,880539.18,562326.24,318212.94
Europe,Russia,Cereal,Offline,L,12/21/2012,874472081,12/30/2012,4576,205.7,117.11,941283.2,535895.36,405387.84
Central America and the Caribbean,Dominica,Cosmetics,Online,M,3/28/2017,417365729,4/30/2017,6649,437.2,263.33,2906942.8,1750881.17,1156061.63
North America,United States of America,Fruits,Offline,M,11/19/2013,666419351,12/13/2013,7150,9.33,6.92,66709.5,49478,17231.5
Europe,Bosnia and Herzegovina,Snacks,Online,H,2/13/2011,943556773,03-06-2011,8272,152.58,97.44,1262141.76,806023.68,456118.08
Sub-Saharan Africa,Comoros,Clothes,Offline,M,8/27/2010,191014325,9/21/2010,4238,109.28,35.84,463128.64,151889.92,311238.72
Australia and Oceania,Tonga,Fruits,Online,M,6/20/2011,121340835,7/15/2011,6304,9.33,6.92,58816.32,43623.68,15192.64
Middle East and North Africa,United Arab Emirates,Fruits,Online,M,08-10-2013,267397630,09-03-2013,7756,9.33,6.92,72363.48,53671.52,18691.96
Asia,North Korea,Snacks,Offline,H,5/27/2014,232358539,06-09-2014,8910,152.58,97.44,1359487.8,868190.4,491297.4
Sub-Saharan Africa,Gabon,Personal Care,Online,C,3/29/2012,139709889,5/16/2012,2116,81.73,56.67,172940.68,119913.72,53026.96
Middle East and North Africa,Egypt,Office Supplies,Offline,C,5/16/2010,183250510,06-04-2010,6753,651.21,524.96,4397621.13,3545054.88,852566.25
Australia and Oceania,Tonga,Baby Food,Online,H,02-04-2013,177091729,03-11-2013,4233,255.28,159.42,1080600.24,674824.86,405775.38
Europe,Andorra,Baby Food,Offline,C,06-07-2014,905657374,7/14/2014,2998,255.28,159.42,765329.44,477941.16,287388.28
Asia,Brunei,Snacks,Offline,L,01-10-2017,973683774,2/14/2017,3521,152.58,97.44,537234.18,343086.24,194147.94
North America,United States of America,Baby Food,Online,H,3/29/2013,856219756,4/22/2013,3308,255.28,159.42,844466.24,527361.36,317104.88
Asia,Turkmenistan,Snacks,Online,H,8/22/2011,648626649,09-04-2011,1894,152.58,97.44,288986.52,184551.36,104435.16
Europe,Lithuania,Household,Offline,H,07-01-2010,516578280,07-01-2010,5848,668.27,502.54,3908042.96,2938853.92,969189.04
Sub-Saharan Africa,Tanzania,Household,Offline,H,9/22/2016,246060979,11-07-2016,3767,668.27,502.54,2517373.09,1893068.18,624304.91
Europe,Vatican City,Cereal,Offline,C,10/18/2011,593373572,12-05-2011,1281,205.7,117.11,263501.7,150017.91,113483.79
Asia,Singapore,Clothes,Offline,L,02-07-2016,135127389,2/27/2016,6052,109.28,35.84,661362.56,216903.68,444458.88
Sub-Saharan Africa,Niger,Beverages,Offline,H,1/14/2017,218246257,1/25/2017,2772,47.45,31.79,131531.4,88121.88,43409.52
Sub-Saharan Africa,Malawi,Vegetables,Offline,L,8/18/2010,909966504,9/24/2010,8165,154.06,90.93,1257899.9,742443.45,515456.45
Europe,Sweden,Beverages,Online,H,11/22/2012,547836959,01-09-2013,5985,47.45,31.79,283988.25,190263.15,93725.1
Europe,Bosnia and Herzegovina,Fruits,Online,C,8/18/2010,689718949,8/28/2010,2019,9.33,6.92,18837.27,13971.48,4865.79
Australia and Oceania,Palau,Cosmetics,Online,L,8/17/2010,263786303,9/13/2010,9084,437.2,263.33,3971524.8,2392089.72,1579435.08
Middle East and North Africa,Afghanistan,Cereal,Online,M,03-04-2013,518525350,3/20/2013,2029,205.7,117.11,417365.3,237616.19,179749.11
Sub-Saharan Africa,Tanzania,Household,Offline,H,10/30/2015,972734916,12-01-2015,2733,668.27,502.54,1826381.91,1373441.82,452940.09
Asia,Uzbekistan,Vegetables,Offline,M,3/23/2017,765526330,05-05-2017,5108,154.06,90.93,786938.48,464470.44,322468.04
Middle East and North Africa,Morocco,Office Supplies,Offline,C,04-07-2013,906323421,4/13/2013,96,651.21,524.96,62516.16,50396.16,12120
Europe,Denmark,Cereal,Online,C,1/27/2016,224862515,03-09-2016,670,205.7,117.11,137819,78463.7,59355.3
Asia,Philippines,Clothes,Offline,C,4/25/2012,321192443,05-02-2012,6836,109.28,35.84,747038.08,245002.24,502035.84
Asia,Cambodia,Fruits,Online,L,6/18/2012,615674531,7/14/2012,630,9.33,6.92,5877.9,4359.6,1518.3
Australia and Oceania,Solomon Islands,Baby Food,Online,C,09-04-2016,598982608,09-10-2016,1119,255.28,159.42,285658.32,178390.98,107267.34
Sub-Saharan Africa,The Gambia,Personal Care,Offline,L,1/17/2011,282103002,02-07-2011,9402,81.73,56.67,768425.46,532811.34,235614.12
Europe,Vatican City,Cosmetics,Offline,M,10/16/2016,646334540,11/18/2016,3608,437.2,263.33,1577417.6,950094.64,627322.96
Europe,France,Vegetables,Offline,M,10-12-2010,493288552,10/28/2010,3899,154.06,90.93,600679.94,354536.07,246143.87
Sub-Saharan Africa,Botswana,Cereal,Offline,M,7/29/2012,494888865,09-02-2012,7468,205.7,117.11,1536167.6,874577.48,661590.12
Sub-Saharan Africa,Nigeria,Clothes,Online,L,07-11-2012,943371808,7/24/2012,3537,109.28,35.84,386523.36,126766.08,259757.28
Central America and the Caribbean,Dominica,Fruits,Online,L,5/27/2013,401286208,06-12-2013,8361,9.33,6.92,78008.13,57858.12,20150.01
North America,Greenland,Clothes,Offline,C,6/19/2011,651493394,07-12-2011,228,109.28,35.84,24915.84,8171.52,16744.32
Sub-Saharan Africa,Central African Republic,Beverages,Offline,C,5/26/2015,847167193,7/15/2015,4453,47.45,31.79,211294.85,141560.87,69733.98
Australia and Oceania,Solomon Islands,Beverages,Offline,L,3/27/2012,661793935,4/20/2012,8387,47.45,31.79,397963.15,266622.73,131340.42
Sub-Saharan Africa,Burundi,Cosmetics,Online,L,7/31/2016,739172446,8/15/2016,6408,437.2,263.33,2801577.6,1687418.64,1114158.96
Australia and Oceania,Solomon Islands,Household,Online,H,10/22/2013,443414056,10/25/2013,4928,668.27,502.54,3293234.56,2476517.12,816717.44
Europe,Portugal,Clothes,Offline,M,11-11-2016,108942592,11/19/2016,7389,109.28,35.84,807469.92,264821.76,542648.16
Central America and the Caribbean,Dominica,Cosmetics,Offline,C,1/14/2017,590494382,1/26/2017,9265,437.2,263.33,4050658,2439752.45,1610905.55
Middle East and North Africa,Oman,Cosmetics,Online,M,6/22/2010,113118255,7/29/2010,3060,437.2,263.33,1337832,805789.8,532042.2
Asia,Philippines,Vegetables,Online,C,02-06-2017,122175538,2/20/2017,3312,154.06,90.93,510246.72,301160.16,209086.56
Europe,Hungary,Clothes,Online,M,04-04-2016,333340060,4/23/2016,1586,109.28,35.84,173318.08,56842.24,116475.84
Asia,Laos,Snacks,Online,M,1/26/2011,982598149,03-03-2011,1483,152.58,97.44,226276.14,144503.52,81772.62
Central America and the Caribbean,Grenada,Office Supplies,Offline,H,02-01-2017,576248633,03-12-2017,3631,651.21,524.96,2364543.51,1906129.76,458413.75
Europe,Austria,Baby Food,Online,L,1/21/2013,840902841,02-05-2013,692,255.28,159.42,176653.76,110318.64,66335.12
Sub-Saharan Africa,Namibia,Cereal,Offline,M,11/15/2012,873484599,12/26/2012,2358,205.7,117.11,485040.6,276145.38,208895.22
Sub-Saharan Africa,Mauritius ,Cereal,Offline,H,05-07-2016,291230237,05-10-2016,354,205.7,117.11,72817.8,41456.94,31360.86
Middle East and North Africa,Somalia,Fruits,Offline,L,12/29/2012,581688582,1/29/2013,3433,9.33,6.92,32029.89,23756.36,8273.53
Australia and Oceania,New Zealand,Snacks,Online,C,2/13/2016,152720963,2/26/2016,2382,152.58,97.44,363445.56,232102.08,131343.48
Middle East and North Africa,Syria,Cosmetics,Online,M,7/29/2013,182501208,8/27/2013,5018,437.2,263.33,2193869.6,1321389.94,872479.66
Middle East and North Africa,Turkey,Cereal,Online,H,01-04-2017,569515645,1/25/2017,1190,205.7,117.11,244783,139360.9,105422.1
North America,Greenland,Snacks,Online,H,8/19/2012,382563102,09-06-2012,7778,152.58,97.44,1186767.24,757888.32,428878.92
Europe,Ukraine,Cereal,Offline,H,06-04-2010,110754907,6/19/2010,3693,205.7,117.11,759650.1,432487.23,327162.87
Asia,India,Baby Food,Online,H,1/28/2010,313514888,3/13/2010,4877,255.28,159.42,1245000.56,777491.34,467509.22
Sub-Saharan Africa,Lesotho,Cosmetics,Offline,M,05-09-2012,270579373,6/26/2012,9304,437.2,263.33,4067708.8,2450022.32,1617686.48
Sub-Saharan Africa,Togo,Vegetables,Online,L,4/16/2015,231997191,4/27/2015,1979,154.06,90.93,304884.74,179950.47,124934.27
Europe,Hungary,Baby Food,Offline,H,5/30/2010,968129670,6/29/2010,9938,255.28,159.42,2536972.64,1584315.96,952656.68
Central America and the Caribbean,Cuba,Beverages,Offline,C,10/25/2016,619650638,12-05-2016,7249,47.45,31.79,343965.05,230445.71,113519.34
Sub-Saharan Africa,Mauritania,Office Supplies,Online,H,10/22/2016,547546422,12-02-2016,9,651.21,524.96,5860.89,4724.64,1136.25
Sub-Saharan Africa,Equatorial Guinea,Beverages,Online,H,09-05-2012,383115851,9/20/2012,1349,47.45,31.79,64010.05,42884.71,21125.34
Sub-Saharan Africa,Zimbabwe,Clothes,Online,C,5/15/2015,277970254,5/31/2015,6430,109.28,35.84,702670.4,230451.2,472219.2
Europe,Bosnia and Herzegovina,Cosmetics,Online,C,5/13/2010,454033458,06-12-2010,7445,437.2,263.33,3254954,1960491.85,1294462.15
Sub-Saharan Africa,Equatorial Guinea,Cosmetics,Online,H,07-09-2014,753541791,7/16/2014,8616,437.2,263.33,3766915.2,2268851.28,1498063.92
Europe,Poland,Baby Food,Online,L,09-03-2011,189044082,10/13/2011,1200,255.28,159.42,306336,191304,115032
Central America and the Caribbean,Costa Rica,Personal Care,Offline,C,01-05-2017,993401658,02-04-2017,8481,81.73,56.67,693152.13,480618.27,212533.86
Central America and the Caribbean,Haiti,Snacks,Offline,L,9/23/2012,969788348,10-10-2012,778,152.58,97.44,118707.24,75808.32,42898.92
Australia and Oceania,Samoa ,Personal Care,Offline,L,05-08-2012,241690480,5/15/2012,439,81.73,56.67,35879.47,24878.13,11001.34
Europe,Poland,Household,Online,C,7/21/2011,802906882,09-02-2011,6844,668.27,502.54,4573639.88,3439383.76,1134256.12
Sub-Saharan Africa,Eritrea,Household,Offline,M,8/22/2014,667548882,9/20/2014,1404,668.27,502.54,938251.08,705566.16,232684.92
Sub-Saharan Africa,Zambia,Fruits,Offline,L,8/17/2015,620040309,8/28/2015,2561,9.33,6.92,23894.13,17722.12,6172.01
Australia and Oceania,East Timor,Beverages,Offline,L,03-01-2017,165117490,4/17/2017,789,47.45,31.79,37438.05,25082.31,12355.74
Middle East and North Africa,Afghanistan,Cosmetics,Offline,L,08-12-2011,677829253,09-12-2011,3594,437.2,263.33,1571296.8,946408.02,624888.78
Sub-Saharan Africa,Namibia,Fruits,Offline,H,02-08-2015,453536927,03-03-2015,510,9.33,6.92,4758.3,3529.2,1229.1
Central America and the Caribbean,Grenada,Personal Care,Online,L,10-11-2010,557914340,10/31/2010,8106,81.73,56.67,662503.38,459367.02,203136.36
Australia and Oceania,Vanuatu,Vegetables,Offline,H,02-08-2013,776947820,3/14/2013,4980,154.06,90.93,767218.8,452831.4,314387.4
Australia and Oceania,Marshall Islands,Household,Offline,H,2/21/2011,966936194,03-05-2011,6762,668.27,502.54,4518841.74,3398175.48,1120666.26
Middle East and North Africa,Somalia,Meat,Offline,C,2/18/2010,604490792,03-08-2010,1113,421.89,364.69,469563.57,405899.97,63663.6
Asia,Nepal,Cereal,Online,L,08-12-2012,136535441,8/13/2012,2726,205.7,117.11,560738.2,319241.86,241496.34
Central America and the Caribbean,Grenada,Cereal,Offline,C,08-12-2014,530306470,09-08-2014,8324,205.7,117.11,1712246.8,974823.64,737423.16
Middle East and North Africa,Saudi Arabia,Office Supplies,Offline,H,01-01-2017,123352706,2/16/2017,1662,651.21,524.96,1082311.02,872483.52,209827.5
Europe,Ireland,Snacks,Online,M,2/25/2014,473535478,3/20/2014,8526,152.58,97.44,1300897.08,830773.44,470123.64
Sub-Saharan Africa,Madagascar,Baby Food,Offline,C,11-09-2012,509028613,11/22/2012,1733,255.28,159.42,442400.24,276274.86,166125.38
Asia,Turkmenistan,Office Supplies,Offline,M,5/25/2013,578318440,6/27/2013,6133,651.21,524.96,3993870.93,3219579.68,774291.25
Europe,Netherlands,Household,Offline,H,05-04-2013,200203788,06-10-2013,3605,668.27,502.54,2409113.35,1811656.7,597456.65
Sub-Saharan Africa,Angola,Fruits,Online,H,4/25/2011,313795983,06-09-2011,8060,9.33,6.92,75199.8,55775.2,19424.6
Asia,Sri Lanka,Office Supplies,Offline,M,10/17/2010,128518855,10/29/2010,440,651.21,524.96,286532.4,230982.4,55550
Asia,Bhutan,Meat,Offline,M,4/29/2016,274108731,05-09-2016,3720,421.89,364.69,1569430.8,1356646.8,212784
Australia and Oceania,Palau,Household,Offline,H,08-04-2014,550614440,9/19/2014,7904,668.27,502.54,5282006.08,3972076.16,1309929.92
Europe,Serbia,Baby Food,Offline,C,1/18/2016,378397309,2/29/2016,5027,255.28,159.42,1283292.56,801404.34,481888.22
Europe,Montenegro,Household,Offline,H,4/15/2013,148131167,4/22/2013,4159,668.27,502.54,2779334.93,2090063.86,689271.07
Central America and the Caribbean,Nicaragua,Meat,Online,C,02-12-2015,770802342,2/28/2015,6397,421.89,364.69,2698830.33,2332921.93,365908.4
Middle East and North Africa,Morocco,Personal Care,Offline,L,6/21/2012,527709662,7/21/2012,9871,81.73,56.67,806756.83,559389.57,247367.26
Middle East and North Africa,Tunisia ,Office Supplies,Online,C,07-01-2012,920464456,7/23/2012,4742,651.21,524.96,3088037.82,2489360.32,598677.5
Middle East and North Africa,Lebanon,Baby Food,Offline,C,1/21/2012,820990550,1/27/2012,8203,255.28,159.42,2094061.84,1307722.26,786339.58
Europe,Liechtenstein,Snacks,Online,H,8/17/2016,521524274,8/26/2016,9477,152.58,97.44,1446000.66,923438.88,522561.78
Central America and the Caribbean,Dominica,Personal Care,Offline,M,11-04-2013,384614455,12/20/2013,4819,81.73,56.67,393856.87,273092.73,120764.14
Europe,Ireland,Household,Online,C,02-09-2015,393122422,3/24/2015,2516,668.27,502.54,1681367.32,1264390.64,416976.68
Sub-Saharan Africa,Liberia,Personal Care,Online,H,12/17/2013,600222003,01-03-2014,7884,81.73,56.67,644359.32,446786.28,197573.04
Sub-Saharan Africa,Djibouti,Meat,Online,H,7/31/2012,679399526,9/17/2012,8272,421.89,364.69,3489874.08,3016715.68,473158.4
Europe,Spain,Beverages,Offline,M,06-05-2010,374453818,06-07-2010,8061,47.45,31.79,382494.45,256259.19,126235.26
Middle East and North Africa,Yemen,Beverages,Offline,H,08-03-2015,849496209,8/15/2015,3661,47.45,31.79,173714.45,116383.19,57331.26
Central America and the Caribbean,Jamaica,Personal Care,Online,L,9/21/2010,638950526,11-07-2010,8514,81.73,56.67,695849.22,482488.38,213360.84
Asia,India,Snacks,Offline,L,5/30/2017,597553098,07-07-2017,8095,152.58,97.44,1235135.1,788776.8,446358.3
Europe,France,Beverages,Offline,L,8/27/2016,750352752,09-02-2016,4909,47.45,31.79,232932.05,156057.11,76874.94
Europe,Czech Republic,Office Supplies,Online,L,3/25/2013,742710816,05-02-2013,3490,651.21,524.96,2272722.9,1832110.4,440612.5
Asia,Philippines,Fruits,Offline,M,10-09-2016,290301120,10-12-2016,5407,9.33,6.92,50447.31,37416.44,13030.87
Sub-Saharan Africa,Central African Republic,Cereal,Online,C,04-06-2015,529109990,5/15/2015,4259,205.7,117.11,876076.3,498771.49,377304.81
North America,United States of America,Household,Online,H,09-02-2016,865436255,9/19/2016,675,668.27,502.54,451082.25,339214.5,111867.75
Australia and Oceania,New Zealand,Vegetables,Online,M,11/24/2014,325891244,12/22/2014,7316,154.06,90.93,1127102.96,665243.88,461859.08
Central America and the Caribbean,Jamaica,Snacks,Offline,L,04-04-2016,707398784,5/19/2016,3875,152.58,97.44,591247.5,377580,213667.5
Middle East and North Africa,Afghanistan,Office Supplies,Offline,H,12/29/2012,727195203,01-05-2013,2075,651.21,524.96,1351260.75,1089292,261968.75
Europe,Sweden,Office Supplies,Online,H,05-05-2017,972829329,6/16/2017,672,651.21,524.96,437613.12,352773.12,84840
Central America and the Caribbean,Belize,Baby Food,Offline,H,4/22/2012,752162492,06-01-2012,451,255.28,159.42,115131.28,71898.42,43232.86
Central America and the Caribbean,Guatemala,Personal Care,Online,M,1/16/2016,343368518,2/14/2016,9230,81.73,56.67,754367.9,523064.1,231303.8
Sub-Saharan Africa,Guinea-Bissau,Baby Food,Offline,C,6/23/2017,544933736,6/24/2017,6857,255.28,159.42,1750454.96,1093142.94,657312.02
Central America and the Caribbean,Honduras,Office Supplies,Online,L,5/20/2010,425656974,6/27/2010,212,651.21,524.96,138056.52,111291.52,26765
Central America and the Caribbean,Belize,Personal Care,Online,M,4/27/2012,474649560,5/28/2012,8207,81.73,56.67,670758.11,465090.69,205667.42
Europe,Poland,Household,Online,M,06-01-2015,351335322,6/14/2015,6784,668.27,502.54,4533543.68,3409231.36,1124312.32
Australia and Oceania,Vanuatu,Cereal,Offline,L,11-05-2012,235450589,12-05-2012,3916,205.7,117.11,805521.2,458602.76,346918.44
Europe,Belgium,Snacks,Offline,L,3/24/2010,377044188,04-06-2010,4609,152.58,97.44,703241.22,449100.96,254140.26
Europe,Germany,Vegetables,Offline,H,3/25/2014,646477448,04-04-2014,5898,154.06,90.93,908645.88,536305.14,372340.74
Central America and the Caribbean,Belize,Fruits,Offline,C,8/30/2013,984424197,09-05-2013,1851,9.33,6.92,17269.83,12808.92,4460.91
Middle East and North Africa,Morocco,Beverages,Offline,H,7/18/2013,951870763,09-06-2013,8566,47.45,31.79,406456.7,272313.14,134143.56
Australia and Oceania,Nauru,Beverages,Online,C,03-02-2016,180115973,3/28/2016,9174,47.45,31.79,435306.3,291641.46,143664.84
Europe,Georgia,Office Supplies,Online,H,4/28/2017,620771157,06-02-2017,8835,651.21,524.96,5753440.35,4638021.6,1115418.75
Europe,Greece,Household,Online,C,1/29/2010,695760142,2/14/2010,9742,668.27,502.54,6510286.34,4895744.68,1614541.66
Sub-Saharan Africa,Namibia,Clothes,Online,M,4/14/2011,247319257,05-02-2011,6119,109.28,35.84,668684.32,219304.96,449379.36
Australia and Oceania,Tonga,Beverages,Online,C,05-07-2012,987997329,06-10-2012,9220,47.45,31.79,437489,293103.8,144385.2
Australia and Oceania,Federated States of Micronesia,Baby Food,Online,M,4/27/2013,650655686,05-10-2013,2331,255.28,159.42,595057.68,371608.02,223449.66
Middle East and North Africa,Somalia,Cereal,Offline,M,07-12-2011,638468158,8/30/2011,5771,205.7,117.11,1187094.7,675841.81,511252.89
Middle East and North Africa,Turkey,Clothes,Online,C,12-06-2012,174921071,1/20/2013,1887,109.28,35.84,206211.36,67630.08,138581.28
Sub-Saharan Africa,Malawi,Baby Food,Online,M,3/16/2013,353813254,4/29/2013,59,255.28,159.42,15061.52,9405.78,5655.74
Central America and the Caribbean,The Bahamas,Office Supplies,Online,H,8/27/2016,989256036,8/29/2016,1699,651.21,524.96,1106405.79,891907.04,214498.75
Central America and the Caribbean,Grenada,Household,Offline,L,4/18/2017,165673243,05-01-2017,5249,668.27,502.54,3507749.23,2637832.46,869916.77
Sub-Saharan Africa,Togo,Cosmetics,Offline,H,3/16/2010,987801206,4/21/2010,1183,437.2,263.33,517207.6,311519.39,205688.21
Sub-Saharan Africa,Mauritania,Meat,Offline,M,6/16/2010,330688750,07-01-2010,7005,421.89,364.69,2955339.45,2554653.45,400686
Central America and the Caribbean,Dominica,Snacks,Offline,M,6/22/2011,989697206,07-02-2011,2251,152.58,97.44,343457.58,219337.44,124120.14
Sub-Saharan Africa,Seychelles ,Clothes,Offline,M,7/13/2011,430500400,7/31/2011,3490,109.28,35.84,381387.2,125081.6,256305.6
Middle East and North Africa,Bahrain,Cosmetics,Online,M,7/14/2017,239084661,09-02-2017,9319,437.2,263.33,4074266.8,2453972.27,1620294.53
Europe,Malta,Office Supplies,Online,C,12/17/2010,271748816,12/21/2010,5369,651.21,524.96,3496346.49,2818510.24,677836.25
Europe,Montenegro,Meat,Offline,H,3/17/2012,905104196,05-01-2012,9300,421.89,364.69,3923577,3391617,531960
Europe,Macedonia,Office Supplies,Online,L,3/27/2016,786074626,4/16/2016,5805,651.21,524.96,3780274.05,3047392.8,732881.25
Europe,Poland,Baby Food,Offline,M,07-01-2011,881896436,8/15/2011,1608,255.28,159.42,410490.24,256347.36,154142.88
Asia,Indonesia,Cosmetics,Online,M,01-05-2014,430118453,1/25/2014,463,437.2,263.33,202423.6,121921.79,80501.81
Europe,United Kingdom,Personal Care,Offline,M,7/31/2010,988602006,8/13/2010,8157,81.73,56.67,666671.61,462257.19,204414.42
Sub-Saharan Africa,Cameroon,Baby Food,Online,L,7/24/2015,585520923,8/20/2015,7507,255.28,159.42,1916386.96,1196765.94,719621.02
Middle East and North Africa,Iraq,Snacks,Online,C,02-05-2014,469361531,03-04-2014,3362,152.58,97.44,512973.96,327593.28,185380.68
Asia,South Korea,Beverages,Online,H,4/30/2011,158922660,5/20/2011,7602,47.45,31.79,360714.9,241667.58,119047.32
Middle East and North Africa,Somalia,Vegetables,Offline,H,06-12-2013,593315637,07-07-2013,4137,154.06,90.93,637346.22,376177.41,261168.81
Asia,Laos,Household,Offline,H,5/14/2016,981964290,6/30/2016,3910,668.27,502.54,2612935.7,1964931.4,648004.3
Sub-Saharan Africa,Ethiopia,Baby Food,Online,H,1/21/2017,154604947,1/27/2017,9894,255.28,159.42,2525740.32,1577301.48,948438.84
Sub-Saharan Africa,Tanzania,Snacks,Online,C,05-04-2017,611286437,5/16/2017,2096,152.58,97.44,319807.68,204234.24,115573.44
Asia,Bangladesh,Beverages,Online,L,7/13/2012,872370088,8/18/2012,2550,47.45,31.79,120997.5,81064.5,39933
Australia and Oceania,Palau,Personal Care,Online,L,5/16/2010,428529727,6/23/2010,324,81.73,56.67,26480.52,18361.08,8119.44
Central America and the Caribbean,The Bahamas,Household,Offline,L,02-02-2012,190751683,3/13/2012,6517,668.27,502.54,4355115.59,3275053.18,1080062.41
Australia and Oceania,New Zealand,Cosmetics,Offline,H,03-12-2016,240334784,3/16/2016,9258,437.2,263.33,4047597.6,2437909.14,1609688.46
Middle East and North Africa,Oman,Household,Offline,L,09-11-2014,278890359,9/16/2014,8710,668.27,502.54,5820631.7,4377123.4,1443508.3
Sub-Saharan Africa,Liberia,Cereal,Offline,L,01-04-2012,978342235,01-11-2012,2063,205.7,117.11,424359.1,241597.93,182761.17
Asia,China,Baby Food,Offline,H,8/19/2013,830926740,9/23/2013,8542,255.28,159.42,2180601.76,1361765.64,818836.12
Central America and the Caribbean,Saint Vincent and the Grenadines,Cereal,Online,M,10-04-2014,199192702,10-07-2014,4402,205.7,117.11,905491.4,515518.22,389973.18
Europe,Armenia,Household,Online,H,8/27/2011,866001451,10-07-2011,7929,668.27,502.54,5298712.83,3984639.66,1314073.17
Australia and Oceania,Federated States of Micronesia,Vegetables,Offline,L,12/30/2012,184526813,01-11-2013,4439,154.06,90.93,683872.34,403638.27,280234.07
North America,United States of America,Vegetables,Offline,C,5/26/2013,528255116,7/15/2013,1283,154.06,90.93,197658.98,116663.19,80995.79
Europe,Iceland,Beverages,Offline,M,4/26/2012,740985190,5/14/2012,2839,47.45,31.79,134710.55,90251.81,44458.74
Central America and the Caribbean,Haiti,Fruits,Offline,M,04-08-2010,186828362,5/28/2010,5519,9.33,6.92,51492.27,38191.48,13300.79
Sub-Saharan Africa,Rwanda,Personal Care,Online,M,8/17/2012,100208461,8/30/2012,2765,81.73,56.67,225983.45,156692.55,69290.9
North America,Greenland,Clothes,Online,L,09-08-2010,435861814,10/20/2010,51,109.28,35.84,5573.28,1827.84,3745.44
North America,Mexico,Snacks,Online,H,9/26/2015,318837249,10-01-2015,9882,152.58,97.44,1507795.56,962902.08,544893.48
Central America and the Caribbean,Haiti,Personal Care,Offline,M,5/28/2017,294496095,07-06-2017,6794,81.73,56.67,555273.62,385015.98,170257.64
Sub-Saharan Africa,Swaziland,Baby Food,Online,C,03-10-2010,978512179,3/25/2010,2353,255.28,159.42,600673.84,375115.26,225558.58
Europe,Latvia,Meat,Online,C,05-09-2012,806871831,5/27/2012,160,421.89,364.69,67502.4,58350.4,9152
Central America and the Caribbean,The Bahamas,Baby Food,Online,L,9/23/2016,985873878,10/17/2016,844,255.28,159.42,215456.32,134550.48,80905.84
Sub-Saharan Africa,Cameroon,Beverages,Online,H,3/18/2017,542129647,04-05-2017,7065,47.45,31.79,335234.25,224596.35,110637.9
Europe,Serbia,Clothes,Offline,M,7/18/2012,372562968,8/14/2012,8516,109.28,35.84,930628.48,305213.44,625415.04
North America,Canada,Beverages,Online,M,02-12-2010,994410169,3/23/2010,6922,47.45,31.79,328448.9,220050.38,108398.52
Sub-Saharan Africa,Namibia,Clothes,Online,H,08-03-2014,295220077,09-03-2014,1036,109.28,35.84,113214.08,37130.24,76083.84
Middle East and North Africa,Somalia,Office Supplies,Online,C,7/17/2016,282854020,8/31/2016,1645,651.21,524.96,1071240.45,863559.2,207681.25
Asia,India,Cosmetics,Online,L,5/31/2011,335485827,06-06-2011,6566,437.2,263.33,2870655.2,1729024.78,1141630.42
Europe,Georgia,Cereal,Online,C,11-03-2010,351601827,11/13/2010,5649,205.7,117.11,1161999.3,661554.39,500444.91
Sub-Saharan Africa,The Gambia,Cosmetics,Offline,L,03-05-2016,300000846,04-10-2016,5772,437.2,263.33,2523518.4,1519940.76,1003577.64
Sub-Saharan Africa,Burundi,Vegetables,Offline,H,09-10-2014,669794213,10-05-2014,5847,154.06,90.93,900788.82,531667.71,369121.11
Australia and Oceania,Marshall Islands,Office Supplies,Offline,C,8/26/2013,220405757,09-07-2013,1816,651.21,524.96,1182597.36,953327.36,229270
Middle East and North Africa,Yemen,Fruits,Online,C,10/24/2013,931571805,12-04-2013,1654,9.33,6.92,15431.82,11445.68,3986.14
Sub-Saharan Africa,The Gambia,Personal Care,Offline,C,3/18/2013,353341186,05-01-2013,364,81.73,56.67,29749.72,20627.88,9121.84
Europe,Luxembourg,Snacks,Online,M,12/14/2010,156075227,01-02-2011,4983,152.58,97.44,760306.14,485543.52,274762.62
Central America and the Caribbean,Nicaragua,Clothes,Online,H,12/25/2010,280447757,12/25/2010,9578,109.28,35.84,1046683.84,343275.52,703408.32
Sub-Saharan Africa,Botswana,Household,Offline,M,10-02-2010,287445104,11-08-2010,249,668.27,502.54,166399.23,125132.46,41266.77
Middle East and North Africa,Qatar,Cereal,Offline,H,7/22/2012,708366096,08-05-2012,124,205.7,117.11,25506.8,14521.64,10985.16
Sub-Saharan Africa,Sao Tome and Principe,Fruits,Offline,M,03-07-2012,794822061,04-09-2012,4365,9.33,6.92,40725.45,30205.8,10519.65
Europe,Slovakia,Vegetables,Online,M,04-09-2010,768736827,05-09-2010,5165,154.06,90.93,795719.9,469653.45,326066.45
Australia and Oceania,Tonga,Personal Care,Online,H,02-05-2016,472346723,02-12-2016,6747,81.73,56.67,551432.31,382352.49,169079.82
Central America and the Caribbean,Costa Rica,Cereal,Offline,L,07-02-2013,718200576,07-07-2013,365,205.7,117.11,75080.5,42745.15,32335.35
Europe,Italy,Household,Online,M,02-06-2010,139159715,03-03-2010,9307,668.27,502.54,6219588.89,4677139.78,1542449.11
Australia and Oceania,East Timor,Meat,Offline,L,10/19/2010,138397967,10/27/2010,3889,421.89,364.69,1640730.21,1418279.41,222450.8
Central America and the Caribbean,Grenada,Cosmetics,Online,H,12/27/2013,839401662,01-06-2014,6460,437.2,263.33,2824312,1701111.8,1123200.2
Middle East and North Africa,Morocco,Personal Care,Online,H,05-02-2015,635969626,5/25/2015,6400,81.73,56.67,523072,362688,160384
Europe,Montenegro,Office Supplies,Online,H,7/29/2011,242213189,08-01-2011,5120,651.21,524.96,3334195.2,2687795.2,646400
Europe,Germany,Fruits,Offline,C,11-12-2011,442556178,12/26/2011,1063,9.33,6.92,9917.79,7355.96,2561.83
Australia and Oceania,Kiribati,Personal Care,Online,L,4/16/2011,741734921,4/19/2011,4701,81.73,56.67,384212.73,266405.67,117807.06
North America,Greenland,Baby Food,Online,M,05-06-2017,714798247,06-03-2017,3541,255.28,159.42,903946.48,564506.22,339440.26
Europe,Lithuania,Household,Online,C,11/20/2015,457107484,12/15/2015,7117,668.27,502.54,4756077.59,3576577.18,1179500.41
Middle East and North Africa,Iraq,Baby Food,Offline,M,10-02-2012,134336459,11/15/2012,1998,255.28,159.42,510049.44,318521.16,191528.28
Europe,Latvia,Cosmetics,Online,C,11-11-2014,432471501,12/26/2014,6783,437.2,263.33,2965527.6,1786167.39,1179360.21
Australia and Oceania,Palau,Office Supplies,Online,H,04-03-2011,307811439,4/28/2011,7100,651.21,524.96,4623591,3727216,896375
Sub-Saharan Africa,Central African Republic,Personal Care,Online,L,10-04-2014,136967599,11/23/2014,611,81.73,56.67,49937.03,34625.37,15311.66
Sub-Saharan Africa,Mali,Beverages,Offline,C,10-03-2012,366863811,10/19/2012,2009,47.45,31.79,95327.05,63866.11,31460.94
Europe,Iceland,Cereal,Online,M,06-05-2016,164736402,7/16/2016,8017,205.7,117.11,1649096.9,938870.87,710226.03
Sub-Saharan Africa,Tanzania,Cereal,Offline,C,6/30/2011,568134200,7/24/2011,2390,205.7,117.11,491623,279892.9,211730.1
Sub-Saharan Africa,Cote d'Ivoire,Meat,Online,L,1/19/2015,434918534,2/20/2015,914,421.89,364.69,385607.46,333326.66,52280.8
Central America and the Caribbean,Saint Kitts and Nevis ,Cosmetics,Offline,L,03-02-2011,493263232,3/21/2011,6407,437.2,263.33,2801140.4,1687155.31,1113985.09
Europe,Belarus,Personal Care,Offline,M,04-10-2015,191654622,04-10-2015,3717,81.73,56.67,303790.41,210642.39,93148.02
Sub-Saharan Africa,Djibouti,Fruits,Online,L,05-11-2017,848891532,06-12-2017,4723,9.33,6.92,44065.59,32683.16,11382.43
Sub-Saharan Africa,Swaziland,Personal Care,Online,M,1/21/2016,704085290,2/23/2016,3338,81.73,56.67,272814.74,189164.46,83650.28
Asia,Myanmar,Cereal,Offline,M,11-03-2014,766659724,11-12-2014,504,205.7,117.11,103672.8,59023.44,44649.36
Central America and the Caribbean,Antigua and Barbuda ,Clothes,Offline,H,09-08-2010,766351163,10-09-2010,9194,109.28,35.84,1004720.32,329512.96,675207.36
Sub-Saharan Africa,Swaziland,Cereal,Online,C,12/27/2012,503208434,01-03-2013,9413,205.7,117.11,1936254.1,1102356.43,833897.67
Central America and the Caribbean,Dominican Republic,Baby Food,Offline,M,1/23/2017,297592866,1/31/2017,3197,255.28,159.42,816130.16,509665.74,306464.42
Central America and the Caribbean,Antigua and Barbuda ,Clothes,Offline,M,07-02-2015,540178287,8/17/2015,9614,109.28,35.84,1050617.92,344565.76,706052.16
Central America and the Caribbean,Antigua and Barbuda ,Baby Food,Offline,M,02-08-2017,341951024,3/21/2017,9762,255.28,159.42,2492043.36,1556258.04,935785.32
Sub-Saharan Africa,Ghana,Beverages,Offline,H,10/27/2012,684209907,11-02-2012,1771,47.45,31.79,84033.95,56300.09,27733.86
Middle East and North Africa,Syria,Cereal,Online,M,05-12-2017,368566262,5/29/2017,5802,205.7,117.11,1193471.4,679472.22,513999.18
Europe,Netherlands,Office Supplies,Offline,C,06-08-2012,966943919,7/14/2012,9048,651.21,524.96,5892148.08,4749838.08,1142310
Sub-Saharan Africa,Comoros,Office Supplies,Online,M,02-09-2011,971579205,3/19/2011,732,651.21,524.96,476685.72,384270.72,92415
Sub-Saharan Africa,Guinea-Bissau,Snacks,Online,L,2/23/2016,745020949,04-02-2016,7110,152.58,97.44,1084843.8,692798.4,392045.4
Middle East and North Africa,Turkey,Beverages,Online,L,3/29/2016,270130479,4/14/2016,6466,47.45,31.79,306811.7,205554.14,101257.56
Middle East and North Africa,Egypt,Vegetables,Online,M,07-04-2012,500081622,08-10-2012,4120,154.06,90.93,634727.2,374631.6,260095.6
Europe,Malta,Fruits,Offline,C,09-10-2014,208360707,10-09-2014,7418,9.33,6.92,69209.94,51332.56,17877.38
Europe,Croatia,Cereal,Online,L,09-06-2014,938766562,9/17/2014,742,205.7,117.11,152629.4,86895.62,65733.78
Asia,China,Snacks,Offline,H,12/29/2012,255410516,01-12-2013,502,152.58,97.44,76595.16,48914.88,27680.28
Asia,Turkmenistan,Clothes,Offline,M,01-03-2015,292716395,01-10-2015,141,109.28,35.84,15408.48,5053.44,10355.04
Asia,Singapore,Clothes,Offline,H,01-04-2012,105420529,1/27/2012,5132,109.28,35.84,560824.96,183930.88,376894.08
Sub-Saharan Africa,Malawi,Beverages,Offline,C,4/16/2015,618571746,5/18/2015,7980,47.45,31.79,378651,253684.2,124966.8
Australia and Oceania,Palau,Baby Food,Online,L,6/25/2014,577531373,7/13/2014,3222,255.28,159.42,822512.16,513651.24,308860.92
Sub-Saharan Africa,Eritrea,Snacks,Offline,L,8/26/2011,597973239,8/31/2011,2425,152.58,97.44,370006.5,236292,133714.5
Middle East and North Africa,Azerbaijan,Cosmetics,Online,H,6/28/2017,915883672,7/25/2017,9186,437.2,263.33,4016119.2,2418949.38,1597169.82
Central America and the Caribbean,Panama,Personal Care,Online,M,04-04-2017,937561500,04-12-2017,4137,81.73,56.67,338117.01,234443.79,103673.22
Europe,San Marino,Personal Care,Online,L,06-03-2012,589618051,07-10-2012,9939,81.73,56.67,812314.47,563243.13,249071.34
Europe,Liechtenstein,Snacks,Offline,H,11/15/2016,768977153,12/23/2016,6283,152.58,97.44,958660.14,612215.52,346444.62
Australia and Oceania,Tonga,Personal Care,Offline,C,4/14/2015,192875134,06-03-2015,4893,81.73,56.67,399904.89,277286.31,122618.58
Middle East and North Africa,Oman,Fruits,Offline,M,4/22/2012,348860824,06-10-2012,4525,9.33,6.92,42218.25,31313,10905.25
Australia and Oceania,Samoa ,Beverages,Offline,L,09-04-2013,544795548,10-01-2013,5964,47.45,31.79,282991.8,189595.56,93396.24
Europe,Ukraine,Baby Food,Offline,H,10/29/2014,158853137,11-10-2014,7028,255.28,159.42,1794107.84,1120403.76,673704.08
Australia and Oceania,Vanuatu,Vegetables,Offline,M,04-01-2012,889519917,5/19/2012,7566,154.06,90.93,1165617.96,687976.38,477641.58
Australia and Oceania,Palau,Cosmetics,Online,L,11/15/2014,905594718,11/26/2014,4456,437.2,263.33,1948163.2,1173398.48,774764.72
Sub-Saharan Africa,Senegal,Cosmetics,Online,H,7/15/2017,696188867,09-01-2017,6611,437.2,263.33,2890329.2,1740874.63,1149454.57
Europe,Slovenia,Office Supplies,Offline,L,05-12-2012,820726191,6/20/2012,9973,651.21,524.96,6494517.33,5235426.08,1259091.25
Central America and the Caribbean,Grenada,Personal Care,Online,L,04-03-2015,558943021,05-02-2015,2516,81.73,56.67,205632.68,142581.72,63050.96
Europe,Andorra,Meat,Offline,L,09-02-2016,160888183,09-04-2016,9243,421.89,364.69,3899529.27,3370829.67,528699.6
North America,Canada,Meat,Online,C,9/20/2015,396923005,9/25/2015,7193,421.89,364.69,3034654.77,2623215.17,411439.6
Sub-Saharan Africa,Ethiopia,Meat,Online,L,05-08-2016,307721316,5/30/2016,431,421.89,364.69,181834.59,157181.39,24653.2
Middle East and North Africa,Lebanon,Personal Care,Offline,C,01-04-2016,354269444,01-06-2016,5056,81.73,56.67,413226.88,286523.52,126703.36
Central America and the Caribbean,Belize,Meat,Online,C,12/28/2016,167866218,1/28/2017,4199,421.89,364.69,1771516.11,1531333.31,240182.8
Europe,Lithuania,Fruits,Offline,C,02-01-2015,800122964,02-09-2015,3020,9.33,6.92,28176.6,20898.4,7278.2
Sub-Saharan Africa,Botswana,Fruits,Offline,H,12-07-2010,672963511,12/30/2010,3713,9.33,6.92,34642.29,25693.96,8948.33
Middle East and North Africa,Lebanon,Personal Care,Online,C,10/22/2013,528624188,11/16/2013,499,81.73,56.67,40783.27,28278.33,12504.94
Middle East and North Africa,Saudi Arabia,Vegetables,Online,L,2/15/2015,279653823,2/19/2015,4636,154.06,90.93,714222.16,421551.48,292670.68
Sub-Saharan Africa,Swaziland,Meat,Offline,M,12-05-2014,358913743,12/20/2014,9407,421.89,364.69,3968719.23,3430638.83,538080.4
Sub-Saharan Africa,Burkina Faso,Cereal,Offline,H,7/19/2010,369577777,09-04-2010,5132,205.7,117.11,1055652.4,601008.52,454643.88
Asia,Brunei,Clothes,Online,C,07-08-2015,435132253,07-12-2015,4158,109.28,35.84,454386.24,149022.72,305363.52
Sub-Saharan Africa,Burundi,Vegetables,Online,C,05-12-2010,749375998,06-12-2010,5866,154.06,90.93,903715.96,533395.38,370320.58
Europe,Ireland,Personal Care,Offline,M,7/15/2014,226420342,8/17/2014,1666,81.73,56.67,136162.18,94412.22,41749.96
Middle East and North Africa,Iran,Cereal,Online,L,6/25/2014,550689113,6/27/2014,1,205.7,117.11,205.7,117.11,88.59
Asia,Japan,Fruits,Online,C,11-05-2012,326918637,12/25/2012,1344,9.33,6.92,12539.52,9300.48,3239.04
Europe,Czech Republic,Household,Offline,C,2/19/2017,930157744,03-09-2017,3202,668.27,502.54,2139800.54,1609133.08,530667.46
Europe,Austria,Household,Online,C,3/13/2013,655767762,04-01-2013,5108,668.27,502.54,3413523.16,2566974.32,846548.84
Central America and the Caribbean,Barbados,Meat,Online,L,6/14/2014,569422519,08-01-2014,3632,421.89,364.69,1532304.48,1324554.08,207750.4
Sub-Saharan Africa,Burundi,Office Supplies,Online,L,8/30/2012,457108342,9/16/2012,7371,651.21,524.96,4800068.91,3869480.16,930588.75
Central America and the Caribbean,Belize,Personal Care,Offline,M,01-08-2012,175124061,02-01-2012,1956,81.73,56.67,159863.88,110846.52,49017.36
Asia,China,Beverages,Online,L,3/17/2010,100081002,4/18/2010,5047,47.45,31.79,239480.15,160444.13,79036.02
Middle East and North Africa,Turkey,Personal Care,Offline,M,4/29/2017,678902995,06-09-2017,1338,81.73,56.67,109354.74,75824.46,33530.28
Europe,Germany,Office Supplies,Offline,L,04-04-2014,178826367,4/19/2014,7551,651.21,524.96,4917286.71,3963972.96,953313.75
Sub-Saharan Africa,Mauritania,Cosmetics,Online,L,01-09-2017,537399947,1/14/2017,7441,437.2,263.33,3253205.2,1959438.53,1293766.67
Australia and Oceania,Tuvalu,Household,Offline,H,06-03-2012,612485063,07-02-2012,6796,668.27,502.54,4541562.92,3415261.84,1126301.08
Central America and the Caribbean,Trinidad and Tobago,Personal Care,Offline,C,10/25/2014,232255542,12-03-2014,8431,81.73,56.67,689065.63,477784.77,211280.86
Europe,Romania,Office Supplies,Online,M,12-01-2016,645197713,12-02-2016,7196,651.21,524.96,4686107.16,3777612.16,908495
Europe,Romania,Snacks,Offline,L,4/16/2016,470110404,05-08-2016,4970,152.58,97.44,758322.6,484276.8,274045.8
Central America and the Caribbean,Dominican Republic,Cereal,Offline,H,7/25/2011,646104943,8/13/2011,5665,205.7,117.11,1165290.5,663428.15,501862.35
Middle East and North Africa,Egypt,Household,Offline,C,10/15/2013,382605159,12-04-2013,224,668.27,502.54,149692.48,112568.96,37123.52
Europe,Macedonia,Clothes,Online,M,05-12-2012,309347379,6/15/2012,1619,109.28,35.84,176924.32,58024.96,118899.36
Australia and Oceania,Marshall Islands,Personal Care,Offline,H,09-07-2016,226380431,10-07-2016,9855,81.73,56.67,805449.15,558482.85,246966.3
Middle East and North Africa,Somalia,Vegetables,Offline,L,6/30/2014,454065644,07-09-2014,6969,154.06,90.93,1073644.14,633691.17,439952.97
Middle East and North Africa,Lebanon,Baby Food,Offline,L,7/13/2013,483076846,8/14/2013,2029,255.28,159.42,517963.12,323463.18,194499.94
Central America and the Caribbean,Haiti,Meat,Online,L,01-10-2015,324400365,1/30/2015,6132,421.89,364.69,2587029.48,2236279.08,350750.4
Central America and the Caribbean,Panama,Snacks,Offline,M,6/29/2017,959335029,08-06-2017,7408,152.58,97.44,1130312.64,721835.52,408477.12
Europe,Estonia,Household,Online,C,12-05-2012,289492166,12-11-2012,6020,668.27,502.54,4022985.4,3025290.8,997694.6
Middle East and North Africa,Bahrain,Beverages,Online,H,05-02-2013,786795604,6/13/2013,9158,47.45,31.79,434547.1,291132.82,143414.28
Europe,Portugal,Baby Food,Offline,C,8/17/2016,943481671,09-05-2016,6048,255.28,159.42,1543933.44,964172.16,579761.28
Australia and Oceania,New Zealand,Clothes,Online,M,06-08-2010,222099196,06-10-2010,2943,109.28,35.84,321611.04,105477.12,216133.92
Europe,Armenia,Office Supplies,Offline,L,9/25/2013,405509507,10/15/2013,8129,651.21,524.96,5293686.09,4267399.84,1026286.25
Europe,Norway,Personal Care,Offline,M,6/28/2012,646886432,08-06-2012,6925,81.73,56.67,565980.25,392439.75,173540.5
Europe,Greece,Office Supplies,Online,H,6/16/2016,619716298,7/23/2016,6679,651.21,524.96,4349431.59,3506207.84,843223.75
Europe,Cyprus,Office Supplies,Online,H,07-08-2017,967797935,08-10-2017,1770,651.21,524.96,1152641.7,929179.2,223462.5
Europe,Spain,Personal Care,Online,H,03-12-2016,155242669,3/19/2016,8610,81.73,56.67,703695.3,487928.7,215766.6
Europe,Serbia,Cosmetics,Online,L,4/15/2010,316474330,5/15/2010,642,437.2,263.33,280682.4,169057.86,111624.54
Sub-Saharan Africa,Equatorial Guinea,Baby Food,Online,C,10/20/2013,506229245,11/22/2013,3338,255.28,159.42,852124.64,532143.96,319980.68
Asia,Tajikistan,Fruits,Offline,C,4/26/2015,749556243,06-02-2015,9204,9.33,6.92,85873.32,63691.68,22181.64
Europe,Ireland,Personal Care,Offline,H,01-12-2012,691816651,02-07-2012,2776,81.73,56.67,226882.48,157315.92,69566.56
Central America and the Caribbean,Trinidad and Tobago,Beverages,Online,L,08-02-2013,948684298,8/25/2013,5621,47.45,31.79,266716.45,178691.59,88024.86
Australia and Oceania,Solomon Islands,Beverages,Offline,L,07-12-2015,856145513,7/25/2015,1337,47.45,31.79,63440.65,42503.23,20937.42
Sub-Saharan Africa,Guinea,Vegetables,Online,M,09-09-2010,720499122,9/30/2010,556,154.06,90.93,85657.36,50557.08,35100.28
Europe,Estonia,Meat,Online,H,09-06-2015,468356454,10-10-2015,5937,421.89,364.69,2504760.93,2165164.53,339596.4
Europe,Ireland,Cosmetics,Offline,M,02-08-2014,996641337,03-06-2014,7174,437.2,263.33,3136472.8,1889129.42,1247343.38
Europe,Spain,Meat,Online,L,05-08-2013,122590100,6/15/2013,5990,421.89,364.69,2527121.1,2184493.1,342628
Sub-Saharan Africa,Botswana,Beverages,Offline,C,07-02-2010,233751571,8/16/2010,1139,47.45,31.79,54045.55,36208.81,17836.74
Sub-Saharan Africa,Guinea,Household,Offline,C,4/15/2011,637987077,5/24/2011,3408,668.27,502.54,2277464.16,1712656.32,564807.84
Asia,Laos,Baby Food,Offline,H,2/20/2011,713470447,04-08-2011,615,255.28,159.42,156997.2,98043.3,58953.9
Sub-Saharan Africa,Chad,Snacks,Online,C,2/18/2014,358688008,03-02-2014,2607,152.58,97.44,397776.06,254026.08,143749.98
Middle East and North Africa,Saudi Arabia,Fruits,Offline,H,1/16/2014,442438590,1/31/2014,6266,9.33,6.92,58461.78,43360.72,15101.06
Asia,Nepal,Fruits,Online,M,4/13/2013,553833520,5/31/2013,501,9.33,6.92,4674.33,3466.92,1207.41
Asia,Sri Lanka,Household,Online,C,7/19/2011,352296626,8/31/2011,1255,668.27,502.54,838678.85,630687.7,207991.15
Australia and Oceania,Vanuatu,Cosmetics,Offline,L,03-01-2017,917564237,4/16/2017,6503,437.2,263.33,2843111.6,1712434.99,1130676.61
Sub-Saharan Africa,Sierra Leone,Personal Care,Offline,M,01-11-2013,699685180,2/19/2013,1248,81.73,56.67,101999.04,70724.16,31274.88
Sub-Saharan Africa,Comoros,Office Supplies,Offline,L,5/21/2013,469020783,06-10-2013,2527,651.21,524.96,1645607.67,1326573.92,319033.75
Australia and Oceania,East Timor,Vegetables,Online,M,8/14/2014,166244876,09-06-2014,4408,154.06,90.93,679096.48,400819.44,278277.04
Sub-Saharan Africa,Lesotho,Clothes,Online,L,03-01-2014,252343785,4/16/2014,2989,109.28,35.84,326637.92,107125.76,219512.16
Australia and Oceania,Papua New Guinea,Baby Food,Offline,L,4/29/2014,358616340,5/25/2014,1399,255.28,159.42,357136.72,223028.58,134108.14
Asia,India,Office Supplies,Online,C,11/21/2010,636673867,12-03-2010,4800,651.21,524.96,3125808,2519808,606000
Sub-Saharan Africa,Zimbabwe,Vegetables,Online,H,1/26/2012,408440196,03-10-2012,5385,154.06,90.93,829613.1,489658.05,339955.05
Europe,Serbia,Clothes,Online,H,12/30/2011,416151654,1/19/2012,7377,109.28,35.84,806158.56,264391.68,541766.88
Australia and Oceania,Nauru,Snacks,Online,C,3/22/2017,572357070,4/24/2017,2031,152.58,97.44,309889.98,197900.64,111989.34
Europe,Norway,Personal Care,Online,C,8/27/2012,409917771,9/29/2012,2633,81.73,56.67,215195.09,149212.11,65982.98
Europe,Slovenia,Snacks,Online,C,10-07-2010,432007586,10/20/2010,9500,152.58,97.44,1449510,925680,523830
Europe,Serbia,Meat,Online,C,07-08-2017,762112843,08-04-2017,4981,421.89,364.69,2101434.09,1816520.89,284913.2
Middle East and North Africa,Oman,Vegetables,Online,M,06-08-2013,694032371,6/25/2013,8456,154.06,90.93,1302731.36,768904.08,533827.28
Europe,Italy,Beverages,Online,H,5/26/2010,941877496,07-05-2010,1336,47.45,31.79,63393.2,42471.44,20921.76
Asia,South Korea,Cereal,Online,L,7/27/2017,490072047,09-05-2017,2064,205.7,117.11,424564.8,241715.04,182849.76
Middle East and North Africa,Lebanon,Cereal,Offline,H,11/17/2014,643352353,12-10-2014,1113,205.7,117.11,228944.1,130343.43,98600.67
Middle East and North Africa,Iraq,Personal Care,Online,L,5/26/2017,976767241,07-02-2017,5988,81.73,56.67,489399.24,339339.96,150059.28
Middle East and North Africa,Saudi Arabia,Snacks,Offline,H,12/26/2010,685678040,02-05-2011,6224,152.58,97.44,949657.92,606466.56,343191.36
Asia,Brunei,Cosmetics,Online,M,8/16/2016,835758578,9/15/2016,8391,437.2,263.33,3668545.2,2209602.03,1458943.17
Asia,Japan,Snacks,Online,C,12-09-2010,312995183,12/26/2010,1085,152.58,97.44,165549.3,105722.4,59826.9
Middle East and North Africa,Saudi Arabia,Beverages,Offline,H,04-05-2013,773686683,04-05-2013,9937,47.45,31.79,471510.65,315897.23,155613.42
Europe,Luxembourg,Office Supplies,Offline,C,9/13/2013,794444406,10/26/2013,2609,651.21,524.96,1699006.89,1369620.64,329386.25
Sub-Saharan Africa,Guinea,Meat,Online,M,10/17/2014,822192180,11/30/2014,3792,421.89,364.69,1599806.88,1382904.48,216902.4
Europe,Lithuania,Snacks,Online,H,7/24/2012,924166333,08-10-2012,210,152.58,97.44,32041.8,20462.4,11579.4
Sub-Saharan Africa,Madagascar,Meat,Online,C,6/15/2015,337915694,6/30/2015,5618,421.89,364.69,2370178.02,2048828.42,321349.6
Europe,Cyprus,Baby Food,Offline,C,04-08-2010,621301591,04-12-2010,5802,255.28,159.42,1481134.56,924954.84,556179.72
Sub-Saharan Africa,Equatorial Guinea,Cosmetics,Offline,M,5/15/2011,702497851,6/21/2011,3580,437.2,263.33,1565176,942721.4,622454.6
Sub-Saharan Africa,Chad,Meat,Online,C,6/19/2011,929990804,7/19/2011,3800,421.89,364.69,1603182,1385822,217360
Middle East and North Africa,Yemen,Personal Care,Online,L,09-12-2015,822579276,10/22/2015,8342,81.73,56.67,681791.66,472741.14,209050.52
Europe,Greece,Household,Offline,H,2/13/2015,419374597,3/19/2015,1117,668.27,502.54,746457.59,561337.18,185120.41
Europe,Croatia,Office Supplies,Online,L,3/17/2013,729800593,04-04-2013,3068,651.21,524.96,1997912.28,1610577.28,387335
Europe,Finland,Snacks,Offline,H,07-06-2014,583593595,7/21/2014,7168,152.58,97.44,1093693.44,698449.92,395243.52
Asia,South Korea,Vegetables,Offline,L,04-12-2013,680802428,5/13/2013,3422,154.06,90.93,527193.32,311162.46,216030.86
Australia and Oceania,Federated States of Micronesia,Snacks,Online,H,5/25/2012,441788423,07-02-2012,3867,152.58,97.44,590026.86,376800.48,213226.38
Sub-Saharan Africa,Zimbabwe,Meat,Online,H,1/13/2012,257225406,2/28/2012,7569,421.89,364.69,3193285.41,2760338.61,432946.8
Sub-Saharan Africa,Djibouti,Fruits,Offline,H,06-02-2013,138099706,6/30/2013,5627,9.33,6.92,52499.91,38938.84,13561.07
Central America and the Caribbean,Belize,Baby Food,Online,C,1/24/2015,165710151,03-12-2015,6171,255.28,159.42,1575332.88,983780.82,591552.06
Europe,Slovakia,Meat,Online,M,7/17/2016,941668069,08-11-2016,9362,421.89,364.69,3949734.18,3414227.78,535506.4
Australia and Oceania,Marshall Islands,Personal Care,Online,C,9/16/2014,437897288,10/13/2014,2394,81.73,56.67,195661.62,135667.98,59993.64
Europe,Albania,Snacks,Online,L,1/19/2015,746634137,2/16/2015,4488,152.58,97.44,684779.04,437310.72,247468.32
Middle East and North Africa,Libya,Snacks,Online,M,10-08-2012,430427443,11/22/2012,1900,152.58,97.44,289902,185136,104766
Europe,Ireland,Baby Food,Online,C,09-12-2011,372138535,9/14/2011,2917,255.28,159.42,744651.76,465028.14,279623.62
Sub-Saharan Africa,Madagascar,Beverages,Offline,C,12-11-2012,624941241,12/30/2012,2856,47.45,31.79,135517.2,90792.24,44724.96
Europe,Hungary,Snacks,Online,C,2/14/2011,862321889,03-09-2011,9064,152.58,97.44,1382985.12,883196.16,499788.96
Europe,Italy,Baby Food,Offline,H,04-03-2013,828079307,05-06-2013,5923,255.28,159.42,1512023.44,944244.66,567778.78
Asia,Indonesia,Personal Care,Offline,M,4/17/2012,786324822,5/16/2012,9844,81.73,56.67,804550.12,557859.48,246690.64
Sub-Saharan Africa,Tanzania,Clothes,Offline,H,08-11-2013,171482264,09-11-2013,4268,109.28,35.84,466407.04,152965.12,313441.92
Europe,Moldova ,Office Supplies,Offline,C,1/26/2016,738287961,2/15/2016,4669,651.21,524.96,3040499.49,2451038.24,589461.25
Europe,Spain,Clothes,Online,M,10/25/2015,711790740,11/13/2015,3552,109.28,35.84,388162.56,127303.68,260858.88
Sub-Saharan Africa,Senegal,Vegetables,Online,H,1/20/2010,637351930,1/31/2010,5454,154.06,90.93,840243.24,495932.22,344311.02
Central America and the Caribbean,Panama,Fruits,Online,C,12/30/2015,230645358,1/18/2016,1942,9.33,6.92,18118.86,13438.64,4680.22
Sub-Saharan Africa,Sierra Leone,Beverages,Offline,M,1/14/2014,627657353,02-11-2014,6614,47.45,31.79,313834.3,210259.06,103575.24
Australia and Oceania,Papua New Guinea,Fruits,Online,C,03-01-2012,334686744,3/13/2012,100,9.33,6.92,933,692,241
Middle East and North Africa,Turkey,Household,Online,H,11-03-2011,178344857,11-11-2011,5061,668.27,502.54,3382114.47,2543354.94,838759.53
Europe,Malta,Household,Online,C,10/24/2011,155555522,12-06-2011,1191,668.27,502.54,795909.57,598525.14,197384.43
Asia,Maldives,Personal Care,Online,C,11/22/2011,783555066,11/25/2011,211,81.73,56.67,17245.03,11957.37,5287.66
Middle East and North Africa,Israel,Snacks,Offline,L,9/27/2016,849892318,10/15/2016,878,152.58,97.44,133965.24,85552.32,48412.92
Central America and the Caribbean,Nicaragua,Personal Care,Offline,M,12-09-2016,562428605,01-06-2017,3978,81.73,56.67,325121.94,225433.26,99688.68
Sub-Saharan Africa,Botswana,Cosmetics,Online,M,07-02-2015,199337756,07-11-2015,7327,437.2,263.33,3203364.4,1929418.91,1273945.49
Europe,Russia,Office Supplies,Online,C,6/27/2016,559106099,07-02-2016,774,651.21,524.96,504036.54,406319.04,97717.5
Central America and the Caribbean,Barbados,Personal Care,Offline,C,09-07-2013,710532462,10/24/2013,1200,81.73,56.67,98076,68004,30072
Europe,Latvia,Meat,Online,C,1/27/2017,242728173,2/22/2017,7515,421.89,364.69,3170503.35,2740645.35,429858
Sub-Saharan Africa,Lesotho,Baby Food,Online,M,3/16/2011,615117061,04-11-2011,5662,255.28,159.42,1445395.36,902636.04,542759.32
Europe,Poland,Snacks,Offline,C,12/24/2011,207435452,02-03-2012,3615,152.58,97.44,551576.7,352245.6,199331.1
Europe,Ukraine,Snacks,Offline,L,06-08-2017,169732177,06-12-2017,6378,152.58,97.44,973155.24,621472.32,351682.92
Australia and Oceania,Nauru,Meat,Online,C,07-12-2011,372368562,7/24/2011,987,421.89,364.69,416405.43,359949.03,56456.4
Middle East and North Africa,Egypt,Office Supplies,Online,L,05-10-2013,756018435,05-10-2013,1510,651.21,524.96,983327.1,792689.6,190637.5
Europe,Montenegro,Baby Food,Offline,C,10/17/2012,881668126,11-03-2012,4046,255.28,159.42,1032862.88,645013.32,387849.56
Europe,Monaco,Clothes,Online,C,2/19/2012,380616462,04-08-2012,1724,109.28,35.84,188398.72,61788.16,126610.56
Sub-Saharan Africa,Comoros,Snacks,Offline,H,9/28/2014,304474771,11-12-2014,9706,152.58,97.44,1480941.48,945752.64,535188.84
Middle East and North Africa,Qatar,Personal Care,Online,M,09-05-2013,875166881,10/17/2013,183,81.73,56.67,14956.59,10370.61,4585.98
Sub-Saharan Africa,Mozambique,Cereal,Online,L,8/27/2010,134929120,10-10-2010,7380,205.7,117.11,1518066,864271.8,653794.2
Sub-Saharan Africa,Djibouti,Personal Care,Online,L,3/21/2012,696310317,4/29/2012,2551,81.73,56.67,208493.23,144565.17,63928.06
Asia,Malaysia,Clothes,Offline,C,11-09-2010,292171800,12-08-2010,8983,109.28,35.84,981662.24,321950.72,659711.52
Europe,Hungary,Snacks,Offline,C,6/17/2011,325687396,6/24/2011,6993,152.58,97.44,1066991.94,681397.92,385594.02
Asia,Cambodia,Office Supplies,Online,H,06-02-2012,920343434,6/29/2012,8929,651.21,524.96,5814654.09,4687367.84,1127286.25
Sub-Saharan Africa,Mauritania,Office Supplies,Offline,C,12/24/2016,469938743,1/24/2017,4172,651.21,524.96,2716848.12,2190133.12,526715
Europe,Norway,Meat,Offline,C,4/23/2014,588584649,5/18/2014,4132,421.89,364.69,1743249.48,1506899.08,236350.4
Australia and Oceania,Vanuatu,Fruits,Offline,C,7/23/2013,260704982,7/27/2013,7252,9.33,6.92,67661.16,50183.84,17477.32
Europe,Malta,Cereal,Offline,C,5/19/2017,791036069,6/13/2017,4006,205.7,117.11,824034.2,469142.66,354891.54
Asia,Myanmar,Household,Offline,L,7/25/2010,854626739,8/28/2010,1898,668.27,502.54,1268376.46,953820.92,314555.54
Middle East and North Africa,Syria,Cosmetics,Offline,L,10/25/2016,546838319,12-04-2016,465,437.2,263.33,203298,122448.45,80849.55
Europe,United Kingdom,Cereal,Online,M,09-12-2011,933344638,10/23/2011,6274,205.7,117.11,1290561.8,734748.14,555813.66
Europe,Poland,Office Supplies,Online,M,04-04-2017,900132024,5/20/2017,7924,651.21,524.96,5160188.04,4159783.04,1000405
Australia and Oceania,Palau,Office Supplies,Online,H,12/22/2014,303499305,12/27/2014,1044,651.21,524.96,679863.24,548058.24,131805
Sub-Saharan Africa,Seychelles ,Cosmetics,Offline,L,02-05-2010,420057809,03-09-2010,3295,437.2,263.33,1440574,867672.35,572901.65
Europe,France,Personal Care,Offline,M,9/25/2012,796731364,10/19/2012,9371,81.73,56.67,765891.83,531054.57,234837.26
Europe,Switzerland,Meat,Online,C,05-04-2011,600756299,6/21/2011,5994,421.89,364.69,2528808.66,2185951.86,342856.8
Sub-Saharan Africa,Nigeria,Baby Food,Offline,M,05-11-2014,869681441,5/14/2014,6920,255.28,159.42,1766537.6,1103186.4,663351.2
Sub-Saharan Africa,Comoros,Meat,Offline,H,2/28/2016,461368119,03-06-2016,7934,421.89,364.69,3347275.26,2893450.46,453824.8
Sub-Saharan Africa,South Sudan,Beverages,Online,H,12/19/2015,103990161,01-01-2016,1854,47.45,31.79,87972.3,58938.66,29033.64
Asia,Bangladesh,Clothes,Online,M,1/22/2014,146033895,03-01-2014,3529,109.28,35.84,385649.12,126479.36,259169.76
Asia,Turkmenistan,Meat,Online,H,7/30/2015,106298148,09-04-2015,4839,421.89,364.69,2041525.71,1764734.91,276790.8
Middle East and North Africa,Kuwait,Personal Care,Online,M,7/29/2011,923894250,8/24/2011,9694,81.73,56.67,792290.62,549358.98,242931.64
Europe,Vatican City,Office Supplies,Offline,L,02-06-2013,908246028,2/21/2013,9038,651.21,524.96,5885635.98,4744588.48,1141047.5
Europe,Estonia,Cosmetics,Offline,H,2/18/2017,689089810,3/14/2017,5843,437.2,263.33,2554559.6,1538637.19,1015922.41
Middle East and North Africa,Saudi Arabia,Cosmetics,Online,L,05-08-2010,966474425,5/17/2010,115,437.2,263.33,50278,30282.95,19995.05
Sub-Saharan Africa,Cote d'Ivoire,Meat,Online,C,10-11-2010,260761201,11/25/2010,3889,421.89,364.69,1640730.21,1418279.41,222450.8
Sub-Saharan Africa,Cameroon,Cosmetics,Online,C,01-05-2011,762623965,02-12-2011,6233,437.2,263.33,2725067.6,1641335.89,1083731.71
Sub-Saharan Africa,Zambia,Cereal,Online,C,4/14/2012,683049046,4/28/2012,8247,205.7,117.11,1696407.9,965806.17,730601.73
Central America and the Caribbean,Barbados,Vegetables,Online,L,02-09-2013,103335273,3/14/2013,8058,154.06,90.93,1241415.48,732713.94,508701.54
Sub-Saharan Africa,Chad,Meat,Online,M,1/21/2013,525093972,02-11-2013,5830,421.89,364.69,2459618.7,2126142.7,333476
Sub-Saharan Africa,Kenya,Office Supplies,Online,C,7/21/2016,820248973,8/30/2016,8754,651.21,524.96,5700692.34,4595499.84,1105192.5
Asia,Vietnam,Clothes,Online,C,12-12-2013,381036603,12/28/2013,6053,109.28,35.84,661471.84,216939.52,444532.32
Europe,United Kingdom,Cereal,Online,L,7/30/2015,470005691,8/13/2015,3983,205.7,117.11,819303.1,466449.13,352853.97
North America,Greenland,Snacks,Offline,M,2/18/2010,170017564,03-03-2010,830,152.58,97.44,126641.4,80875.2,45766.2
Middle East and North Africa,Libya,Meat,Offline,L,11/16/2013,434246051,12/13/2013,1911,421.89,364.69,806231.79,696922.59,109309.2
Europe,Monaco,Vegetables,Offline,C,11-01-2013,936177480,12-09-2013,4575,154.06,90.93,704824.5,416004.75,288819.75
Europe,Switzerland,Clothes,Online,M,1/15/2017,519610679,1/26/2017,3202,109.28,35.84,349914.56,114759.68,235154.88
Central America and the Caribbean,Panama,Household,Online,C,06-10-2016,348656976,07-08-2016,4202,668.27,502.54,2808070.54,2111673.08,696397.46
Europe,Hungary,Meat,Online,H,5/30/2017,757740199,06-08-2017,1018,421.89,364.69,429484.02,371254.42,58229.6
Middle East and North Africa,Israel,Cereal,Offline,H,3/29/2011,801596677,05-05-2011,9125,205.7,117.11,1877012.5,1068628.75,808383.75
Australia and Oceania,Federated States of Micronesia,Office Supplies,Online,H,10/15/2016,505275237,11/15/2016,1026,651.21,524.96,668141.46,538608.96,129532.5
Europe,Latvia,Vegetables,Online,H,2/15/2016,414137208,03-11-2016,1258,154.06,90.93,193807.48,114389.94,79417.54
Sub-Saharan Africa,Botswana,Household,Online,L,4/21/2011,243856418,06-04-2011,1388,668.27,502.54,927558.76,697525.52,230033.24
Sub-Saharan Africa,Mauritania,Cosmetics,Online,L,01-08-2013,230419194,1/29/2013,5015,437.2,263.33,2192558,1320599.95,871958.05
Middle East and North Africa,Qatar,Office Supplies,Offline,M,02-11-2014,680124366,3/14/2014,2769,651.21,524.96,1803200.49,1453614.24,349586.25
Middle East and North Africa,Saudi Arabia,Beverages,Online,M,1/17/2016,619583261,1/28/2016,7310,47.45,31.79,346859.5,232384.9,114474.6
North America,Canada,Vegetables,Online,C,7/25/2017,945719707,09-01-2017,8332,154.06,90.93,1283627.92,757628.76,525999.16
Sub-Saharan Africa,Republic of the Congo,Snacks,Online,M,11/27/2010,375770032,1/15/2011,7558,152.58,97.44,1153199.64,736451.52,416748.12
Sub-Saharan Africa,Ghana,Beverages,Offline,C,11/18/2015,397283065,12-08-2015,3742,47.45,31.79,177557.9,118958.18,58599.72
Central America and the Caribbean,Antigua and Barbuda ,Clothes,Online,H,07-01-2015,318120133,8/15/2015,7672,109.28,35.84,838396.16,274964.48,563431.68
Europe,France,Meat,Online,C,10-05-2012,416455066,11/24/2012,7163,421.89,364.69,3021998.07,2612274.47,409723.6
Europe,Belgium,Fruits,Offline,M,9/30/2011,590774190,10/27/2011,2066,9.33,6.92,19275.78,14296.72,4979.06
Australia and Oceania,New Zealand,Cosmetics,Offline,H,10/19/2013,809876334,10/25/2013,9259,437.2,263.33,4048034.8,2438172.47,1609862.33
Sub-Saharan Africa,The Gambia,Beverages,Offline,C,10-06-2013,662872827,11-08-2013,7655,47.45,31.79,363229.75,243352.45,119877.3
Europe,Vatican City,Personal Care,Online,H,05-02-2011,709187495,06-08-2011,3194,81.73,56.67,261045.62,181003.98,80041.64
Australia and Oceania,Solomon Islands,Clothes,Offline,L,11-02-2014,228556668,11/15/2014,3852,109.28,35.84,420946.56,138055.68,282890.88
Middle East and North Africa,Pakistan,Vegetables,Online,H,9/28/2014,371029174,11/14/2014,4632,154.06,90.93,713605.92,421187.76,292418.16
Middle East and North Africa,United Arab Emirates,Clothes,Online,M,2/21/2010,106966340,3/26/2010,2572,109.28,35.84,281068.16,92180.48,188887.68
Europe,San Marino,Household,Online,H,7/27/2012,277041995,08-03-2012,1738,668.27,502.54,1161453.26,873414.52,288038.74
Middle East and North Africa,Algeria,Meat,Online,M,11/24/2011,442242467,12-11-2011,8228,421.89,364.69,3471310.92,3000669.32,470641.6
Australia and Oceania,New Zealand,Household,Offline,M,06-01-2010,233866584,7/21/2010,5174,668.27,502.54,3457628.98,2600141.96,857487.02
Europe,Poland,Office Supplies,Online,L,6/29/2011,703525674,07-03-2011,7736,651.21,524.96,5037760.56,4061090.56,976670
Central America and the Caribbean,Grenada,Cereal,Online,H,10-06-2015,273143565,10/25/2015,8106,205.7,117.11,1667404.2,949293.66,718110.54
Middle East and North Africa,Qatar,Household,Offline,M,05-11-2017,584956586,6/26/2017,508,668.27,502.54,339481.16,255290.32,84190.84
Central America and the Caribbean,Costa Rica,Office Supplies,Offline,L,04-07-2015,651513564,4/29/2015,6197,651.21,524.96,4035548.37,3253177.12,782371.25
Sub-Saharan Africa,Ghana,Cosmetics,Online,C,02-06-2017,905675828,02-09-2017,8458,437.2,263.33,3697837.6,2227245.14,1470592.46
Europe,Bosnia and Herzegovina,Baby Food,Online,H,8/16/2012,950617206,9/15/2012,7611,255.28,159.42,1942936.08,1213345.62,729590.46
Central America and the Caribbean,Haiti,Personal Care,Offline,C,5/15/2015,909824025,5/20/2015,6002,81.73,56.67,490543.46,340133.34,150410.12
Europe,Russia,Clothes,Offline,C,06-06-2013,977095115,6/29/2013,3013,109.28,35.84,329260.64,107985.92,221274.72
Central America and the Caribbean,Cuba,Cosmetics,Offline,H,2/13/2011,966541802,3/24/2011,53,437.2,263.33,23171.6,13956.49,9215.11
Asia,Bangladesh,Personal Care,Offline,M,01-08-2010,762587916,2/24/2010,5566,81.73,56.67,454909.18,315425.22,139483.96
Sub-Saharan Africa,Comoros,Vegetables,Online,L,10/14/2012,769969785,10/19/2012,25,154.06,90.93,3851.5,2273.25,1578.25
Asia,Laos,Beverages,Online,H,10-10-2011,563736236,10/19/2011,934,47.45,31.79,44318.3,29691.86,14626.44
Europe,Croatia,Clothes,Offline,M,7/20/2015,239248597,08-07-2015,7831,109.28,35.84,855771.68,280663.04,575108.64
Asia,Nepal,Cosmetics,Online,L,10/25/2014,862180697,11/23/2014,7283,437.2,263.33,3184127.6,1917832.39,1266295.21
Australia and Oceania,Fiji,Cosmetics,Offline,H,6/24/2016,418518865,6/26/2016,7887,437.2,263.33,3448196.4,2076883.71,1371312.69
Sub-Saharan Africa,The Gambia,Cosmetics,Offline,L,2/28/2017,564561927,04-08-2017,5275,437.2,263.33,2306230,1389065.75,917164.25
Europe,Iceland,Baby Food,Offline,M,7/16/2014,776921212,09-03-2014,7106,255.28,159.42,1814019.68,1132838.52,681181.16
Australia and Oceania,Tonga,Snacks,Online,C,2/24/2011,602520549,3/29/2011,8075,152.58,97.44,1232083.5,786828,445255.5
Sub-Saharan Africa,Burundi,Office Supplies,Online,C,08-03-2010,108596265,08-09-2010,4903,651.21,524.96,3192882.63,2573878.88,619003.75
Australia and Oceania,Nauru,Household,Offline,H,9/25/2013,332697188,10/15/2013,1346,668.27,502.54,899491.42,676418.84,223072.58
Middle East and North Africa,Bahrain,Fruits,Offline,L,12/14/2014,132684648,1/22/2015,3191,9.33,6.92,29772.03,22081.72,7690.31
Asia,Mongolia,Beverages,Offline,M,6/18/2013,236732470,07-06-2013,3254,47.45,31.79,154402.3,103444.66,50957.64
Europe,Greece,Cosmetics,Online,M,2/15/2017,993326985,03-10-2017,6384,437.2,263.33,2791084.8,1681098.72,1109986.08
Asia,South Korea,Personal Care,Online,C,12-06-2015,121267020,12/15/2015,4461,81.73,56.67,364597.53,252804.87,111792.66
Asia,Myanmar,Personal Care,Offline,C,1/28/2016,359663903,3/15/2016,1396,81.73,56.67,114095.08,79111.32,34983.76
Sub-Saharan Africa,Madagascar,Personal Care,Online,H,6/21/2013,917941462,08-01-2013,8132,81.73,56.67,664628.36,460840.44,203787.92
Europe,Italy,Household,Online,M,8/28/2012,625836026,09-08-2012,7642,668.27,502.54,5106919.34,3840410.68,1266508.66
Europe,San Marino,Fruits,Offline,L,6/19/2015,183396422,07-05-2015,9932,9.33,6.92,92665.56,68729.44,23936.12
Central America and the Caribbean,The Bahamas,Vegetables,Offline,H,3/14/2017,810983979,04-12-2017,7036,154.06,90.93,1083966.16,639783.48,444182.68
Europe,Vatican City,Baby Food,Offline,H,6/18/2010,199272525,6/26/2010,8023,255.28,159.42,2048111.44,1279026.66,769084.78
Middle East and North Africa,Azerbaijan,Cosmetics,Offline,H,8/17/2011,159248387,9/14/2011,3992,437.2,263.33,1745302.4,1051213.36,694089.04
Central America and the Caribbean,Honduras,Snacks,Offline,C,8/18/2011,772210395,10-06-2011,3071,152.58,97.44,468573.18,299238.24,169334.94
Australia and Oceania,Solomon Islands,Household,Online,L,1/16/2010,839769876,03-02-2010,5423,668.27,502.54,3624028.21,2725274.42,898753.79
Sub-Saharan Africa,Burundi,Meat,Online,H,4/20/2011,133850657,5/21/2011,8239,421.89,364.69,3475951.71,3004680.91,471270.8
Asia,Maldives,Beverages,Offline,H,4/25/2013,746689069,5/27/2013,743,47.45,31.79,35255.35,23619.97,11635.38
Sub-Saharan Africa,Tanzania,Personal Care,Offline,M,4/15/2011,340833938,4/27/2011,9191,81.73,56.67,751180.43,520853.97,230326.46
Sub-Saharan Africa,Gabon,Snacks,Online,H,8/13/2016,699146592,8/14/2016,1868,152.58,97.44,285019.44,182017.92,103001.52
Sub-Saharan Africa,Botswana,Fruits,Offline,L,04-12-2015,974800860,4/26/2015,4092,9.33,6.92,38178.36,28316.64,9861.72
Central America and the Caribbean,The Bahamas,Cereal,Online,H,01-07-2017,841283071,02-06-2017,3211,205.7,117.11,660502.7,376040.21,284462.49
Sub-Saharan Africa,Chad,Household,Offline,H,9/22/2013,942392051,10-09-2013,3605,668.27,502.54,2409113.35,1811656.7,597456.65
Europe,Belarus,Baby Food,Online,C,6/27/2013,642239129,07-03-2013,1685,255.28,159.42,430146.8,268622.7,161524.1
Sub-Saharan Africa,Uganda,Office Supplies,Offline,M,02-09-2014,275248134,2/25/2014,894,651.21,524.96,582181.74,469314.24,112867.5
Asia,Bangladesh,Snacks,Offline,L,6/15/2014,696155393,7/16/2014,6706,152.58,97.44,1023201.48,653432.64,369768.84
Europe,Norway,Fruits,Offline,H,8/31/2010,130009734,9/20/2010,1624,9.33,6.92,15151.92,11238.08,3913.84
Australia and Oceania,Vanuatu,Meat,Offline,L,02-04-2015,922172486,2/21/2015,186,421.89,364.69,78471.54,67832.34,10639.2
Sub-Saharan Africa,Guinea-Bissau,Vegetables,Online,M,8/29/2014,988317477,10/15/2014,3959,154.06,90.93,609923.54,359991.87,249931.67
Sub-Saharan Africa,Mozambique,Meat,Offline,C,6/24/2012,564431035,08-05-2012,6541,421.89,364.69,2759582.49,2385437.29,374145.2
Central America and the Caribbean,Antigua and Barbuda ,Clothes,Offline,M,7/15/2016,856811988,08-12-2016,8562,109.28,35.84,935655.36,306862.08,628793.28
Europe,Andorra,Office Supplies,Offline,C,2/24/2013,892071664,04-08-2013,2684,651.21,524.96,1747847.64,1408992.64,338855
Sub-Saharan Africa,Central African Republic,Cosmetics,Offline,C,3/19/2016,667133891,3/29/2016,8598,437.2,263.33,3759045.6,2264111.34,1494934.26
Europe,Macedonia,Fruits,Offline,H,5/23/2010,699234998,6/13/2010,8029,9.33,6.92,74910.57,55560.68,19349.89
Europe,Liechtenstein,Cosmetics,Offline,H,6/29/2015,675923812,6/29/2015,9731,437.2,263.33,4254393.2,2562464.23,1691928.97
North America,Greenland,Baby Food,Online,M,07-11-2014,805061662,8/20/2014,4491,255.28,159.42,1146462.48,715955.22,430507.26
Asia,Mongolia,Cereal,Offline,C,6/30/2010,464822375,7/18/2010,125,205.7,117.11,25712.5,14638.75,11073.75
Middle East and North Africa,Kuwait,Vegetables,Offline,C,1/18/2015,453692281,2/13/2015,6483,154.06,90.93,998770.98,589499.19,409271.79
Europe,Macedonia,Snacks,Offline,M,5/22/2014,740470206,07-06-2014,444,152.58,97.44,67745.52,43263.36,24482.16
Middle East and North Africa,Israel,Meat,Online,H,12-06-2010,914267480,12/23/2010,919,421.89,364.69,387716.91,335150.11,52566.8
Europe,Czech Republic,Vegetables,Online,H,12-09-2011,634507930,01-04-2012,3851,154.06,90.93,593285.06,350171.43,243113.63
Central America and the Caribbean,Barbados,Snacks,Offline,L,08-07-2010,980927884,8/22/2010,7214,152.58,97.44,1100712.12,702932.16,397779.96
Australia and Oceania,Vanuatu,Baby Food,Online,H,07-08-2012,403576171,7/26/2012,6012,255.28,159.42,1534743.36,958433.04,576310.32
Central America and the Caribbean,Nicaragua,Cosmetics,Online,H,10/20/2016,572814118,11/21/2016,7282,437.2,263.33,3183690.4,1917569.06,1266121.34
Sub-Saharan Africa,Rwanda,Cosmetics,Offline,C,04-04-2012,529315555,5/16/2012,5090,437.2,263.33,2225348,1340349.7,884998.3
Australia and Oceania,East Timor,Cosmetics,Offline,H,6/22/2011,734066808,08-07-2011,5536,437.2,263.33,2420339.2,1457794.88,962544.32
North America,United States of America,Clothes,Online,H,9/29/2016,818366706,10/28/2016,1749,109.28,35.84,191130.72,62684.16,128446.56
Middle East and North Africa,Yemen,Cosmetics,Offline,L,4/15/2016,933826577,5/28/2016,8891,437.2,263.33,3887145.2,2341267.03,1545878.17
Asia,Indonesia,Clothes,Online,H,9/29/2010,402370250,10/23/2010,9153,109.28,35.84,1000239.84,328043.52,672196.32
Sub-Saharan Africa,Cape Verde,Office Supplies,Online,M,12/18/2016,866234052,01-12-2017,6760,651.21,524.96,4402179.6,3548729.6,853450
Europe,San Marino,Meat,Offline,C,3/18/2011,437966811,4/22/2011,2967,421.89,364.69,1251747.63,1082035.23,169712.4
Europe,Switzerland,Clothes,Offline,M,04-01-2016,450429856,04-07-2016,1059,109.28,35.84,115727.52,37954.56,77772.96
Europe,Bulgaria,Vegetables,Offline,C,04-06-2014,506797015,05-06-2014,1354,154.06,90.93,208597.24,123119.22,85478.02
Europe,Albania,Snacks,Offline,C,3/20/2011,730554616,3/31/2011,6200,152.58,97.44,945996,604128,341868
Middle East and North Africa,Kuwait,Fruits,Online,H,05-08-2010,415501487,6/20/2010,4978,9.33,6.92,46444.74,34447.76,11996.98
Sub-Saharan Africa,Guinea,Cereal,Offline,L,12/23/2015,275748956,1/23/2016,9099,205.7,117.11,1871664.3,1065583.89,806080.41
Asia,Malaysia,Cosmetics,Offline,H,7/13/2014,195720851,7/31/2014,7004,437.2,263.33,3062148.8,1844363.32,1217785.48
Asia,Kyrgyzstan,Household,Online,C,3/28/2016,580153501,04-10-2016,9168,668.27,502.54,6126699.36,4607286.72,1519412.64
Asia,Singapore,Office Supplies,Offline,C,6/16/2013,104095733,6/28/2013,3095,651.21,524.96,2015494.95,1624751.2,390743.75
Europe,Netherlands,Meat,Offline,M,10-03-2014,662908875,10/27/2014,8322,421.89,364.69,3510968.58,3034950.18,476018.4
Sub-Saharan Africa,Cote d'Ivoire,Vegetables,Online,H,11-01-2010,622266757,12/17/2010,1416,154.06,90.93,218148.96,128756.88,89392.08
Europe,Russia,Cosmetics,Online,H,03-04-2016,668155705,04-11-2016,976,437.2,263.33,426707.2,257010.08,169697.12
Central America and the Caribbean,Haiti,Cereal,Online,H,3/31/2012,656874549,5/20/2012,2631,205.7,117.11,541196.7,308116.41,233080.29
Australia and Oceania,Federated States of Micronesia,Cereal,Offline,L,11/19/2011,965034615,01-02-2012,4043,205.7,117.11,831645.1,473475.73,358169.37
Sub-Saharan Africa,Burundi,Fruits,Offline,C,1/14/2010,239559733,02-03-2010,9904,9.33,6.92,92404.32,68535.68,23868.64
Sub-Saharan Africa,Zimbabwe,Office Supplies,Online,M,4/24/2010,347686231,06-06-2010,6937,651.21,524.96,4517443.77,3641647.52,875796.25
Asia,Tajikistan,Meat,Online,H,08-01-2013,526962935,8/15/2013,8898,421.89,364.69,3753977.22,3245011.62,508965.6
Sub-Saharan Africa,Burkina Faso,Cereal,Online,M,3/20/2014,535251176,05-08-2014,1572,205.7,117.11,323360.4,184096.92,139263.48
Europe,France,Baby Food,Online,C,06-08-2011,200724780,06-08-2011,7778,255.28,159.42,1985567.84,1239968.76,745599.08
Sub-Saharan Africa,Liberia,Clothes,Online,L,02-03-2013,771870076,03-12-2013,2363,109.28,35.84,258228.64,84689.92,173538.72
Asia,Kazakhstan,Beverages,Online,C,10-02-2016,867485892,10/14/2016,7208,47.45,31.79,342019.6,229142.32,112877.28
Asia,Kazakhstan,Clothes,Online,L,6/23/2013,526683557,08-08-2013,6223,109.28,35.84,680049.44,223032.32,457017.12
Asia,Thailand,Beverages,Offline,C,4/24/2014,758886897,06-07-2014,352,47.45,31.79,16702.4,11190.08,5512.32
Europe,Sweden,Vegetables,Online,H,3/24/2016,393832242,4/19/2016,2567,154.06,90.93,395472.02,233417.31,162054.71
Sub-Saharan Africa,Kenya,Meat,Online,H,6/24/2013,131568419,6/25/2013,2874,421.89,364.69,1212511.86,1048119.06,164392.8
Europe,Poland,Vegetables,Offline,L,07-10-2016,292456758,8/22/2016,3308,154.06,90.93,509630.48,300796.44,208834.04
Europe,Moldova ,Cereal,Offline,M,5/21/2010,367171084,5/28/2010,2938,205.7,117.11,604346.6,344069.18,260277.42
Europe,Portugal,Office Supplies,Online,M,06-09-2011,366697728,6/29/2011,2861,651.21,524.96,1863111.81,1501910.56,361201.25
Sub-Saharan Africa,Eritrea,Meat,Offline,M,8/15/2010,372335517,9/26/2010,1208,421.89,364.69,509643.12,440545.52,69097.6
Europe,Cyprus,Baby Food,Online,H,1/29/2015,985695779,3/17/2015,8140,255.28,159.42,2077979.2,1297678.8,780300.4
Central America and the Caribbean,Saint Vincent and the Grenadines,Clothes,Online,C,02-03-2014,178702342,3/25/2014,849,109.28,35.84,92778.72,30428.16,62350.56
Asia,Maldives,Fruits,Offline,H,2/27/2013,943591535,3/24/2013,8559,9.33,6.92,79855.47,59228.28,20627.19
Europe,Denmark,Cosmetics,Offline,H,1/15/2015,942912185,2/23/2015,7524,437.2,263.33,3289492.8,1981294.92,1308197.88
Asia,Indonesia,Baby Food,Offline,H,01-01-2016,159525620,1/19/2016,6031,255.28,159.42,1539593.68,961462.02,578131.66
Middle East and North Africa,Libya,Cosmetics,Offline,C,2/25/2017,446605670,3/26/2017,9397,437.2,263.33,4108368.4,2474512.01,1633856.39
Sub-Saharan Africa,Ethiopia,Baby Food,Offline,L,02-07-2013,577638661,02-07-2013,4971,255.28,159.42,1268996.88,792476.82,476520.06
Australia and Oceania,Nauru,Clothes,Online,C,11/18/2010,296423423,11/19/2010,7133,109.28,35.84,779494.24,255646.72,523847.52
Asia,Brunei,Meat,Offline,C,01-03-2011,767071282,1/15/2011,2293,421.89,364.69,967393.77,836234.17,131159.6
Europe,Sweden,Personal Care,Online,C,4/13/2011,524006068,4/14/2011,3895,81.73,56.67,318338.35,220729.65,97608.7
Sub-Saharan Africa,Sudan,Snacks,Offline,L,7/27/2010,421964108,7/30/2010,7412,152.58,97.44,1130922.96,722225.28,408697.68
Asia,China,Vegetables,Online,M,08-01-2012,485994231,09-07-2012,5348,154.06,90.93,823912.88,486293.64,337619.24
Sub-Saharan Africa,Angola,Snacks,Offline,L,7/15/2014,361457765,8/22/2014,2240,152.58,97.44,341779.2,218265.6,123513.6
Australia and Oceania,Marshall Islands,Cosmetics,Online,L,11/30/2010,664028537,12/27/2010,9655,437.2,263.33,4221166,2542451.15,1678714.85
Sub-Saharan Africa,Tanzania,Cereal,Online,C,5/30/2012,729692876,07-10-2012,1192,205.7,117.11,245194.4,139595.12,105599.28
Australia and Oceania,Kiribati,Fruits,Online,L,11-11-2011,864749610,11/14/2011,7481,9.33,6.92,69797.73,51768.52,18029.21
Europe,Ireland,Cereal,Offline,C,9/24/2010,995810067,9/26/2010,1183,205.7,117.11,243343.1,138541.13,104801.97
Australia and Oceania,Fiji,Cosmetics,Online,M,05-04-2015,219798076,5/16/2015,1990,437.2,263.33,870028,524026.7,346001.3
Middle East and North Africa,Iraq,Beverages,Offline,H,05-09-2010,853949964,5/31/2010,1626,47.45,31.79,77153.7,51690.54,25463.16
Asia,Singapore,Personal Care,Online,C,7/31/2015,785814559,08-09-2015,8845,81.73,56.67,722901.85,501246.15,221655.7
Central America and the Caribbean,Dominica,Meat,Offline,C,01-10-2014,223253190,1/23/2014,4435,421.89,364.69,1871082.15,1617400.15,253682
Sub-Saharan Africa,Sudan,Snacks,Online,C,04-11-2016,344439685,4/25/2016,6212,152.58,97.44,947826.96,605297.28,342529.68
Middle East and North Africa,Afghanistan,Meat,Offline,C,04-03-2011,147860372,04-06-2011,4025,421.89,364.69,1698107.25,1467877.25,230230
Australia and Oceania,Kiribati,Clothes,Online,H,6/14/2015,502314078,6/25/2015,4753,109.28,35.84,519407.84,170347.52,349060.32
Sub-Saharan Africa,Botswana,Vegetables,Offline,L,2/21/2016,996912133,3/22/2016,7309,154.06,90.93,1126024.54,664607.37,461417.17
Middle East and North Africa,Jordan,Fruits,Online,M,01-05-2013,391078364,2/17/2013,7633,9.33,6.92,71215.89,52820.36,18395.53
Middle East and North Africa,Libya,Cosmetics,Offline,C,5/28/2014,664549100,07-12-2014,3701,437.2,263.33,1618077.2,974584.33,643492.87
Sub-Saharan Africa,Namibia,Snacks,Offline,H,10-09-2010,267373168,10/26/2010,517,152.58,97.44,78883.86,50376.48,28507.38
Asia,South Korea,Snacks,Online,M,5/13/2016,869911897,5/22/2016,5116,152.58,97.44,780599.28,498503.04,282096.24
Europe,Albania,Clothes,Offline,C,06-01-2012,612839114,06-05-2012,1567,109.28,35.84,171241.76,56161.28,115080.48
Sub-Saharan Africa,Ghana,Baby Food,Online,H,07-10-2011,857141149,07-11-2011,5968,255.28,159.42,1523511.04,951418.56,572092.48
Middle East and North Africa,Lebanon,Cereal,Online,M,12/22/2015,334116828,1/27/2016,1449,205.7,117.11,298059.3,169692.39,128366.91
Asia,Uzbekistan,Cosmetics,Offline,C,12/26/2013,995377480,01-03-2014,3171,437.2,263.33,1386361.2,835019.43,551341.77
North America,Canada,Personal Care,Offline,M,10-10-2013,362846934,10/17/2013,3326,81.73,56.67,271833.98,188484.42,83349.56
Middle East and North Africa,Pakistan,Vegetables,Online,C,1/16/2017,978761518,2/18/2017,6138,154.06,90.93,945620.28,558128.34,387491.94
Europe,Netherlands,Clothes,Offline,M,3/15/2015,955670058,04-09-2015,2862,109.28,35.84,312759.36,102574.08,210185.28
Europe,Czech Republic,Personal Care,Online,H,11/14/2015,726433885,12/21/2015,6784,81.73,56.67,554456.32,384449.28,170007.04
Europe,Hungary,Snacks,Online,C,5/17/2016,794226825,5/25/2016,8222,152.58,97.44,1254512.76,801151.68,453361.08
Australia and Oceania,Tuvalu,Vegetables,Online,H,02-10-2015,382535207,3/29/2015,9523,154.06,90.93,1467113.38,865926.39,601186.99
Australia and Oceania,Solomon Islands,Baby Food,Online,L,4/27/2015,585157859,06-08-2015,69,255.28,159.42,17614.32,10999.98,6614.34
Asia,China,Fruits,Online,L,9/24/2013,316206109,9/24/2013,1269,9.33,6.92,11839.77,8781.48,3058.29
Middle East and North Africa,Lebanon,Snacks,Offline,M,12-09-2011,360103785,12/26/2011,1567,152.58,97.44,239092.86,152688.48,86404.38
Europe,Russia,Fruits,Online,L,08-03-2012,221587216,9/22/2012,1436,9.33,6.92,13397.88,9937.12,3460.76
Middle East and North Africa,Libya,Cereal,Offline,C,8/13/2015,375705230,9/26/2015,8381,205.7,117.11,1723971.7,981498.91,742472.79
Central America and the Caribbean,Saint Kitts and Nevis ,Office Supplies,Offline,C,06-08-2014,917819154,6/16/2014,1938,651.21,524.96,1262044.98,1017372.48,244672.5
Europe,Malta,Snacks,Online,H,11/24/2014,213602817,01-03-2015,8675,152.58,97.44,1323631.5,845292,478339.5
Asia,Maldives,Vegetables,Offline,L,05-04-2016,749042546,05-04-2016,7190,154.06,90.93,1107691.4,653786.7,453904.7
Europe,Vatican City,Cosmetics,Offline,H,5/19/2015,580437171,6/27/2015,3112,437.2,263.33,1360566.4,819482.96,541083.44
Central America and the Caribbean,Dominica,Vegetables,Offline,H,04-09-2017,984398019,4/26/2017,4104,154.06,90.93,632262.24,373176.72,259085.52
Europe,Netherlands,Beverages,Offline,C,12/21/2016,607848918,1/26/2017,4857,47.45,31.79,230464.65,154404.03,76060.62
Middle East and North Africa,Morocco,Household,Offline,H,07-05-2010,418026196,07-12-2010,2096,668.27,502.54,1400693.92,1053323.84,347370.08
Europe,Georgia,Meat,Online,L,11/27/2013,552478682,01-02-2014,9574,421.89,364.69,4039174.86,3491542.06,547632.8
Middle East and North Africa,Turkey,Cosmetics,Offline,L,12/15/2013,769067704,1/20/2014,3079,437.2,263.33,1346138.8,810793.07,535345.73
Sub-Saharan Africa,Burkina Faso,Vegetables,Online,C,6/14/2017,895967090,6/25/2017,5427,154.06,90.93,836083.62,493477.11,342606.51
Europe,Andorra,Personal Care,Offline,M,02-07-2017,381663167,03-07-2017,1467,81.73,56.67,119897.91,83134.89,36763.02
Asia,Nepal,Office Supplies,Offline,H,6/25/2010,544954764,08-07-2010,3080,651.21,524.96,2005726.8,1616876.8,388850
Asia,Laos,Cosmetics,Online,C,05-09-2011,524953210,5/31/2011,4175,437.2,263.33,1825310,1099402.75,725907.25
Europe,Vatican City,Office Supplies,Online,C,8/16/2015,431082332,09-09-2015,5696,651.21,524.96,3709292.16,2990172.16,719120
Sub-Saharan Africa,Burundi,Fruits,Online,C,09-12-2012,893078458,10-01-2012,617,9.33,6.92,5756.61,4269.64,1486.97
Middle East and North Africa,Afghanistan,Beverages,Offline,H,12/20/2011,810990417,01-04-2012,8941,47.45,31.79,424250.45,284234.39,140016.06
Europe,Macedonia,Personal Care,Offline,M,4/27/2016,505179536,5/30/2016,2706,81.73,56.67,221161.38,153349.02,67812.36
Europe,Italy,Fruits,Offline,H,10/13/2010,366319644,11/16/2010,978,9.33,6.92,9124.74,6767.76,2356.98
Sub-Saharan Africa,Niger,Beverages,Offline,H,9/22/2011,405397069,11-01-2011,4856,47.45,31.79,230417.2,154372.24,76044.96
Australia and Oceania,East Timor,Office Supplies,Offline,H,1/31/2010,703710639,2/13/2010,2471,651.21,524.96,1609139.91,1297176.16,311963.75
Sub-Saharan Africa,Democratic Republic of the Congo,Personal Care,Offline,C,01-04-2013,962871682,1/31/2013,3983,81.73,56.67,325530.59,225716.61,99813.98
Sub-Saharan Africa,Burkina Faso,Cosmetics,Online,C,05-11-2017,954804027,6/27/2017,6584,437.2,263.33,2878524.8,1733764.72,1144760.08
Asia,Uzbekistan,Clothes,Online,H,6/22/2013,971744000,08-09-2013,9499,109.28,35.84,1038050.72,340444.16,697606.56
Sub-Saharan Africa,Namibia,Cereal,Online,M,09-11-2011,476240432,10/24/2011,8982,205.7,117.11,1847597.4,1051882.02,795715.38
Europe,Ireland,Office Supplies,Offline,L,11-10-2015,351154649,11/22/2015,3319,651.21,524.96,2161365.99,1742342.24,419023.75
Sub-Saharan Africa,Malawi,Vegetables,Online,L,12-06-2011,649660480,12/27/2011,7828,154.06,90.93,1205981.68,711800.04,494181.64
Asia,Bangladesh,Cereal,Online,L,3/27/2017,145244252,5/15/2017,9857,205.7,117.11,2027584.9,1154353.27,873231.63
Europe,Albania,Baby Food,Online,H,02-01-2016,381704795,2/14/2016,3786,255.28,159.42,966490.08,603564.12,362925.96
Sub-Saharan Africa,Malawi,Fruits,Online,L,7/28/2016,723153436,09-12-2016,6027,9.33,6.92,56231.91,41706.84,14525.07
Middle East and North Africa,Bahrain,Beverages,Online,C,07-01-2016,604014003,7/16/2016,21,47.45,31.79,996.45,667.59,328.86
Sub-Saharan Africa,Namibia,Baby Food,Online,C,9/24/2014,879022824,9/27/2014,1242,255.28,159.42,317057.76,197999.64,119058.12
Central America and the Caribbean,Trinidad and Tobago,Personal Care,Offline,H,12/23/2014,673228728,1/24/2015,2196,81.73,56.67,179479.08,124447.32,55031.76
Europe,Italy,Vegetables,Online,L,6/15/2014,531993043,7/21/2014,7418,154.06,90.93,1142817.08,674518.74,468298.34
Middle East and North Africa,Egypt,Fruits,Online,M,3/20/2015,170989596,4/25/2015,8476,9.33,6.92,79081.08,58653.92,20427.16
Asia,India,Snacks,Offline,C,10/25/2012,726204717,11-12-2012,8968,152.58,97.44,1368337.44,873841.92,494495.52
Europe,Italy,Beverages,Online,M,3/26/2015,703937232,04-02-2015,9525,47.45,31.79,451961.25,302799.75,149161.5
Central America and the Caribbean,Antigua and Barbuda ,Beverages,Online,C,05-10-2016,930798470,6/19/2016,2807,47.45,31.79,133192.15,89234.53,43957.62
Middle East and North Africa,Qatar,Office Supplies,Offline,H,12-09-2014,503712260,1/19/2015,8506,651.21,524.96,5539192.26,4465309.76,1073882.5
Asia,Bhutan,Clothes,Online,L,10/14/2010,839914929,10/14/2010,8347,109.28,35.84,912160.16,299156.48,613003.68
Sub-Saharan Africa,South Africa,Fruits,Online,H,2/20/2016,726955306,04-06-2016,1084,9.33,6.92,10113.72,7501.28,2612.44
Sub-Saharan Africa,Cape Verde,Cosmetics,Offline,L,01-01-2014,372694718,1/16/2014,7504,437.2,263.33,3280748.8,1976028.32,1304720.48
Sub-Saharan Africa,Eritrea,Clothes,Online,M,12/16/2014,955306994,1/25/2015,5424,109.28,35.84,592734.72,194396.16,398338.56
Middle East and North Africa,Egypt,Beverages,Offline,H,07-03-2015,573278462,07-12-2015,4691,47.45,31.79,222587.95,149126.89,73461.06
Europe,Ukraine,Snacks,Offline,H,12/26/2016,995407950,12/31/2016,2188,152.58,97.44,333845.04,213198.72,120646.32
Middle East and North Africa,Pakistan,Vegetables,Offline,M,04-03-2014,910806787,4/24/2014,6823,154.06,90.93,1051151.38,620415.39,430735.99
Asia,Tajikistan,Office Supplies,Offline,H,7/26/2014,878898799,09-02-2014,4541,651.21,524.96,2957144.61,2383843.36,573301.25
Australia and Oceania,Australia,Personal Care,Online,M,02-10-2011,179420316,02-11-2011,3313,81.73,56.67,270771.49,187747.71,83023.78
Sub-Saharan Africa,Cote d'Ivoire,Snacks,Online,L,1/25/2017,862420165,03-11-2017,8147,152.58,97.44,1243069.26,793843.68,449225.58
North America,United States of America,Household,Offline,L,5/25/2016,998259675,06-08-2016,6076,668.27,502.54,4060408.52,3053433.04,1006975.48
Sub-Saharan Africa,Guinea,Personal Care,Online,M,1/19/2013,527612674,03-06-2013,1170,81.73,56.67,95624.1,66303.9,29320.2
Sub-Saharan Africa,Benin,Cereal,Online,L,1/17/2012,811465489,2/22/2012,9526,205.7,117.11,1959498.2,1115589.86,843908.34
Sub-Saharan Africa,Zimbabwe,Personal Care,Offline,C,09-04-2015,581116950,9/25/2015,4274,81.73,56.67,349314.02,242207.58,107106.44
Asia,Malaysia,Vegetables,Online,M,2/27/2012,888178384,03-01-2012,576,154.06,90.93,88738.56,52375.68,36362.88
Asia,Nepal,Personal Care,Online,H,04-11-2017,154573619,4/29/2017,624,81.73,56.67,50999.52,35362.08,15637.44
Sub-Saharan Africa,Mauritius ,Meat,Online,L,01-08-2010,922538983,1/26/2010,8641,421.89,364.69,3645551.49,3151286.29,494265.2
Europe,San Marino,Cosmetics,Online,M,02-03-2012,404623305,3/18/2012,5883,437.2,263.33,2572047.6,1549170.39,1022877.21
Middle East and North Africa,Lebanon,Meat,Online,M,12/18/2015,833687913,02-02-2016,5635,421.89,364.69,2377350.15,2055028.15,322322
Europe,Spain,Personal Care,Online,H,5/22/2011,912906634,06-06-2011,8215,81.73,56.67,671411.95,465544.05,205867.9
Sub-Saharan Africa,Guinea-Bissau,Cereal,Online,L,11/27/2011,765765798,12-06-2011,5971,205.7,117.11,1228234.7,699263.81,528970.89
Sub-Saharan Africa,Namibia,Snacks,Online,M,03-09-2013,586064231,3/27/2013,8284,152.58,97.44,1263972.72,807192.96,456779.76
Europe,Finland,Meat,Offline,C,12/18/2011,187913262,02-05-2012,6565,421.89,364.69,2769707.85,2394189.85,375518
Europe,Kosovo,Clothes,Offline,C,5/24/2017,355736720,07-08-2017,9256,109.28,35.84,1011495.68,331735.04,679760.64
Australia and Oceania,Federated States of Micronesia,Cereal,Offline,M,12/26/2016,594270932,01-09-2017,6830,205.7,117.11,1404931,799861.3,605069.7
Europe,Hungary,Beverages,Online,H,09-03-2010,478564727,09-05-2010,6792,47.45,31.79,322280.4,215917.68,106362.72
Sub-Saharan Africa,Togo,Meat,Offline,L,08-03-2014,103979432,8/23/2014,8679,421.89,364.69,3661583.31,3165144.51,496438.8
Middle East and North Africa,Iraq,Office Supplies,Online,M,11-12-2011,536188876,11/25/2011,9059,651.21,524.96,5899311.39,4755612.64,1143698.75
Sub-Saharan Africa,Eritrea,Household,Online,M,12/24/2016,661179387,02-04-2017,6528,668.27,502.54,4362466.56,3280581.12,1081885.44
Europe,Switzerland,Office Supplies,Online,M,06-01-2011,335249793,06-07-2011,6719,651.21,524.96,4375479.99,3527206.24,848273.75
Europe,Armenia,Clothes,Offline,H,7/24/2015,835011422,08-12-2015,7290,109.28,35.84,796651.2,261273.6,535377.6
Europe,Albania,Clothes,Online,M,10/22/2016,807388103,11/20/2016,2936,109.28,35.84,320846.08,105226.24,215619.84
Central America and the Caribbean,Belize,Cereal,Online,M,03-07-2011,319616162,03-07-2011,380,205.7,117.11,78166,44501.8,33664.2
Central America and the Caribbean,Saint Vincent and the Grenadines,Clothes,Online,M,9/14/2014,409244430,10/21/2014,3376,109.28,35.84,368929.28,120995.84,247933.44
Sub-Saharan Africa,Togo,Office Supplies,Online,C,03-02-2014,834134232,03-03-2014,7711,651.21,524.96,5021480.31,4047966.56,973513.75
Asia,Malaysia,Beverages,Online,C,5/14/2016,522459399,07-03-2016,6201,47.45,31.79,294237.45,197129.79,97107.66
Sub-Saharan Africa,Mozambique,Personal Care,Offline,H,01-07-2014,722706258,2/24/2014,3697,81.73,56.67,302155.81,209508.99,92646.82
Middle East and North Africa,Libya,Cereal,Offline,C,04-02-2012,953673636,04-02-2012,2077,205.7,117.11,427238.9,243237.47,184001.43
Middle East and North Africa,Afghanistan,Clothes,Online,M,04-10-2017,354472863,05-07-2017,5252,109.28,35.84,573938.56,188231.68,385706.88
Australia and Oceania,Solomon Islands,Cosmetics,Online,M,5/30/2017,834527766,07-03-2017,4166,437.2,263.33,1821375.2,1097032.78,724342.42
Australia and Oceania,Australia,Vegetables,Online,H,3/19/2017,323574674,4/29/2017,1791,154.06,90.93,275921.46,162855.63,113065.83
Central America and the Caribbean,Costa Rica,Personal Care,Offline,H,12-06-2010,421662414,12-12-2010,8133,81.73,56.67,664710.09,460897.11,203812.98
Europe,Netherlands,Baby Food,Offline,M,08-04-2016,549152314,08-06-2016,5228,255.28,159.42,1334603.84,833447.76,501156.08
Europe,Luxembourg,Household,Offline,M,8/27/2011,196718204,10-05-2011,2143,668.27,502.54,1432102.61,1076943.22,355159.39
Middle East and North Africa,Yemen,Meat,Offline,M,6/25/2012,275346410,08-02-2012,9976,421.89,364.69,4208774.64,3638147.44,570627.2
Middle East and North Africa,Egypt,Meat,Offline,H,01-09-2010,866335761,1/21/2010,6858,421.89,364.69,2893321.62,2501044.02,392277.6
Middle East and North Africa,Israel,Vegetables,Online,H,06-03-2011,771297585,07-09-2011,2950,154.06,90.93,454477,268243.5,186233.5
Sub-Saharan Africa,Guinea,Snacks,Online,H,07-11-2013,662155711,08-02-2013,5444,152.58,97.44,830645.52,530463.36,300182.16
Middle East and North Africa,United Arab Emirates,Meat,Online,M,04-06-2014,831146466,5/24/2014,3564,421.89,364.69,1503615.96,1299755.16,203860.8
Europe,Kosovo,Cereal,Online,H,5/24/2016,740818679,6/18/2016,3565,205.7,117.11,733320.5,417497.15,315823.35
Sub-Saharan Africa,Lesotho,Beverages,Online,M,03-09-2016,374033677,4/13/2016,3732,47.45,31.79,177083.4,118640.28,58443.12
Europe,Portugal,Household,Online,L,10-02-2014,683965289,11/13/2014,9383,668.27,502.54,6270377.41,4715332.82,1555044.59
Europe,Croatia,Vegetables,Online,C,04-08-2014,444099843,05-04-2014,7867,154.06,90.93,1211990.02,715346.31,496643.71
Central America and the Caribbean,Saint Vincent and the Grenadines,Meat,Offline,L,03-11-2014,298236167,3/15/2014,3564,421.89,364.69,1503615.96,1299755.16,203860.8
Central America and the Caribbean,Saint Vincent and the Grenadines,Cereal,Offline,M,1/15/2015,510485589,1/22/2015,2885,205.7,117.11,593444.5,337862.35,255582.15
Sub-Saharan Africa,Swaziland,Office Supplies,Online,C,8/14/2014,515271937,8/20/2014,9272,651.21,524.96,6038019.12,4867429.12,1170590
Sub-Saharan Africa,Niger,Vegetables,Offline,M,10/16/2011,267331540,11/17/2011,8198,154.06,90.93,1262983.88,745444.14,517539.74
Europe,France,Baby Food,Online,H,04-09-2010,691713225,4/14/2010,2170,255.28,159.42,553957.6,345941.4,208016.2
Middle East and North Africa,Iran,Baby Food,Offline,H,11-04-2014,533778321,11/15/2014,5722,255.28,159.42,1460712.16,912201.24,548510.92
Europe,Portugal,Office Supplies,Offline,H,06-01-2012,409200656,6/23/2012,422,651.21,524.96,274810.62,221533.12,53277.5
Middle East and North Africa,Pakistan,Clothes,Online,H,09-10-2013,553966557,10-03-2013,9870,109.28,35.84,1078593.6,353740.8,724852.8
Sub-Saharan Africa,Tanzania,Clothes,Offline,M,07-03-2011,374374854,08-11-2011,4694,109.28,35.84,512960.32,168232.96,344727.36
Sub-Saharan Africa,Kenya,Beverages,Online,M,11/18/2014,697036874,11/23/2014,7556,47.45,31.79,358532.2,240205.24,118326.96
Central America and the Caribbean,Dominica,Snacks,Online,M,01-04-2015,618876445,2/22/2015,8148,152.58,97.44,1243221.84,793941.12,449280.72
Sub-Saharan Africa,Tanzania,Clothes,Online,M,09-11-2011,657129895,9/18/2011,8194,109.28,35.84,895440.32,293672.96,601767.36
Sub-Saharan Africa,Central African Republic,Cereal,Offline,M,03-03-2017,499346053,3/13/2017,6449,205.7,117.11,1326559.3,755242.39,571316.91
Sub-Saharan Africa,Sierra Leone,Baby Food,Online,L,6/14/2014,353386247,7/30/2014,3698,255.28,159.42,944025.44,589535.16,354490.28
Sub-Saharan Africa,Benin,Snacks,Online,H,02-10-2014,497424304,3/25/2014,7760,152.58,97.44,1184020.8,756134.4,427886.4
Middle East and North Africa,Syria,Meat,Offline,L,8/26/2012,829946553,10-08-2012,8483,421.89,364.69,3578892.87,3093665.27,485227.6
Middle East and North Africa,Azerbaijan,Cereal,Offline,M,06-04-2011,419751822,07-02-2011,2747,205.7,117.11,565057.9,321701.17,243356.73
Sub-Saharan Africa,Nigeria,Meat,Online,L,11-02-2012,655951440,12-12-2012,9463,421.89,364.69,3992345.07,3451061.47,541283.6
Asia,Sri Lanka,Household,Offline,H,08-03-2016,297969233,8/14/2016,4573,668.27,502.54,3055998.71,2298115.42,757883.29
Sub-Saharan Africa,Cameroon,Fruits,Online,M,11-12-2015,425541532,12/19/2015,6051,9.33,6.92,56455.83,41872.92,14582.91
Sub-Saharan Africa,Cameroon,Cereal,Offline,L,04-08-2016,388717162,04-08-2016,8901,205.7,117.11,1830935.7,1042396.11,788539.59
Asia,Singapore,Household,Offline,M,11/27/2016,957857453,1/14/2017,161,668.27,502.54,107591.47,80908.94,26682.53
Europe,Czech Republic,Personal Care,Online,H,2/27/2014,273636233,3/13/2014,3897,81.73,56.67,318501.81,220842.99,97658.82
Central America and the Caribbean,Nicaragua,Vegetables,Online,M,1/15/2013,597039830,03-04-2013,6208,154.06,90.93,956404.48,564493.44,391911.04
Sub-Saharan Africa,Cameroon,Fruits,Offline,L,11-07-2015,659367072,12-12-2015,224,9.33,6.92,2089.92,1550.08,539.84
Asia,Laos,Household,Online,H,10/20/2010,612229287,11/15/2010,1106,668.27,502.54,739106.62,555809.24,183297.38
Sub-Saharan Africa,Republic of the Congo,Snacks,Offline,C,09-06-2013,677550303,9/13/2013,1046,152.58,97.44,159598.68,101922.24,57676.44
Europe,Russia,Clothes,Online,L,1/18/2011,697566449,2/20/2011,4269,109.28,35.84,466516.32,153000.96,313515.36
Central America and the Caribbean,Belize,Clothes,Offline,L,01-11-2017,584826552,2/20/2017,2028,109.28,35.84,221619.84,72683.52,148936.32
Asia,Uzbekistan,Household,Offline,L,07-12-2016,772191941,8/13/2016,7610,668.27,502.54,5085534.7,3824329.4,1261205.3
Sub-Saharan Africa,Cameroon,Meat,Online,C,6/13/2014,862836444,6/13/2014,1333,421.89,364.69,562379.37,486131.77,76247.6
Central America and the Caribbean,Jamaica,Beverages,Offline,M,9/30/2016,980246388,11/19/2016,5544,47.45,31.79,263062.8,176243.76,86819.04
Sub-Saharan Africa,Equatorial Guinea,Beverages,Online,L,07-12-2011,418220603,08-03-2011,9625,47.45,31.79,456706.25,305978.75,150727.5
Sub-Saharan Africa,Democratic Republic of the Congo,Baby Food,Online,H,8/31/2010,790870416,9/24/2010,4986,255.28,159.42,1272826.08,794868.12,477957.96
Central America and the Caribbean,Saint Lucia,Beverages,Offline,C,10-01-2015,182619655,11/20/2015,69,47.45,31.79,3274.05,2193.51,1080.54
Europe,Slovakia,Baby Food,Offline,L,4/14/2014,798204648,4/20/2014,5348,255.28,159.42,1365237.44,852578.16,512659.28
Central America and the Caribbean,El Salvador,Beverages,Online,L,10-10-2013,412674224,11/20/2013,8328,47.45,31.79,395163.6,264747.12,130416.48
Middle East and North Africa,Oman,Snacks,Offline,L,3/20/2015,921389710,3/30/2015,8545,152.58,97.44,1303796.1,832624.8,471171.3
Asia,Bangladesh,Fruits,Offline,C,11/15/2016,690024936,11/29/2016,2567,9.33,6.92,23950.11,17763.64,6186.47
Europe,Russia,Cosmetics,Offline,M,07-10-2010,404566228,7/21/2010,8992,437.2,263.33,3931302.4,2367863.36,1563439.04
North America,United States of America,Beverages,Offline,C,6/30/2015,821312415,07-02-2015,3450,47.45,31.79,163702.5,109675.5,54027
Asia,Kazakhstan,Office Supplies,Offline,H,4/28/2014,516874825,6/16/2014,3602,651.21,524.96,2345658.42,1890905.92,454752.5
Middle East and North Africa,Azerbaijan,Clothes,Online,H,02-11-2017,838177287,02-11-2017,4140,109.28,35.84,452419.2,148377.6,304041.6
Australia and Oceania,Tonga,Household,Online,L,4/28/2012,952456128,5/20/2012,1789,668.27,502.54,1195535.03,899044.06,296490.97
Asia,Brunei,Cosmetics,Online,M,12/21/2015,997260177,01-05-2016,302,437.2,263.33,132034.4,79525.66,52508.74
Central America and the Caribbean,Grenada,Beverages,Offline,L,11-08-2014,730450761,12/24/2014,5467,47.45,31.79,259409.15,173795.93,85613.22
Europe,Vatican City,Personal Care,Online,M,10-05-2015,880201709,10/22/2015,101,81.73,56.67,8254.73,5723.67,2531.06
Europe,Monaco,Clothes,Online,M,5/29/2011,894999349,7/14/2011,9051,109.28,35.84,989093.28,324387.84,664705.44
Europe,Ireland,Beverages,Offline,C,07-01-2014,293642508,08-07-2014,4199,47.45,31.79,199242.55,133486.21,65756.34
Europe,Belarus,Personal Care,Offline,H,02-04-2016,915242516,2/14/2016,9454,81.73,56.67,772675.42,535758.18,236917.24
Europe,Sweden,Cereal,Online,C,02-06-2012,169223201,2/27/2012,5760,205.7,117.11,1184832,674553.6,510278.4
Middle East and North Africa,Pakistan,Personal Care,Online,L,8/18/2014,485320889,9/28/2014,6091,81.73,56.67,497817.43,345176.97,152640.46
Asia,Laos,Office Supplies,Online,L,5/14/2010,763584411,06-09-2010,451,651.21,524.96,293695.71,236756.96,56938.75
North America,Canada,Personal Care,Offline,C,05-03-2017,424375092,6/22/2017,875,81.73,56.67,71513.75,49586.25,21927.5
Europe,Spain,Vegetables,Offline,L,12/29/2012,758366763,1/20/2013,6433,154.06,90.93,991067.98,584952.69,406115.29
Sub-Saharan Africa,The Gambia,Vegetables,Online,L,9/18/2013,876545751,10-02-2013,8221,154.06,90.93,1266527.26,747535.53,518991.73
Europe,San Marino,Clothes,Offline,L,06-08-2010,860210883,7/18/2010,4371,109.28,35.84,477662.88,156656.64,321006.24
Sub-Saharan Africa,Republic of the Congo,Fruits,Offline,L,4/20/2010,410973489,05-12-2010,5043,9.33,6.92,47051.19,34897.56,12153.63
Australia and Oceania,Australia,Personal Care,Offline,L,03-02-2010,200757396,3/28/2010,7430,81.73,56.67,607253.9,421058.1,186195.8
Europe,Netherlands,Office Supplies,Online,H,07-11-2015,521798932,08-05-2015,754,651.21,524.96,491012.34,395819.84,95192.5
Asia,Cambodia,Vegetables,Offline,C,12/30/2013,836646926,02-04-2014,1272,154.06,90.93,195964.32,115662.96,80301.36
Middle East and North Africa,Turkey,Household,Offline,M,12/28/2016,228162705,02-02-2017,7270,668.27,502.54,4858322.9,3653465.8,1204857.1
Middle East and North Africa,Iraq,Cosmetics,Offline,C,6/23/2010,549520099,08-03-2010,4064,437.2,263.33,1776780.8,1070173.12,706607.68
Sub-Saharan Africa,Cape Verde,Snacks,Offline,M,10-10-2011,574205434,11-10-2011,9003,152.58,97.44,1373677.74,877252.32,496425.42
Asia,Myanmar,Cosmetics,Offline,M,10-07-2012,946017539,10/30/2012,6467,437.2,263.33,2827372.4,1702955.11,1124417.29
Central America and the Caribbean,The Bahamas,Cosmetics,Offline,M,12/24/2013,129067742,02-10-2014,2868,437.2,263.33,1253889.6,755230.44,498659.16
Sub-Saharan Africa,Botswana,Cosmetics,Online,M,3/18/2013,257779872,4/13/2013,1647,437.2,263.33,720068.4,433704.51,286363.89
Sub-Saharan Africa,Uganda,Beverages,Online,M,11/24/2016,386890256,01-02-2017,8279,47.45,31.79,392838.55,263189.41,129649.14
Asia,Singapore,Personal Care,Online,M,08-11-2013,541447722,8/18/2013,5268,81.73,56.67,430553.64,298537.56,132016.08
Asia,India,Beverages,Online,L,9/15/2015,366813600,10-01-2015,7150,47.45,31.79,339267.5,227298.5,111969
Sub-Saharan Africa,Mauritania,Snacks,Online,M,02-03-2010,478661715,3/13/2010,5493,152.58,97.44,838121.94,535237.92,302884.02
Europe,Slovakia,Beverages,Offline,C,1/17/2015,212978398,1/23/2015,3896,47.45,31.79,184865.2,123853.84,61011.36
Europe,Russia,Snacks,Online,L,10/26/2015,776062476,12/13/2015,2987,152.58,97.44,455756.46,291053.28,164703.18
Asia,Malaysia,Cosmetics,Online,H,11/18/2013,294525277,01-06-2014,5429,437.2,263.33,2373558.8,1429618.57,943940.23
Asia,Bangladesh,Office Supplies,Offline,L,7/22/2015,565290629,8/25/2015,914,651.21,524.96,595205.94,479813.44,115392.5
Sub-Saharan Africa,Rwanda,Beverages,Offline,M,1/27/2013,305594861,03-11-2013,1165,47.45,31.79,55279.25,37035.35,18243.9
Central America and the Caribbean,Dominica,Cereal,Offline,H,02-07-2011,102986800,02-09-2011,4938,205.7,117.11,1015746.6,578289.18,437457.42
Asia,Philippines,Cereal,Online,H,5/17/2015,165327775,5/20/2015,3017,205.7,117.11,620596.9,353320.87,267276.03
Central America and the Caribbean,Saint Vincent and the Grenadines,Cosmetics,Online,M,9/27/2013,770791614,10/20/2013,3222,437.2,263.33,1408658.4,848449.26,560209.14
Europe,Kosovo,Fruits,Offline,M,04-11-2010,917864644,4/16/2010,5400,9.33,6.92,50382,37368,13014
Sub-Saharan Africa,Sierra Leone,Personal Care,Online,H,11/27/2013,575345695,12/26/2013,6431,81.73,56.67,525605.63,364444.77,161160.86
Europe,Ukraine,Beverages,Offline,H,11/24/2011,232346093,01-01-2012,5227,47.45,31.79,248021.15,166166.33,81854.82
Middle East and North Africa,Azerbaijan,Cosmetics,Online,M,07-07-2011,448289668,7/20/2011,7730,437.2,263.33,3379556,2035540.9,1344015.1
Europe,Vatican City,Cereal,Offline,M,07-07-2013,502912747,07-07-2013,1913,205.7,117.11,393504.1,224031.43,169472.67
Sub-Saharan Africa,Comoros,Meat,Online,L,12-10-2015,646264159,1/13/2016,2781,421.89,364.69,1173276.09,1014202.89,159073.2
Sub-Saharan Africa,Democratic Republic of the Congo,Snacks,Online,M,4/25/2010,748705232,05-04-2010,7371,152.58,97.44,1124667.18,718230.24,406436.94
Australia and Oceania,Marshall Islands,Snacks,Offline,H,9/27/2015,750909793,10-08-2015,9749,152.58,97.44,1487502.42,949942.56,537559.86
Central America and the Caribbean,Trinidad and Tobago,Clothes,Online,M,07-05-2014,213864171,08-12-2014,6016,109.28,35.84,657428.48,215613.44,441815.04
North America,Canada,Cereal,Online,L,6/30/2016,568867194,7/27/2016,9299,205.7,117.11,1912804.3,1089005.89,823798.41
Asia,Thailand,Cosmetics,Offline,M,6/28/2017,167530190,7/24/2017,4761,437.2,263.33,2081509.2,1253714.13,827795.07
Europe,Latvia,Cosmetics,Offline,H,7/23/2010,131776988,8/17/2010,4594,437.2,263.33,2008496.8,1209738.02,798758.78
Middle East and North Africa,Israel,Fruits,Offline,H,7/18/2012,303843915,08-12-2012,3021,9.33,6.92,28185.93,20905.32,7280.61
Sub-Saharan Africa,Cote d'Ivoire,Personal Care,Online,H,11/13/2014,596279799,11/27/2014,1298,81.73,56.67,106085.54,73557.66,32527.88
Asia,Uzbekistan,Baby Food,Offline,M,7/27/2017,541945970,09-12-2017,2710,255.28,159.42,691808.8,432028.2,259780.6
Australia and Oceania,Kiribati,Personal Care,Online,C,5/29/2010,644016253,06-11-2010,7576,81.73,56.67,619186.48,429331.92,189854.56
North America,Canada,Baby Food,Online,L,6/28/2014,125976979,7/16/2014,8242,255.28,159.42,2104017.76,1313939.64,790078.12
Sub-Saharan Africa,Comoros,Cosmetics,Online,H,05-05-2010,981626975,05-10-2010,4091,437.2,263.33,1788585.2,1077283.03,711302.17
Middle East and North Africa,Bahrain,Household,Online,H,5/31/2017,325077569,6/29/2017,6531,668.27,502.54,4364471.37,3282088.74,1082382.63
Australia and Oceania,Palau,Cosmetics,Offline,C,7/30/2014,740752589,09-02-2014,4007,437.2,263.33,1751860.4,1055163.31,696697.09
Asia,Myanmar,Cosmetics,Offline,H,1/21/2012,833388364,2/17/2012,6991,437.2,263.33,3056465.2,1840940.03,1215525.17
Sub-Saharan Africa,Sudan,Cereal,Online,L,05-09-2017,178033721,5/15/2017,2989,205.7,117.11,614837.3,350041.79,264795.51
Central America and the Caribbean,Grenada,Vegetables,Online,H,4/24/2016,670049989,5/23/2016,1537,154.06,90.93,236790.22,139759.41,97030.81
Sub-Saharan Africa,Swaziland,Fruits,Offline,L,10/15/2014,675110995,11/27/2014,9201,9.33,6.92,85845.33,63670.92,22174.41
Middle East and North Africa,Yemen,Beverages,Offline,C,02-10-2012,879203069,2/19/2012,4581,47.45,31.79,217368.45,145629.99,71738.46
Central America and the Caribbean,Trinidad and Tobago,Personal Care,Offline,C,6/22/2012,238625037,7/18/2012,3306,81.73,56.67,270199.38,187351.02,82848.36
Sub-Saharan Africa,South Africa,Fruits,Online,L,7/23/2013,929988229,7/29/2013,3038,9.33,6.92,28344.54,21022.96,7321.58
Asia,Sri Lanka,Beverages,Offline,H,4/28/2010,700216472,6/17/2010,8469,47.45,31.79,401854.05,269229.51,132624.54
Europe,Russia,Meat,Online,M,12-10-2013,516546094,12/31/2013,6323,421.89,364.69,2667610.47,2305934.87,361675.6
Europe,Moldova ,Snacks,Online,L,2/21/2010,516525924,3/15/2010,354,152.58,97.44,54013.32,34493.76,19519.56
Europe,Greece,Meat,Offline,L,01-05-2016,458017289,1/22/2016,6349,421.89,364.69,2678579.61,2315416.81,363162.8
Asia,Japan,Meat,Offline,H,8/16/2015,169194018,8/28/2015,7125,421.89,364.69,3005966.25,2598416.25,407550
Asia,Sri Lanka,Cereal,Online,C,11-02-2016,898542439,11/23/2016,7530,205.7,117.11,1548921,881838.3,667082.7
Central America and the Caribbean,Honduras,Baby Food,Offline,H,3/20/2017,364861381,3/21/2017,9445,255.28,159.42,2411119.6,1505721.9,905397.7
Europe,Spain,Meat,Offline,M,5/23/2015,407262170,6/13/2015,6781,421.89,364.69,2860836.09,2472962.89,387873.2
Asia,Mongolia,Cosmetics,Online,C,10/31/2014,235168635,12-07-2014,480,437.2,263.33,209856,126398.4,83457.6
Central America and the Caribbean,Dominican Republic,Baby Food,Offline,L,07-09-2012,478317105,7/27/2012,3516,255.28,159.42,897564.48,560520.72,337043.76
Central America and the Caribbean,Jamaica,Office Supplies,Online,M,04-10-2010,936756408,05-04-2010,5893,651.21,524.96,3837580.53,3093589.28,743991.25
Sub-Saharan Africa,Burkina Faso,Office Supplies,Online,L,12/25/2010,130847871,1/19/2011,9648,651.21,524.96,6282874.08,5064814.08,1218060
Central America and the Caribbean,Saint Vincent and the Grenadines,Cereal,Online,M,10/24/2014,251265323,11/26/2014,3848,205.7,117.11,791533.6,450639.28,340894.32
Europe,Croatia,Office Supplies,Online,M,06-03-2015,408995091,6/22/2015,9591,651.21,524.96,6245755.11,5034891.36,1210863.75
Sub-Saharan Africa,Rwanda,Fruits,Online,M,4/27/2011,685336005,06-12-2011,5008,9.33,6.92,46724.64,34655.36,12069.28
Europe,Bosnia and Herzegovina,Vegetables,Online,M,3/24/2017,781899392,05-01-2017,261,154.06,90.93,40209.66,23732.73,16476.93
Asia,Uzbekistan,Personal Care,Offline,L,11-08-2014,470609080,11/15/2014,2540,81.73,56.67,207594.2,143941.8,63652.4
Sub-Saharan Africa,Cape Verde,Meat,Online,H,04-05-2017,943701398,05-07-2017,1070,421.89,364.69,451422.3,390218.3,61204
Sub-Saharan Africa,Chad,Household,Online,H,1/27/2012,763725173,2/21/2012,2105,668.27,502.54,1406708.35,1057846.7,348861.65
Sub-Saharan Africa,Lesotho,Household,Offline,C,09-11-2010,813541734,9/26/2010,3933,668.27,502.54,2628305.91,1976489.82,651816.09
Australia and Oceania,Palau,Snacks,Offline,M,3/30/2014,246324908,4/17/2014,1869,152.58,97.44,285172.02,182115.36,103056.66
Asia,Turkmenistan,Meat,Offline,H,4/28/2017,535561025,05-11-2017,3263,421.89,364.69,1376627.07,1189983.47,186643.6
Central America and the Caribbean,Dominican Republic,Baby Food,Online,L,10/26/2011,525048911,11/14/2011,2495,255.28,159.42,636923.6,397752.9,239170.7
North America,Canada,Office Supplies,Offline,C,5/24/2013,478899896,06-09-2013,5976,651.21,524.96,3891630.96,3137160.96,754470
Europe,United Kingdom,Baby Food,Offline,M,04-11-2012,731537806,05-04-2012,7148,255.28,159.42,1824741.44,1139534.16,685207.28
Asia,Indonesia,Household,Offline,M,11/27/2014,337698972,12/20/2014,1485,668.27,502.54,992380.95,746271.9,246109.05
Australia and Oceania,East Timor,Office Supplies,Online,C,06-04-2017,222432219,07-11-2017,1492,651.21,524.96,971605.32,783240.32,188365
Australia and Oceania,Marshall Islands,Baby Food,Offline,C,1/15/2017,931098878,03-05-2017,1704,255.28,159.42,434997.12,271651.68,163345.44
Middle East and North Africa,Qatar,Office Supplies,Offline,C,10/25/2015,379372775,11/25/2015,3689,651.21,524.96,2402313.69,1936577.44,465736.25
Sub-Saharan Africa,Mali,Cosmetics,Offline,C,11/13/2016,603240239,12-01-2016,1047,437.2,263.33,457748.4,275706.51,182041.89
Asia,Singapore,Cereal,Online,H,1/13/2013,109000098,2/18/2013,4406,205.7,117.11,906314.2,515986.66,390327.54
Europe,Moldova ,Personal Care,Online,M,05-09-2013,623263680,5/29/2013,6428,81.73,56.67,525360.44,364274.76,161085.68
Europe,Serbia,Fruits,Online,M,7/27/2016,342954814,9/13/2016,6806,9.33,6.92,63499.98,47097.52,16402.46
Sub-Saharan Africa,Seychelles ,Vegetables,Offline,L,12-05-2014,685309827,12-11-2014,7262,154.06,90.93,1118783.72,660333.66,458450.06
North America,Mexico,Vegetables,Online,H,1/30/2013,437877547,2/22/2013,6552,154.06,90.93,1009401.12,595773.36,413627.76
Europe,Latvia,Vegetables,Online,L,10-07-2016,708519303,11/15/2016,5462,154.06,90.93,841475.72,496659.66,344816.06
Sub-Saharan Africa,Central African Republic,Household,Offline,C,11-03-2013,875408923,12-06-2013,1809,668.27,502.54,1208900.43,909094.86,299805.57
Central America and the Caribbean,El Salvador,Fruits,Offline,L,12-12-2015,837032735,1/26/2016,5442,9.33,6.92,50773.86,37658.64,13115.22
Central America and the Caribbean,Panama,Fruits,Online,H,11-10-2016,562189567,11/17/2016,3241,9.33,6.92,30238.53,22427.72,7810.81
Middle East and North Africa,Tunisia ,Office Supplies,Online,C,06-06-2011,539990746,6/18/2011,4117,651.21,524.96,2681031.57,2161260.32,519771.25
Europe,Andorra,Beverages,Online,H,6/26/2014,429860103,08-08-2014,4012,47.45,31.79,190369.4,127541.48,62827.92
Europe,Malta,Cosmetics,Online,C,8/23/2011,411533963,10-05-2011,900,437.2,263.33,393480,236997,156483
Sub-Saharan Africa,Madagascar,Cereal,Offline,H,02-01-2016,735061156,3/18/2016,9786,205.7,117.11,2012980.2,1146038.46,866941.74
Europe,Liechtenstein,Fruits,Offline,C,10-08-2011,370803010,11/26/2011,7706,9.33,6.92,71896.98,53325.52,18571.46
Central America and the Caribbean,Jamaica,Cosmetics,Offline,M,3/21/2010,159433352,4/26/2010,8727,437.2,263.33,3815444.4,2298080.91,1517363.49
Sub-Saharan Africa,Eritrea,Vegetables,Online,L,6/14/2016,561938512,6/20/2016,8948,154.06,90.93,1378528.88,813641.64,564887.24
Europe,Moldova ,Cosmetics,Online,C,1/17/2010,309617316,03-05-2010,1499,437.2,263.33,655362.8,394731.67,260631.13
Middle East and North Africa,Syria,Snacks,Offline,L,1/30/2017,454081094,02-04-2017,1541,152.58,97.44,235125.78,150155.04,84970.74
Middle East and North Africa,Afghanistan,Clothes,Offline,L,6/25/2015,317253673,7/16/2015,1267,109.28,35.84,138457.76,45409.28,93048.48
Australia and Oceania,Papua New Guinea,Baby Food,Offline,L,07-08-2014,641371381,8/23/2014,4899,255.28,159.42,1250616.72,780998.58,469618.14
Australia and Oceania,Marshall Islands,Personal Care,Online,C,03-06-2013,438983047,3/23/2013,3693,81.73,56.67,301828.89,209282.31,92546.58
Middle East and North Africa,Lebanon,Personal Care,Online,M,07-06-2011,142949998,8/15/2011,936,81.73,56.67,76499.28,53043.12,23456.16
Middle East and North Africa,Tunisia ,Snacks,Online,H,5/31/2014,256446063,06-04-2014,6944,152.58,97.44,1059515.52,676623.36,382892.16
Europe,Spain,Fruits,Offline,H,9/14/2012,902957570,9/29/2012,4066,9.33,6.92,37935.78,28136.72,9799.06
Sub-Saharan Africa,Eritrea,Household,Offline,C,3/14/2017,476283347,3/30/2017,1681,668.27,502.54,1123361.87,844769.74,278592.13
Sub-Saharan Africa,Benin,Meat,Online,H,1/23/2017,590534722,02-02-2017,1202,421.89,364.69,507111.78,438357.38,68754.4
Europe,France,Household,Online,M,11/18/2013,230135524,01-02-2014,1070,668.27,502.54,715048.9,537717.8,177331.1
Sub-Saharan Africa,Ethiopia,Meat,Offline,H,4/20/2010,699822080,5/16/2010,1760,421.89,364.69,742526.4,641854.4,100672
Middle East and North Africa,Saudi Arabia,Meat,Online,C,10/30/2013,674643218,12/19/2013,775,421.89,364.69,326964.75,282634.75,44330
Asia,North Korea,Baby Food,Offline,C,4/25/2010,249960267,5/20/2010,7653,255.28,159.42,1953657.84,1220041.26,733616.58
Sub-Saharan Africa,Niger,Office Supplies,Online,C,03-04-2013,491447055,03-04-2013,8959,651.21,524.96,5834190.39,4703116.64,1131073.75
Asia,Tajikistan,Snacks,Offline,M,03-04-2014,285089910,04-08-2014,3294,152.58,97.44,502598.52,320967.36,181631.16
Sub-Saharan Africa,Mozambique,Office Supplies,Online,H,07-02-2017,387187659,7/30/2017,6287,651.21,524.96,4094157.27,3300423.52,793733.75
Sub-Saharan Africa,The Gambia,Fruits,Online,M,04-08-2013,274351632,5/20/2013,5599,9.33,6.92,52238.67,38745.08,13493.59
Asia,Thailand,Vegetables,Online,M,7/31/2011,393505656,8/27/2011,5923,154.06,90.93,912497.38,538578.39,373918.99
Asia,Brunei,Office Supplies,Online,M,01-12-2016,811886060,03-01-2016,3982,651.21,524.96,2593118.22,2090390.72,502727.5
Sub-Saharan Africa,Zimbabwe,Personal Care,Offline,M,05-10-2012,767041671,5/16/2012,3531,81.73,56.67,288588.63,200101.77,88486.86
Middle East and North Africa,Kuwait,Vegetables,Online,H,1/26/2010,916833817,02-12-2010,356,154.06,90.93,54845.36,32371.08,22474.28
Central America and the Caribbean,Honduras,Personal Care,Online,H,12/18/2015,189436328,1/22/2016,7274,81.73,56.67,594504.02,412217.58,182286.44
Sub-Saharan Africa,Rwanda,Household,Online,L,03-04-2015,733335530,3/30/2015,9135,668.27,502.54,6104646.45,4590702.9,1513943.55
Sub-Saharan Africa,Zimbabwe,Fruits,Offline,C,11-01-2012,267330253,12/16/2012,7817,9.33,6.92,72932.61,54093.64,18838.97
Sub-Saharan Africa,Guinea,Household,Online,C,2/27/2015,630531823,03-09-2015,7233,668.27,502.54,4833596.91,3634871.82,1198725.09
Sub-Saharan Africa,Djibouti,Office Supplies,Online,H,6/20/2010,132364070,7/21/2010,8325,651.21,524.96,5421323.25,4370292,1051031.25
Asia,Cambodia,Personal Care,Online,L,11/19/2010,302563321,12/13/2010,4065,81.73,56.67,332232.45,230363.55,101868.9
Middle East and North Africa,Somalia,Personal Care,Offline,M,8/28/2010,941178405,10/17/2010,4460,81.73,56.67,364515.8,252748.2,111767.6
Sub-Saharan Africa,Swaziland,Vegetables,Online,L,09-03-2012,568570649,10-02-2012,1545,154.06,90.93,238022.7,140486.85,97535.85
Sub-Saharan Africa,Seychelles ,Cereal,Online,M,02-06-2017,475413882,2/28/2017,4387,205.7,117.11,902405.9,513761.57,388644.33
Australia and Oceania,Kiribati,Personal Care,Offline,M,01-10-2010,672694432,01-11-2010,4086,81.73,56.67,333948.78,231553.62,102395.16
Europe,Andorra,Beverages,Online,M,09-04-2012,341711127,10-03-2012,8771,47.45,31.79,416183.95,278830.09,137353.86
Australia and Oceania,New Zealand,Household,Online,M,1/20/2017,984075295,2/19/2017,8603,668.27,502.54,5749126.81,4323351.62,1425775.19
Europe,Macedonia,Clothes,Online,L,06-09-2012,571710765,6/26/2012,775,109.28,35.84,84692,27776,56916
Asia,Bhutan,Clothes,Online,L,11/23/2011,296853864,12-09-2011,4510,109.28,35.84,492852.8,161638.4,331214.4
Europe,Norway,Fruits,Online,L,8/14/2010,522053420,9/25/2010,6063,9.33,6.92,56567.79,41955.96,14611.83
Europe,Ireland,Clothes,Online,M,06-11-2012,330170762,07-03-2012,3720,109.28,35.84,406521.6,133324.8,273196.8
Sub-Saharan Africa,Mali,Household,Online,M,11/30/2010,674379718,12/23/2010,2800,668.27,502.54,1871156,1407112,464044
Central America and the Caribbean,Panama,Vegetables,Online,M,10-11-2015,328166615,11-05-2015,649,154.06,90.93,99984.94,59013.57,40971.37
Middle East and North Africa,Azerbaijan,Cereal,Online,H,05-06-2011,835330283,6/20/2011,1649,205.7,117.11,339199.3,193114.39,146084.91
Central America and the Caribbean,Barbados,Beverages,Online,L,04-12-2013,659982049,4/24/2013,2209,47.45,31.79,104817.05,70224.11,34592.94
Europe,Monaco,Cereal,Online,M,10/25/2011,136545741,12/13/2011,5774,205.7,117.11,1187711.8,676193.14,511518.66
Middle East and North Africa,Qatar,Personal Care,Online,C,5/22/2013,119757688,6/27/2013,7816,81.73,56.67,638801.68,442932.72,195868.96
Sub-Saharan Africa,Mali,Office Supplies,Online,C,2/20/2014,634666717,04-06-2014,840,651.21,524.96,547016.4,440966.4,106050
Australia and Oceania,Australia,Vegetables,Online,H,04-12-2011,426634156,4/21/2011,9382,154.06,90.93,1445390.92,853105.26,592285.66
Sub-Saharan Africa,Chad,Cosmetics,Online,L,06-08-2014,111333835,06-09-2014,5011,437.2,263.33,2190809.2,1319546.63,871262.57
Middle East and North Africa,Jordan,Household,Online,M,08-05-2011,824752080,08-12-2011,1323,668.27,502.54,884121.21,664860.42,219260.79
Sub-Saharan Africa,Malawi,Meat,Online,C,9/22/2010,173187720,9/23/2010,8950,421.89,364.69,3775915.5,3263975.5,511940
Sub-Saharan Africa,Sao Tome and Principe,Cosmetics,Online,C,4/19/2013,783252084,05-09-2013,552,437.2,263.33,241334.4,145358.16,95976.24
Asia,India,Cosmetics,Online,M,6/28/2010,851868999,08-07-2010,5822,437.2,263.33,2545378.4,1533107.26,1012271.14
Australia and Oceania,Kiribati,Beverages,Offline,M,04-03-2017,896274793,5/21/2017,6483,47.45,31.79,307618.35,206094.57,101523.78
Central America and the Caribbean,Antigua and Barbuda ,Household,Online,M,7/15/2015,604018294,08-06-2015,1291,668.27,502.54,862736.57,648779.14,213957.43
Sub-Saharan Africa,The Gambia,Clothes,Online,L,1/24/2011,182960832,1/27/2011,1031,109.28,35.84,112667.68,36951.04,75716.64
Sub-Saharan Africa,Mali,Vegetables,Offline,L,06-01-2014,811276233,6/20/2014,3520,154.06,90.93,542291.2,320073.6,222217.6
Sub-Saharan Africa,Seychelles ,Vegetables,Online,H,07-08-2014,587450826,7/21/2014,8609,154.06,90.93,1326302.54,782816.37,543486.17
Europe,Romania,Cereal,Offline,M,9/19/2012,380283439,10-03-2012,3175,205.7,117.11,653097.5,371824.25,281273.25
Asia,South Korea,Cosmetics,Offline,C,06-07-2011,678885400,6/23/2011,6131,437.2,263.33,2680473.2,1614476.23,1065996.97
Europe,Norway,Clothes,Offline,H,05-10-2010,242680537,05-10-2010,3419,109.28,35.84,373628.32,122536.96,251091.36
Europe,Ireland,Office Supplies,Offline,C,3/30/2010,151405179,04-11-2010,3012,651.21,524.96,1961444.52,1581179.52,380265
Australia and Oceania,Marshall Islands,Beverages,Online,C,9/14/2016,655108153,10/20/2016,9915,47.45,31.79,470466.75,315197.85,155268.9
Asia,Vietnam,Snacks,Online,L,09-11-2013,724150788,9/27/2013,1165,152.58,97.44,177755.7,113517.6,64238.1
Europe,Greece,Clothes,Offline,H,9/29/2012,299206912,11-08-2012,829,109.28,35.84,90593.12,29711.36,60881.76
Sub-Saharan Africa,Tanzania,Cosmetics,Offline,M,4/18/2011,741262853,4/21/2011,5005,437.2,263.33,2188186,1317966.65,870219.35
Europe,Latvia,Office Supplies,Online,L,8/23/2011,781617438,10-07-2011,6824,651.21,524.96,4443857.04,3582327.04,861530
Europe,Moldova ,Clothes,Online,M,2/22/2017,571881997,03-06-2017,1446,109.28,35.84,158018.88,51824.64,106194.24
Australia and Oceania,Nauru,Personal Care,Online,L,4/21/2013,333980357,06-05-2013,1064,81.73,56.67,86960.72,60296.88,26663.84
Sub-Saharan Africa,Mali,Snacks,Offline,L,12/18/2016,810148847,1/31/2017,9902,152.58,97.44,1510847.16,964850.88,545996.28
Middle East and North Africa,Pakistan,Clothes,Online,H,12/18/2011,112936294,02-05-2012,9214,109.28,35.84,1006905.92,330229.76,676676.16
Europe,Czech Republic,Fruits,Offline,C,07-01-2013,475204026,07-12-2013,2286,9.33,6.92,21328.38,15819.12,5509.26
Central America and the Caribbean,Nicaragua,Vegetables,Offline,L,4/27/2011,600125873,5/21/2011,9437,154.06,90.93,1453864.22,858106.41,595757.81
North America,Canada,Clothes,Online,C,5/24/2011,611188161,07-04-2011,3014,109.28,35.84,329369.92,108021.76,221348.16
Sub-Saharan Africa,Nigeria,Fruits,Online,C,12/17/2016,702189719,12/21/2016,2397,9.33,6.92,22364.01,16587.24,5776.77
Middle East and North Africa,Saudi Arabia,Personal Care,Online,L,03-09-2017,687241876,3/30/2017,8998,81.73,56.67,735406.54,509916.66,225489.88
Sub-Saharan Africa,Lesotho,Vegetables,Online,H,8/28/2013,450768458,10-02-2013,1259,154.06,90.93,193961.54,114480.87,79480.67
Europe,Russia,Baby Food,Offline,H,08-04-2016,397505795,08-07-2016,9653,255.28,159.42,2464217.84,1538881.26,925336.58
Central America and the Caribbean,Saint Lucia,Cereal,Online,M,10-12-2010,102502715,11-03-2010,1686,205.7,117.11,346810.2,197447.46,149362.74
Central America and the Caribbean,The Bahamas,Beverages,Online,C,05-11-2012,561120545,05-11-2012,6894,47.45,31.79,327120.3,219160.26,107960.04
Sub-Saharan Africa,Rwanda,Clothes,Online,M,01-12-2012,139033114,2/17/2012,1843,109.28,35.84,201403.04,66053.12,135349.92
Asia,Indonesia,Beverages,Offline,M,9/14/2016,422226750,10/22/2016,5133,47.45,31.79,243560.85,163178.07,80382.78
Asia,North Korea,Office Supplies,Offline,L,06-05-2015,367000281,06-12-2015,2394,651.21,524.96,1558996.74,1256754.24,302242.5
Sub-Saharan Africa,Chad,Office Supplies,Offline,M,6/13/2013,349965035,6/18/2013,1286,651.21,524.96,837456.06,675098.56,162357.5
Middle East and North Africa,Kuwait,Snacks,Offline,H,4/22/2013,818044841,5/25/2013,6502,152.58,97.44,992075.16,633554.88,358520.28
Central America and the Caribbean,Jamaica,Personal Care,Offline,L,01-09-2011,938476026,01-12-2011,4766,81.73,56.67,389525.18,270089.22,119435.96
Europe,Portugal,Personal Care,Offline,M,1/18/2015,848807418,02-06-2015,9832,81.73,56.67,803569.36,557179.44,246389.92
Asia,Myanmar,Office Supplies,Online,L,03-05-2012,306900346,4/20/2012,7487,651.21,524.96,4875609.27,3930375.52,945233.75
Middle East and North Africa,United Arab Emirates,Snacks,Online,L,10-09-2016,940928637,11/15/2016,548,152.58,97.44,83613.84,53397.12,30216.72
Central America and the Caribbean,Saint Lucia,Office Supplies,Online,C,12/24/2013,399378621,12/31/2013,3864,651.21,524.96,2516275.44,2028445.44,487830
Europe,Andorra,Household,Offline,C,07-02-2016,901049125,7/17/2016,9314,668.27,502.54,6224266.78,4680657.56,1543609.22
Asia,Singapore,Baby Food,Online,L,5/26/2015,685051476,6/23/2015,810,255.28,159.42,206776.8,129130.2,77646.6
Europe,Montenegro,Beverages,Offline,C,2/23/2014,760809504,2/25/2014,9294,47.45,31.79,441000.3,295456.26,145544.04
Europe,Switzerland,Office Supplies,Offline,H,4/17/2017,858059537,4/25/2017,7740,651.21,524.96,5040365.4,4063190.4,977175
Sub-Saharan Africa,Zimbabwe,Baby Food,Online,C,07-06-2011,776850402,07-09-2011,6152,255.28,159.42,1570482.56,980751.84,589730.72
Middle East and North Africa,Bahrain,Meat,Offline,C,11-02-2014,837543427,11-12-2014,6567,421.89,364.69,2770551.63,2394919.23,375632.4
Asia,Uzbekistan,Fruits,Offline,L,4/17/2012,530812442,5/26/2012,8052,9.33,6.92,75125.16,55719.84,19405.32
Central America and the Caribbean,Honduras,Baby Food,Online,L,09-05-2012,767643773,9/17/2012,1706,255.28,159.42,435507.68,271970.52,163537.16
Sub-Saharan Africa,Guinea-Bissau,Household,Offline,L,07-05-2014,729336249,8/16/2014,5659,668.27,502.54,3781739.93,2843873.86,937866.07
Sub-Saharan Africa,Botswana,Cosmetics,Offline,C,05-10-2017,117501199,05-11-2017,71,437.2,263.33,31041.2,18696.43,12344.77
Sub-Saharan Africa,The Gambia,Cosmetics,Online,H,07-02-2010,504062449,07-06-2010,2135,437.2,263.33,933422,562209.55,371212.45
Europe,Ireland,Fruits,Offline,H,7/30/2014,381256330,8/27/2014,1075,9.33,6.92,10029.75,7439,2590.75
Middle East and North Africa,United Arab Emirates,Cereal,Online,M,3/19/2017,111631667,4/25/2017,3146,205.7,117.11,647132.2,368428.06,278704.14
Asia,Indonesia,Cereal,Offline,M,09-01-2014,578049790,09-08-2014,6633,205.7,117.11,1364408.1,776790.63,587617.47
Sub-Saharan Africa,Republic of the Congo,Clothes,Offline,L,8/18/2015,933684527,8/24/2015,6855,109.28,35.84,749114.4,245683.2,503431.2
Middle East and North Africa,Kuwait,Office Supplies,Online,C,9/13/2014,852022206,9/27/2014,1160,651.21,524.96,755403.6,608953.6,146450
Sub-Saharan Africa,Lesotho,Fruits,Offline,C,05-05-2011,976861655,6/22/2011,3927,9.33,6.92,36638.91,27174.84,9464.07
Sub-Saharan Africa,Benin,Meat,Online,C,8/22/2013,672314202,9/28/2013,1568,421.89,364.69,661523.52,571833.92,89689.6
Europe,Lithuania,Office Supplies,Offline,C,10/30/2011,272803676,11-01-2011,7525,651.21,524.96,4900355.25,3950324,950031.25
Europe,Serbia,Household,Offline,C,05-05-2012,633066403,06-01-2012,7272,668.27,502.54,4859659.44,3654470.88,1205188.56
Sub-Saharan Africa,Gabon,Personal Care,Online,H,4/30/2011,878151214,5/31/2011,3313,81.73,56.67,270771.49,187747.71,83023.78
Australia and Oceania,New Zealand,Clothes,Offline,C,7/23/2013,653419435,09-10-2013,186,109.28,35.84,20326.08,6666.24,13659.84
Middle East and North Africa,Syria,Cosmetics,Online,C,7/13/2013,574544894,7/14/2013,9457,437.2,263.33,4134600.4,2490311.81,1644288.59
Central America and the Caribbean,Saint Kitts and Nevis ,Office Supplies,Online,C,5/13/2014,877513921,06-08-2014,4724,651.21,524.96,3076316.04,2479911.04,596405
Central America and the Caribbean,Barbados,Cosmetics,Online,H,6/17/2016,968625342,08-02-2016,6619,437.2,263.33,2893826.8,1742981.27,1150845.53
Europe,Denmark,Beverages,Offline,L,9/19/2013,774490487,11-07-2013,7801,47.45,31.79,370157.45,247993.79,122163.66
Central America and the Caribbean,Panama,Vegetables,Offline,C,6/15/2012,292033183,6/24/2012,7963,154.06,90.93,1226779.78,724075.59,502704.19
Asia,Maldives,Household,Online,M,6/25/2012,938489758,07-12-2012,8830,668.27,502.54,5900824.1,4437428.2,1463395.9
Central America and the Caribbean,Panama,Fruits,Online,H,11/21/2010,601409041,01-10-2011,9155,9.33,6.92,85416.15,63352.6,22063.55
Middle East and North Africa,Iraq,Vegetables,Online,H,5/28/2013,388652360,7/13/2013,9725,154.06,90.93,1498233.5,884294.25,613939.25
Australia and Oceania,Solomon Islands,Cosmetics,Offline,L,6/18/2015,578393542,7/23/2015,8357,437.2,263.33,3653680.4,2200648.81,1453031.59
Middle East and North Africa,Jordan,Household,Online,C,7/23/2013,169118916,08-01-2013,4900,668.27,502.54,3274523,2462446,812077
Europe,Germany,Cereal,Offline,C,8/14/2016,929627311,10-03-2016,6234,205.7,117.11,1282333.8,730063.74,552270.06
Sub-Saharan Africa,Zimbabwe,Cosmetics,Online,M,11/29/2011,649030053,1/16/2012,1270,437.2,263.33,555244,334429.1,220814.9
Sub-Saharan Africa,Cape Verde,Snacks,Online,M,04-09-2014,786750972,5/16/2014,5951,152.58,97.44,908003.58,579865.44,328138.14
Europe,Liechtenstein,Clothes,Offline,C,11/20/2016,622526395,11/30/2016,8249,109.28,35.84,901450.72,295644.16,605806.56
Middle East and North Africa,Algeria,Snacks,Online,C,3/23/2010,406405150,3/26/2010,3170,152.58,97.44,483678.6,308884.8,174793.8
Australia and Oceania,Federated States of Micronesia,Personal Care,Offline,L,02-05-2016,908748567,2/17/2016,7750,81.73,56.67,633407.5,439192.5,194215
Middle East and North Africa,Egypt,Meat,Offline,H,9/30/2015,270230472,10/21/2015,6057,421.89,364.69,2555387.73,2208927.33,346460.4
Asia,Singapore,Cereal,Offline,M,03-08-2014,751837193,04-05-2014,4188,205.7,117.11,861471.6,490456.68,371014.92
Europe,Malta,Snacks,Online,L,9/16/2013,184867560,10-06-2013,5274,152.58,97.44,804706.92,513898.56,290808.36
Sub-Saharan Africa,Burkina Faso,Snacks,Offline,L,02-10-2010,520932900,3/30/2010,4476,152.58,97.44,682948.08,436141.44,246806.64
Sub-Saharan Africa,Namibia,Meat,Online,L,08-08-2011,181957042,9/24/2011,3987,421.89,364.69,1682075.43,1454019.03,228056.4
Sub-Saharan Africa,Republic of the Congo,Beverages,Offline,C,4/23/2012,810176312,5/13/2012,8030,47.45,31.79,381023.5,255273.7,125749.8
Central America and the Caribbean,Belize,Cosmetics,Online,L,3/22/2011,518139541,3/29/2011,7859,437.2,263.33,3435954.8,2069510.47,1366444.33
Europe,Ukraine,Cosmetics,Online,M,12/16/2015,638708055,12/26/2015,6762,437.2,263.33,2956346.4,1780637.46,1175708.94
Asia,Laos,Baby Food,Offline,M,04-09-2016,775055682,4/30/2016,5055,255.28,159.42,1290440.4,805868.1,484572.3
Central America and the Caribbean,Nicaragua,Vegetables,Online,H,7/22/2010,150668752,09-05-2010,5087,154.06,90.93,783703.22,462560.91,321142.31
Asia,Bangladesh,Cereal,Offline,M,03-12-2017,759346091,04-03-2017,6238,205.7,117.11,1283156.6,730532.18,552624.42
Sub-Saharan Africa,Seychelles ,Snacks,Offline,M,3/18/2010,615199029,3/27/2010,9919,152.58,97.44,1513441.02,966507.36,546933.66
Europe,Belarus,Cosmetics,Offline,M,11/27/2013,502651393,11/29/2013,4572,437.2,263.33,1998878.4,1203944.76,794933.64
Middle East and North Africa,United Arab Emirates,Household,Offline,L,10/14/2015,826439511,10/22/2015,672,668.27,502.54,449077.44,337706.88,111370.56
Asia,Tajikistan,Snacks,Online,M,10-11-2015,261612212,11-02-2015,5722,152.58,97.44,873062.76,557551.68,315511.08
Asia,Thailand,Beverages,Online,H,11/17/2014,703530824,11/20/2014,9260,47.45,31.79,439387,294375.4,145011.6
Sub-Saharan Africa,Zimbabwe,Vegetables,Online,H,5/13/2011,517869174,07-01-2011,7852,154.06,90.93,1209679.12,713982.36,495696.76
Asia,Brunei,Cosmetics,Offline,L,2/21/2012,390613591,03-12-2012,97,437.2,263.33,42408.4,25543.01,16865.39
Europe,Finland,Household,Online,M,10/29/2013,178062903,11/13/2013,1625,668.27,502.54,1085938.75,816627.5,269311.25
Sub-Saharan Africa,Republic of the Congo,Clothes,Online,C,02-08-2014,256828439,3/28/2014,97,109.28,35.84,10600.16,3476.48,7123.68
Europe,Estonia,Household,Online,H,07-05-2015,173834025,7/22/2015,206,668.27,502.54,137663.62,103523.24,34140.38
Europe,Belarus,Baby Food,Online,M,1/22/2014,896315991,03-01-2014,8675,255.28,159.42,2214554,1382968.5,831585.5
Asia,Laos,Clothes,Online,L,8/21/2010,761823165,8/31/2010,9259,109.28,35.84,1011823.52,331842.56,679980.96
Asia,Japan,Personal Care,Online,L,10-02-2014,428216874,10-04-2014,7744,81.73,56.67,632917.12,438852.48,194064.64
Australia and Oceania,Palau,Fruits,Online,M,6/26/2010,623670947,07-12-2010,6947,9.33,6.92,64815.51,48073.24,16742.27
Europe,Sweden,Vegetables,Online,M,04-05-2013,796671712,4/23/2013,1718,154.06,90.93,264675.08,156217.74,108457.34
Sub-Saharan Africa,Chad,Vegetables,Offline,H,1/25/2013,466017997,02-08-2013,3936,154.06,90.93,606380.16,357900.48,248479.68
Europe,Spain,Personal Care,Offline,L,02-11-2016,570821130,03-06-2016,7512,81.73,56.67,613955.76,425705.04,188250.72
Middle East and North Africa,Morocco,Meat,Offline,L,9/23/2010,320504939,9/25/2010,3389,421.89,364.69,1429785.21,1235934.41,193850.8
Asia,Kyrgyzstan,Office Supplies,Offline,C,08-08-2016,344805753,8/28/2016,4539,651.21,524.96,2955842.19,2382793.44,573048.75
Central America and the Caribbean,Trinidad and Tobago,Personal Care,Offline,L,11-03-2012,443772399,12-09-2012,969,81.73,56.67,79196.37,54913.23,24283.14
Europe,Spain,Beverages,Offline,L,6/23/2017,937766206,7/13/2017,4714,47.45,31.79,223679.3,149858.06,73821.24
Europe,Russia,Personal Care,Offline,H,7/13/2015,417461001,8/17/2015,4842,81.73,56.67,395736.66,274396.14,121340.52
Europe,Germany,Personal Care,Offline,H,10/22/2015,693843114,10/23/2015,2451,81.73,56.67,200320.23,138898.17,61422.06
Europe,Denmark,Clothes,Offline,M,10/24/2016,948211371,11/25/2016,5671,109.28,35.84,619726.88,203248.64,416478.24
Europe,Norway,Snacks,Offline,L,7/23/2010,882177102,7/23/2010,4663,152.58,97.44,711480.54,454362.72,257117.82
Middle East and North Africa,Bahrain,Household,Online,H,08-09-2016,267664134,8/30/2016,6620,668.27,502.54,4423947.4,3326814.8,1097132.6
Sub-Saharan Africa,Mauritania,Snacks,Offline,H,2/27/2010,296908795,3/18/2010,765,152.58,97.44,116723.7,74541.6,42182.1
Asia,Uzbekistan,Baby Food,Online,M,9/15/2016,432459914,9/24/2016,3354,255.28,159.42,856209.12,534694.68,321514.44
Sub-Saharan Africa,Gabon,Personal Care,Offline,C,5/13/2017,657178819,06-03-2017,2671,81.73,56.67,218300.83,151365.57,66935.26
Sub-Saharan Africa,Burundi,Baby Food,Online,H,3/31/2013,124239337,4/18/2013,4036,255.28,159.42,1030310.08,643419.12,386890.96
Sub-Saharan Africa,Mozambique,Personal Care,Online,L,02-06-2014,307127797,03-10-2014,4795,81.73,56.67,391895.35,271732.65,120162.7
Europe,San Marino,Household,Online,C,10/24/2011,949643027,11/21/2011,9330,668.27,502.54,6234959.1,4688698.2,1546260.9
Sub-Saharan Africa,Mozambique,Vegetables,Offline,H,6/22/2014,515896356,08-01-2014,4051,154.06,90.93,624097.06,368357.43,255739.63
Europe,Netherlands,Snacks,Online,L,4/24/2012,240311610,5/29/2012,2401,152.58,97.44,366344.58,233953.44,132391.14
Sub-Saharan Africa,Malawi,Baby Food,Offline,C,10-09-2011,977625119,11/25/2011,9853,255.28,159.42,2515273.84,1570765.26,944508.58
Sub-Saharan Africa,The Gambia,Beverages,Online,L,7/23/2016,952885711,09-06-2016,8912,47.45,31.79,422874.4,283312.48,139561.92
Asia,Kyrgyzstan,Office Supplies,Offline,C,4/25/2016,711454713,05-10-2016,4114,651.21,524.96,2679077.94,2159685.44,519392.5
Sub-Saharan Africa,Sao Tome and Principe,Vegetables,Offline,M,02-05-2013,869005954,03-06-2013,7028,154.06,90.93,1082733.68,639056.04,443677.64
Middle East and North Africa,Algeria,Fruits,Online,C,1/13/2010,761525762,02-03-2010,1251,9.33,6.92,11671.83,8656.92,3014.91
Europe,Italy,Baby Food,Offline,L,02-05-2015,695312964,2/23/2015,7412,255.28,159.42,1892135.36,1181621.04,710514.32
Sub-Saharan Africa,South Africa,Beverages,Offline,L,08-11-2014,596978890,8/15/2014,8175,47.45,31.79,387903.75,259883.25,128020.5
Europe,Bosnia and Herzegovina,Household,Offline,M,11/22/2014,463447368,11/29/2014,3230,668.27,502.54,2158512.1,1623204.2,535307.9
Europe,Andorra,Personal Care,Offline,L,10-03-2015,811954724,10/18/2015,4301,81.73,56.67,351520.73,243737.67,107783.06
Sub-Saharan Africa,Guinea,Baby Food,Offline,H,4/16/2014,430049788,4/20/2014,144,255.28,159.42,36760.32,22956.48,13803.84
Sub-Saharan Africa,Benin,Cosmetics,Offline,L,3/21/2016,425593888,04-06-2016,1544,437.2,263.33,675036.8,406581.52,268455.28
Middle East and North Africa,Oman,Fruits,Offline,C,12/25/2016,176760852,1/23/2017,6319,9.33,6.92,58956.27,43727.48,15228.79
Central America and the Caribbean,Dominica,Fruits,Offline,H,1/28/2013,482037007,03-03-2013,4317,9.33,6.92,40277.61,29873.64,10403.97
Europe,Croatia,Vegetables,Online,C,06-03-2013,410221183,6/15/2013,2419,154.06,90.93,372671.14,219959.67,152711.47
Sub-Saharan Africa,Rwanda,Fruits,Offline,H,11-11-2012,450424706,11/18/2012,9535,9.33,6.92,88961.55,65982.2,22979.35
Australia and Oceania,Vanuatu,Cereal,Offline,C,02-02-2011,262071406,02-02-2011,1608,205.7,117.11,330765.6,188312.88,142452.72
Europe,Slovakia,Office Supplies,Offline,M,06-07-2016,924897611,7/14/2016,6611,651.21,524.96,4305149.31,3470510.56,834638.75
Europe,Moldova ,Baby Food,Offline,H,10/16/2011,888952147,12-05-2011,9550,255.28,159.42,2437924,1522461,915463
Sub-Saharan Africa,Mauritania,Meat,Offline,C,5/26/2011,924596345,07-01-2011,7460,421.89,364.69,3147299.4,2720587.4,426712
Asia,Japan,Meat,Offline,M,8/24/2011,972504031,9/24/2011,4409,421.89,364.69,1860113.01,1607918.21,252194.8
Europe,Ireland,Fruits,Online,L,7/18/2017,593661534,8/18/2017,6495,9.33,6.92,60598.35,44945.4,15652.95
Europe,Switzerland,Office Supplies,Online,C,04-01-2016,319367682,4/25/2016,6849,651.21,524.96,4460137.29,3595451.04,864686.25
Australia and Oceania,Tonga,Cereal,Offline,C,2/14/2011,301233804,2/24/2011,631,205.7,117.11,129796.7,73896.41,55900.29
Sub-Saharan Africa,Ghana,Household,Online,H,5/15/2010,761183726,06-11-2010,35,668.27,502.54,23389.45,17588.9,5800.55
Sub-Saharan Africa,Burundi,Cosmetics,Offline,L,9/14/2015,641453778,10-09-2015,9282,437.2,263.33,4058090.4,2444229.06,1613861.34
Australia and Oceania,Samoa ,Clothes,Offline,M,12/14/2010,754592788,1/28/2011,9629,109.28,35.84,1052257.12,345103.36,707153.76
Sub-Saharan Africa,Ghana,Fruits,Offline,M,4/27/2011,633462083,06-04-2011,4362,9.33,6.92,40697.46,30185.04,10512.42
Central America and the Caribbean,Belize,Snacks,Online,L,2/15/2014,781235492,04-03-2014,3798,152.58,97.44,579498.84,370077.12,209421.72
Sub-Saharan Africa,Lesotho,Cosmetics,Offline,L,03-11-2010,421399343,04-06-2010,285,437.2,263.33,124602,75049.05,49552.95
Middle East and North Africa,Pakistan,Cereal,Offline,H,05-01-2010,647752463,5/18/2010,3203,205.7,117.11,658857.1,375103.33,283753.77
Central America and the Caribbean,Antigua and Barbuda ,Fruits,Online,M,4/13/2011,374406182,05-10-2011,3964,9.33,6.92,36984.12,27430.88,9553.24
Sub-Saharan Africa,Seychelles ,Fruits,Online,L,8/17/2014,385784327,10-05-2014,1010,9.33,6.92,9423.3,6989.2,2434.1
Asia,Sri Lanka,Personal Care,Online,M,6/13/2015,186623227,7/25/2015,4815,81.73,56.67,393529.95,272866.05,120663.9
Sub-Saharan Africa,Angola,Snacks,Online,L,09-03-2013,251971709,09-03-2013,2883,152.58,97.44,439888.14,280919.52,158968.62
Sub-Saharan Africa,The Gambia,Cosmetics,Online,L,4/19/2010,677191102,5/23/2010,4751,437.2,263.33,2077137.2,1251080.83,826056.37
Asia,North Korea,Cereal,Online,M,03-03-2011,727955234,4/13/2011,6985,205.7,117.11,1436814.5,818013.35,618801.15
Asia,South Korea,Household,Online,M,8/15/2015,190250432,9/14/2015,8185,668.27,502.54,5469789.95,4113289.9,1356500.05
Sub-Saharan Africa,Central African Republic,Cereal,Offline,L,09-12-2012,720375525,9/13/2012,3981,205.7,117.11,818891.7,466214.91,352676.79
Sub-Saharan Africa,Liberia,Vegetables,Offline,L,3/27/2015,894941842,4/14/2015,2034,154.06,90.93,313358.04,184951.62,128406.42
North America,Greenland,Personal Care,Offline,M,08-11-2010,260873210,09-09-2010,7035,81.73,56.67,574970.55,398673.45,176297.1
Asia,China,Meat,Offline,H,7/27/2017,685405957,9/15/2017,5709,421.89,364.69,2408570.01,2082015.21,326554.8
Sub-Saharan Africa,Eritrea,Cereal,Online,H,04-10-2014,506088912,05-10-2014,1810,205.7,117.11,372317,211969.1,160347.9
Asia,South Korea,Baby Food,Online,C,3/26/2010,380783402,05-02-2010,1125,255.28,159.42,287190,179347.5,107842.5
Sub-Saharan Africa,Djibouti,Beverages,Online,M,3/29/2012,137663257,4/21/2012,6472,47.45,31.79,307096.4,205744.88,101351.52
Europe,Moldova ,Office Supplies,Offline,H,01-05-2013,125214803,01-11-2013,2698,651.21,524.96,1756964.58,1416342.08,340622.5
Middle East and North Africa,Jordan,Cereal,Online,L,02-09-2010,762236869,3/23/2010,1683,205.7,117.11,346193.1,197096.13,149096.97
Australia and Oceania,Nauru,Fruits,Offline,C,4/20/2017,287840783,06-07-2017,7339,9.33,6.92,68472.87,50785.88,17686.99
Asia,Kazakhstan,Office Supplies,Online,C,05-10-2015,611450374,06-09-2015,608,651.21,524.96,395935.68,319175.68,76760
Sub-Saharan Africa,Burkina Faso,Household,Offline,H,5/20/2016,562801969,5/30/2016,4464,668.27,502.54,2983157.28,2243338.56,739818.72
Europe,Portugal,Vegetables,Online,L,8/23/2014,841944396,10-08-2014,8912,154.06,90.93,1372982.72,810368.16,562614.56
Sub-Saharan Africa,Togo,Office Supplies,Online,M,01-05-2013,869238984,1/13/2013,5987,651.21,524.96,3898794.27,3142935.52,755858.75
Sub-Saharan Africa,South Africa,Cosmetics,Online,H,09-01-2011,135359561,09-09-2011,4757,437.2,263.33,2079760.4,1252660.81,827099.59
Middle East and North Africa,Egypt,Vegetables,Online,H,10/31/2011,451292455,11/18/2011,6321,154.06,90.93,973813.26,574768.53,399044.73
Australia and Oceania,Nauru,Beverages,Online,M,01-08-2012,998336493,2/27/2012,8809,47.45,31.79,417987.05,280038.11,137948.94
Europe,Austria,Household,Online,L,10/21/2011,578103005,11/18/2011,2381,668.27,502.54,1591150.87,1196547.74,394603.13
Central America and the Caribbean,Nicaragua,Office Supplies,Online,H,08-12-2015,762515819,8/27/2015,4230,651.21,524.96,2754618.3,2220580.8,534037.5
Europe,Bulgaria,Household,Online,M,10/15/2013,943811261,11/22/2013,3581,668.27,502.54,2393074.87,1799595.74,593479.13
Asia,Malaysia,Cosmetics,Offline,C,09-03-2016,584538161,9/14/2016,6687,437.2,263.33,2923556.4,1760887.71,1162668.69
North America,Greenland,Fruits,Offline,M,12/17/2012,567557847,12/29/2012,1834,9.33,6.92,17111.22,12691.28,4419.94
Sub-Saharan Africa,Republic of the Congo,Meat,Offline,C,05-03-2011,946044147,05-10-2011,4341,421.89,364.69,1831424.49,1583119.29,248305.2
Europe,Ukraine,Baby Food,Online,C,12/21/2013,493483388,1/17/2014,1556,255.28,159.42,397215.68,248057.52,149158.16
Middle East and North Africa,Qatar,Vegetables,Online,H,10-02-2012,753674399,11-09-2012,7858,154.06,90.93,1210603.48,714527.94,496075.54
Asia,Kazakhstan,Office Supplies,Offline,C,10-12-2015,190728509,11-01-2015,9659,651.21,524.96,6290037.39,5070588.64,1219448.75
North America,Mexico,Meat,Online,L,04-10-2013,939069545,5/25/2013,401,421.89,364.69,169177.89,146240.69,22937.2
Middle East and North Africa,Israel,Meat,Online,M,09-03-2011,253433835,10/17/2011,5558,421.89,364.69,2344864.62,2026947.02,317917.6
Sub-Saharan Africa,Namibia,Meat,Offline,M,09-10-2014,858870208,10/17/2014,7635,421.89,364.69,3221130.15,2784408.15,436722
Middle East and North Africa,Pakistan,Fruits,Online,H,12/22/2011,600739991,01-01-2012,1168,9.33,6.92,10897.44,8082.56,2814.88
Europe,Ukraine,Household,Offline,H,2/21/2013,994717013,3/27/2013,7724,668.27,502.54,5161717.48,3881618.96,1280098.52
Sub-Saharan Africa,Democratic Republic of the Congo,Vegetables,Online,H,10-02-2013,476787602,11/17/2013,902,154.06,90.93,138962.12,82018.86,56943.26
Europe,Albania,Baby Food,Offline,M,3/17/2014,253250586,04-04-2014,1331,255.28,159.42,339777.68,212188.02,127589.66
Europe,San Marino,Cereal,Online,C,12/23/2015,250717294,1/31/2016,1674,205.7,117.11,344341.8,196042.14,148299.66
Asia,Indonesia,Fruits,Online,M,3/26/2010,466111552,4/28/2010,1621,9.33,6.92,15123.93,11217.32,3906.61
North America,Mexico,Clothes,Online,H,12-06-2011,516669690,1/16/2012,2898,109.28,35.84,316693.44,103864.32,212829.12
Australia and Oceania,Samoa ,Baby Food,Online,M,08-03-2010,989940536,09-10-2010,4258,255.28,159.42,1086982.24,678810.36,408171.88
Middle East and North Africa,Morocco,Cereal,Offline,L,12-08-2011,293785417,12/22/2011,6488,205.7,117.11,1334581.6,759809.68,574771.92
Europe,Ukraine,Office Supplies,Online,L,5/28/2011,506378161,5/28/2011,7406,651.21,524.96,4822861.26,3887853.76,935007.5
Asia,Japan,Beverages,Online,M,1/24/2013,626205098,03-02-2013,6859,47.45,31.79,325459.55,218047.61,107411.94
Europe,Estonia,Household,Offline,H,09-12-2010,622065055,9/15/2010,1728,668.27,502.54,1154770.56,868389.12,286381.44
Sub-Saharan Africa,Namibia,Personal Care,Offline,H,4/15/2014,983069360,5/30/2014,924,81.73,56.67,75518.52,52363.08,23155.44
Europe,Germany,Meat,Online,C,12/14/2015,468641841,1/26/2016,390,421.89,364.69,164537.1,142229.1,22308
Central America and the Caribbean,Panama,Cosmetics,Online,H,6/15/2016,158518826,7/26/2016,8098,437.2,263.33,3540445.6,2132446.34,1407999.26
Sub-Saharan Africa,Ghana,Office Supplies,Offline,C,10/29/2013,302749145,11/22/2013,9054,651.21,524.96,5896055.34,4752987.84,1143067.5
Sub-Saharan Africa,Eritrea,Household,Online,M,9/30/2014,771694123,11-07-2014,295,668.27,502.54,197139.65,148249.3,48890.35
Australia and Oceania,Papua New Guinea,Personal Care,Online,C,08-05-2015,606027591,8/23/2015,5886,81.73,56.67,481062.78,333559.62,147503.16
Sub-Saharan Africa,Democratic Republic of the Congo,Household,Online,H,10/22/2013,266735875,11-03-2013,1928,668.27,502.54,1288424.56,968897.12,319527.44
Sub-Saharan Africa,Angola,Fruits,Offline,L,09-10-2011,285117805,9/16/2011,1549,9.33,6.92,14452.17,10719.08,3733.09
Europe,Germany,Personal Care,Online,L,08-09-2012,812784707,08-10-2012,9912,81.73,56.67,810107.76,561713.04,248394.72
Sub-Saharan Africa,The Gambia,Baby Food,Offline,H,03-09-2017,271660411,4/13/2017,9207,255.28,159.42,2350362.96,1467779.94,882583.02
Sub-Saharan Africa,Comoros,Personal Care,Offline,L,12/29/2011,303981244,01-05-2012,3660,81.73,56.67,299131.8,207412.2,91719.6
Europe,Montenegro,Meat,Online,M,2/27/2011,822296035,03-08-2011,4525,421.89,364.69,1909052.25,1650222.25,258830
Asia,Maldives,Personal Care,Online,L,9/22/2014,459466111,11-05-2014,5088,81.73,56.67,415842.24,288336.96,127505.28
Asia,Turkmenistan,Beverages,Online,H,6/13/2012,618665301,6/13/2012,5666,47.45,31.79,268851.7,180122.14,88729.56
Asia,Bhutan,Cosmetics,Offline,M,4/19/2010,523379933,5/24/2010,8608,437.2,263.33,3763417.6,2266744.64,1496672.96
Europe,Sweden,Vegetables,Offline,H,07-06-2011,367408835,8/15/2011,3294,154.06,90.93,507473.64,299523.42,207950.22
Europe,Bosnia and Herzegovina,Snacks,Online,L,10/28/2012,864863336,11/18/2012,1135,152.58,97.44,173178.3,110594.4,62583.9
Europe,Slovakia,Meat,Offline,M,10/28/2015,100167262,11/20/2015,574,421.89,364.69,242164.86,209332.06,32832.8
Asia,China,Household,Offline,L,08-03-2015,278056943,08-05-2015,2083,668.27,502.54,1392006.41,1046790.82,345215.59
Middle East and North Africa,United Arab Emirates,Baby Food,Offline,H,1/17/2012,973581206,1/23/2012,3169,255.28,159.42,808982.32,505201.98,303780.34
Europe,Poland,Personal Care,Online,L,10-06-2013,482101380,11/18/2013,3367,81.73,56.67,275184.91,190807.89,84377.02
Middle East and North Africa,Syria,Baby Food,Online,L,6/13/2011,769291293,6/23/2011,9244,255.28,159.42,2359808.32,1473678.48,886129.84
Middle East and North Africa,Azerbaijan,Fruits,Online,H,01-01-2012,721137273,1/19/2012,9399,9.33,6.92,87692.67,65041.08,22651.59
Asia,Taiwan,Household,Online,H,1/18/2012,193938148,02-03-2012,9462,668.27,502.54,6323170.74,4755033.48,1568137.26
Australia and Oceania,Fiji,Cereal,Online,L,11-01-2016,464305245,11/17/2016,7095,205.7,117.11,1459441.5,830895.45,628546.05
Sub-Saharan Africa,Malawi,Household,Online,H,10-04-2013,179162395,10/23/2013,6989,668.27,502.54,4670539.03,3512252.06,1158286.97
Sub-Saharan Africa,Mauritius ,Fruits,Offline,M,12/24/2013,305745923,02-01-2014,5868,9.33,6.92,54748.44,40606.56,14141.88
Europe,Russia,Household,Offline,H,10/23/2010,981604659,11/19/2010,7487,668.27,502.54,5003337.49,3762516.98,1240820.51
Asia,Turkmenistan,Personal Care,Online,L,10-04-2013,164599931,11/23/2013,7632,81.73,56.67,623763.36,432505.44,191257.92
Central America and the Caribbean,Barbados,Clothes,Offline,L,6/22/2014,382905566,07-01-2014,9121,109.28,35.84,996742.88,326896.64,669846.24
Europe,Macedonia,Clothes,Offline,H,3/28/2013,185007894,4/20/2013,6802,109.28,35.84,743322.56,243783.68,499538.88
Sub-Saharan Africa,Eritrea,Cereal,Online,M,03-12-2015,889705741,4/29/2015,2555,205.7,117.11,525563.5,299216.05,226347.45
Europe,Russia,Cosmetics,Offline,L,5/23/2011,736110436,07-12-2011,291,437.2,263.33,127225.2,76629.03,50596.17
Australia and Oceania,Kiribati,Office Supplies,Online,M,11/18/2012,733645808,12/25/2012,953,651.21,524.96,620603.13,500286.88,120316.25
Europe,Georgia,Baby Food,Offline,L,8/22/2016,612048184,9/20/2016,7514,255.28,159.42,1918173.92,1197881.88,720292.04
Europe,Czech Republic,Fruits,Offline,C,12-01-2016,171366393,01-04-2017,9979,9.33,6.92,93104.07,69054.68,24049.39
Europe,Germany,Cosmetics,Offline,L,08-06-2016,631961762,8/31/2016,384,437.2,263.33,167884.8,101118.72,66766.08
Europe,Estonia,Snacks,Offline,M,11-07-2015,584508121,11/17/2015,7797,152.58,97.44,1189666.26,759739.68,429926.58
Asia,Japan,Fruits,Online,M,11/27/2015,939991796,12-10-2015,3316,9.33,6.92,30938.28,22946.72,7991.56
Central America and the Caribbean,Panama,Vegetables,Offline,L,04-09-2015,879711616,5/25/2015,5071,154.06,90.93,781238.26,461106.03,320132.23
Middle East and North Africa,Jordan,Clothes,Offline,C,07-11-2013,105278909,8/13/2013,3223,109.28,35.84,352209.44,115512.32,236697.12
Middle East and North Africa,Azerbaijan,Vegetables,Online,L,02-03-2015,188617503,03-12-2015,4966,154.06,90.93,765061.96,451558.38,313503.58
Sub-Saharan Africa,South Africa,Clothes,Online,C,4/26/2010,521963727,5/31/2010,9521,109.28,35.84,1040454.88,341232.64,699222.24
Asia,Malaysia,Meat,Offline,L,02-12-2017,567866408,3/25/2017,3144,421.89,364.69,1326422.16,1146585.36,179836.8
Europe,Ireland,Cosmetics,Online,M,08-09-2016,309186875,09-10-2016,4122,437.2,263.33,1802138.4,1085446.26,716692.14
Sub-Saharan Africa,Mauritania,Cereal,Offline,H,6/21/2017,699098956,7/16/2017,7771,205.7,117.11,1598494.7,910061.81,688432.89
Middle East and North Africa,Yemen,Personal Care,Online,H,4/26/2014,511088979,4/26/2014,1441,81.73,56.67,117772.93,81661.47,36111.46
Asia,Kazakhstan,Cereal,Offline,C,03-04-2014,388955771,3/29/2014,9511,205.7,117.11,1956412.7,1113833.21,842579.49
Europe,Denmark,Personal Care,Online,C,7/23/2017,596810662,8/21/2017,8392,81.73,56.67,685878.16,475574.64,210303.52
Sub-Saharan Africa,Chad,Vegetables,Offline,C,9/15/2014,569077479,10/18/2014,1527,154.06,90.93,235249.62,138850.11,96399.51
Central America and the Caribbean,Nicaragua,Cosmetics,Online,H,1/18/2012,260492551,02-06-2012,4389,437.2,263.33,1918870.8,1155755.37,763115.43
Australia and Oceania,New Zealand,Fruits,Online,L,4/20/2013,596104705,4/27/2013,9484,9.33,6.92,88485.72,65629.28,22856.44
Europe,Norway,Fruits,Online,L,09-04-2015,321275269,10-07-2015,1347,9.33,6.92,12567.51,9321.24,3246.27
Middle East and North Africa,Somalia,Cosmetics,Online,H,8/28/2013,951678073,9/15/2013,1545,437.2,263.33,675474,406844.85,268629.15
Europe,Germany,Personal Care,Online,L,5/15/2010,923299443,07-02-2010,3678,81.73,56.67,300602.94,208432.26,92170.68
Middle East and North Africa,Pakistan,Cosmetics,Online,M,10/16/2013,542438209,12-02-2013,8375,437.2,263.33,3661550,2205388.75,1456161.25
Middle East and North Africa,Afghanistan,Office Supplies,Online,L,3/30/2010,635705697,3/31/2010,8297,651.21,524.96,5403089.37,4355593.12,1047496.25
Sub-Saharan Africa,Namibia,Baby Food,Offline,L,8/13/2013,300025737,9/20/2013,3138,255.28,159.42,801068.64,500259.96,300808.68
Sub-Saharan Africa,Sierra Leone,Cereal,Online,H,2/24/2016,952634656,04-09-2016,4619,205.7,117.11,950128.3,540931.09,409197.21
Middle East and North Africa,Somalia,Cereal,Offline,C,12-07-2014,481081283,1/25/2015,1497,205.7,117.11,307932.9,175313.67,132619.23
Sub-Saharan Africa,Mauritius ,Vegetables,Online,C,09-12-2015,893226945,10/23/2015,4557,154.06,90.93,702051.42,414368.01,287683.41
Sub-Saharan Africa,South Sudan,Beverages,Offline,L,11/15/2013,667245471,01-04-2014,1617,47.45,31.79,76726.65,51404.43,25322.22
Central America and the Caribbean,The Bahamas,Snacks,Offline,H,7/13/2013,601623189,7/30/2013,2526,152.58,97.44,385417.08,246133.44,139283.64
Europe,Macedonia,Fruits,Online,L,01-08-2016,665158927,1/31/2016,4163,9.33,6.92,38840.79,28807.96,10032.83
Sub-Saharan Africa,Sudan,Cereal,Online,M,03-08-2016,446964013,3/19/2016,5439,205.7,117.11,1118802.3,636961.29,481841.01
Sub-Saharan Africa,Lesotho,Cosmetics,Online,C,9/19/2013,506462275,10-01-2013,2297,437.2,263.33,1004248.4,604869.01,399379.39
Sub-Saharan Africa,Nigeria,Cosmetics,Online,H,12-12-2016,123390042,01-04-2017,2710,437.2,263.33,1184812,713624.3,471187.7
Middle East and North Africa,Azerbaijan,Beverages,Online,C,05-04-2016,447796142,5/30/2016,1684,47.45,31.79,79905.8,53534.36,26371.44
Sub-Saharan Africa,Equatorial Guinea,Baby Food,Offline,M,12/29/2010,450041902,1/16/2011,6254,255.28,159.42,1596521.12,997012.68,599508.44
Australia and Oceania,Palau,Beverages,Online,C,06-09-2012,970801150,7/13/2012,489,47.45,31.79,23203.05,15545.31,7657.74
Asia,Tajikistan,Cosmetics,Offline,H,7/18/2010,671060216,08-08-2010,485,437.2,263.33,212042,127715.05,84326.95
Sub-Saharan Africa,South Sudan,Fruits,Offline,L,03-07-2015,982117927,3/24/2015,9374,9.33,6.92,87459.42,64868.08,22591.34
Sub-Saharan Africa,Liberia,Cosmetics,Offline,L,7/25/2014,255585610,8/15/2014,2317,437.2,263.33,1012992.4,610135.61,402856.79
Sub-Saharan Africa,Mauritius ,Meat,Online,H,11/25/2016,513387095,12/16/2016,1505,421.89,364.69,634944.45,548858.45,86086
Sub-Saharan Africa,Malawi,Cosmetics,Offline,C,05-01-2016,697758710,5/19/2016,1163,437.2,263.33,508463.6,306252.79,202210.81
Australia and Oceania,Papua New Guinea,Office Supplies,Offline,C,11-01-2011,721249282,11-03-2011,2545,651.21,524.96,1657329.45,1336023.2,321306.25
Europe,Norway,Baby Food,Offline,M,01-12-2011,116720139,02-08-2011,8938,255.28,159.42,2281692.64,1424895.96,856796.68
Sub-Saharan Africa,The Gambia,Cereal,Online,C,04-02-2011,287345111,05-04-2011,659,205.7,117.11,135556.3,77175.49,58380.81
Europe,Belarus,Vegetables,Online,M,11/18/2010,456610524,12-11-2010,56,154.06,90.93,8627.36,5092.08,3535.28
Sub-Saharan Africa,Sao Tome and Principe,Household,Offline,L,03-01-2013,818315207,04-12-2013,6510,668.27,502.54,4350437.7,3271535.4,1078902.3
Asia,Thailand,Personal Care,Online,M,11-03-2014,286570489,12/18/2014,1431,81.73,56.67,116955.63,81094.77,35860.86
Middle East and North Africa,Iraq,Beverages,Online,M,6/29/2017,545800197,7/24/2017,3262,47.45,31.79,154781.9,103698.98,51082.92
Australia and Oceania,Vanuatu,Beverages,Offline,C,3/13/2016,200740659,4/25/2016,2477,47.45,31.79,117533.65,78743.83,38789.82
Australia and Oceania,East Timor,Vegetables,Offline,C,11/21/2010,626440703,01-01-2011,6580,154.06,90.93,1013714.8,598319.4,415395.4
Middle East and North Africa,Morocco,Fruits,Online,C,2/17/2010,118261659,3/19/2010,5108,9.33,6.92,47657.64,35347.36,12310.28
Europe,Sweden,Cosmetics,Offline,M,3/13/2012,641877353,3/20/2012,4627,437.2,263.33,2022924.4,1218427.91,804496.49
Europe,Czech Republic,Cosmetics,Offline,M,06-05-2016,183274114,07-09-2016,3738,437.2,263.33,1634253.6,984327.54,649926.06
Central America and the Caribbean,El Salvador,Office Supplies,Offline,C,11/13/2011,398750770,11/21/2011,8069,651.21,524.96,5254613.49,4235902.24,1018711.25
Asia,Thailand,Cereal,Online,C,05-04-2011,764918649,6/16/2011,5281,205.7,117.11,1086301.7,618457.91,467843.79
Asia,Thailand,Baby Food,Online,H,5/18/2017,828701579,6/25/2017,68,255.28,159.42,17359.04,10840.56,6518.48
Sub-Saharan Africa,Burkina Faso,Cosmetics,Offline,H,11-12-2010,657335889,11/19/2010,9152,437.2,263.33,4001254.4,2409996.16,1591258.24
Europe,Albania,Office Supplies,Online,M,5/23/2015,388370406,5/25/2015,6288,651.21,524.96,4094808.48,3300948.48,793860
Europe,Albania,Vegetables,Online,L,03-08-2010,679666459,4/17/2010,7264,154.06,90.93,1119091.84,660515.52,458576.32
Europe,Poland,Clothes,Offline,M,03-06-2017,459397876,3/29/2017,4895,109.28,35.84,534925.6,175436.8,359488.8
Europe,Romania,Fruits,Online,L,12-09-2013,976050984,12/27/2013,4031,9.33,6.92,37609.23,27894.52,9714.71
Europe,Georgia,Fruits,Offline,L,03-06-2013,848424613,04-06-2013,6552,9.33,6.92,61130.16,45339.84,15790.32
Asia,South Korea,Fruits,Offline,L,07-11-2013,115630090,08-09-2013,6368,9.33,6.92,59413.44,44066.56,15346.88
Sub-Saharan Africa,Togo,Household,Online,M,11/19/2010,687091243,12-10-2010,4422,668.27,502.54,2955089.94,2222231.88,732858.06
Asia,Nepal,Personal Care,Online,H,5/15/2017,492544400,06-09-2017,3688,81.73,56.67,301420.24,208998.96,92421.28
Middle East and North Africa,Turkey,Office Supplies,Online,L,02-04-2012,232038390,02-04-2012,4171,651.21,524.96,2716196.91,2189608.16,526588.75
Sub-Saharan Africa,Sudan,Cereal,Online,M,1/30/2013,225934541,2/18/2013,7906,205.7,117.11,1626264.2,925871.66,700392.54
Sub-Saharan Africa,Seychelles ,Snacks,Online,C,12-07-2012,864906680,1/16/2013,3962,152.58,97.44,604521.96,386057.28,218464.68
Australia and Oceania,Papua New Guinea,Office Supplies,Offline,C,11/16/2012,359941136,12/23/2012,3436,651.21,524.96,2237557.56,1803762.56,433795
Europe,Ireland,Beverages,Online,M,06-04-2011,592336738,6/24/2011,4459,47.45,31.79,211579.55,141751.61,69827.94
Middle East and North Africa,Azerbaijan,Baby Food,Online,L,9/20/2015,363704812,10-06-2015,7191,255.28,159.42,1835718.48,1146389.22,689329.26
Sub-Saharan Africa,Ethiopia,Meat,Offline,M,1/17/2015,345969188,2/24/2015,8826,421.89,364.69,3723601.14,3218753.94,504847.2
Europe,Slovenia,Beverages,Online,C,11/22/2014,831366193,12-01-2014,8586,47.45,31.79,407405.7,272948.94,134456.76
Asia,Uzbekistan,Cereal,Offline,L,6/17/2010,382444655,08-04-2010,2727,205.7,117.11,560943.9,319358.97,241584.93
Europe,Austria,Cosmetics,Online,L,2/24/2013,782065904,3/26/2013,9535,437.2,263.33,4168702,2510851.55,1657850.45
Australia and Oceania,Papua New Guinea,Beverages,Online,L,07-04-2016,283403766,7/25/2016,4327,47.45,31.79,205316.15,137555.33,67760.82
Asia,Mongolia,Office Supplies,Offline,C,2/19/2015,359944570,2/21/2015,4452,651.21,524.96,2899186.92,2337121.92,562065
Australia and Oceania,East Timor,Cereal,Online,C,1/24/2016,755487143,03-05-2016,4289,205.7,117.11,882247.3,502284.79,379962.51
Sub-Saharan Africa,Burundi,Baby Food,Offline,H,3/28/2012,834142816,4/13/2012,250,255.28,159.42,63820,39855,23965
Australia and Oceania,East Timor,Vegetables,Offline,L,08-11-2016,930335414,9/30/2016,5778,154.06,90.93,890158.68,525393.54,364765.14
Asia,Turkmenistan,Baby Food,Offline,H,11/22/2012,998801267,12/14/2012,6345,255.28,159.42,1619751.6,1011519.9,608231.7
Middle East and North Africa,Algeria,Cosmetics,Offline,C,5/19/2012,164589202,5/25/2012,4457,437.2,263.33,1948600.4,1173661.81,774938.59
Sub-Saharan Africa,Eritrea,Meat,Online,L,04-11-2012,773060548,5/16/2012,4650,421.89,364.69,1961788.5,1695808.5,265980
Asia,India,Beverages,Online,L,8/24/2014,739889132,9/23/2014,8491,47.45,31.79,402897.95,269928.89,132969.06
Asia,South Korea,Baby Food,Online,L,1/13/2015,301061284,02-10-2015,9579,255.28,159.42,2445327.12,1527084.18,918242.94
Middle East and North Africa,Saudi Arabia,Personal Care,Offline,C,11-06-2013,662875831,11-08-2013,8544,81.73,56.67,698301.12,484188.48,214112.64
Sub-Saharan Africa,South Sudan,Baby Food,Offline,L,7/21/2012,851944100,09-01-2012,8046,255.28,159.42,2053982.88,1282693.32,771289.56
Sub-Saharan Africa,Cameroon,Beverages,Online,H,6/22/2017,865189921,07-12-2017,7779,47.45,31.79,369113.55,247294.41,121819.14
Middle East and North Africa,Turkey,Personal Care,Offline,M,04-09-2013,319849622,05-05-2013,9466,81.73,56.67,773656.18,536438.22,237217.96
Central America and the Caribbean,Barbados,Office Supplies,Offline,L,03-07-2012,703472030,4/15/2012,1861,651.21,524.96,1211901.81,976950.56,234951.25
Europe,Slovenia,Household,Online,M,05-11-2012,423918473,6/26/2012,5751,668.27,502.54,3843220.77,2890107.54,953113.23
Europe,Belgium,Meat,Offline,C,10/24/2016,659362781,11/21/2016,8954,421.89,364.69,3777603.06,3265434.26,512168.8
Asia,Uzbekistan,Beverages,Online,M,6/20/2014,408291280,7/16/2014,1318,47.45,31.79,62539.1,41899.22,20639.88
Central America and the Caribbean,The Bahamas,Cereal,Offline,M,3/30/2014,539502799,4/19/2014,9722,205.7,117.11,1999815.4,1138543.42,861271.98
Australia and Oceania,Vanuatu,Clothes,Online,H,12/25/2010,642108666,12/30/2010,3078,109.28,35.84,336363.84,110315.52,226048.32
Europe,Albania,Beverages,Offline,M,12/15/2011,375532710,12/26/2011,7329,47.45,31.79,347761.05,232988.91,114772.14
Asia,Taiwan,Vegetables,Offline,L,05-05-2010,819511258,06-08-2010,447,154.06,90.93,68864.82,40645.71,28219.11
Central America and the Caribbean,Honduras,Household,Offline,H,10-02-2011,424093139,10-09-2011,7439,668.27,502.54,4971260.53,3738395.06,1232865.47
Sub-Saharan Africa,Liberia,Meat,Offline,L,4/16/2015,859639680,5/13/2015,5339,421.89,364.69,2252470.71,1947079.91,305390.8
Asia,Cambodia,Office Supplies,Offline,C,05-01-2017,266824710,5/29/2017,8216,651.21,524.96,5350341.36,4313071.36,1037270
Central America and the Caribbean,Dominica,Beverages,Online,M,4/30/2015,906634557,05-08-2015,2168,47.45,31.79,102871.6,68920.72,33950.88
Middle East and North Africa,Algeria,Office Supplies,Online,C,7/27/2011,610368049,08-01-2011,324,651.21,524.96,210992.04,170087.04,40905
Europe,Austria,Baby Food,Offline,C,12/28/2016,429636514,1/16/2017,7847,255.28,159.42,2003182.16,1250968.74,752213.42
Australia and Oceania,Marshall Islands,Fruits,Online,L,02-03-2017,586363780,03-11-2017,6928,9.33,6.92,64638.24,47941.76,16696.48
Australia and Oceania,New Zealand,Baby Food,Online,M,7/28/2013,922786176,08-04-2013,1791,255.28,159.42,457206.48,285521.22,171685.26
Central America and the Caribbean,Barbados,Meat,Online,M,12/26/2012,451452529,1/19/2013,3690,421.89,364.69,1556774.1,1345706.1,211068
Sub-Saharan Africa,Swaziland,Household,Offline,H,5/21/2015,505224168,6/29/2015,5913,668.27,502.54,3951480.51,2971519.02,979961.49
Europe,Netherlands,Meat,Online,H,07-10-2010,687274920,8/22/2010,8777,421.89,364.69,3702928.53,3200884.13,502044.4
Central America and the Caribbean,Saint Kitts and Nevis ,Clothes,Offline,C,12-08-2011,221091115,1/16/2012,4629,109.28,35.84,505857.12,165903.36,339953.76
Middle East and North Africa,United Arab Emirates,Fruits,Offline,H,4/17/2015,200471580,05-08-2015,2850,9.33,6.92,26590.5,19722,6868.5
Asia,Bangladesh,Personal Care,Online,M,4/30/2017,439527642,6/15/2017,4851,81.73,56.67,396472.23,274906.17,121566.06
Australia and Oceania,Kiribati,Meat,Online,L,1/23/2012,822683131,1/28/2012,9075,421.89,364.69,3828651.75,3309561.75,519090
Asia,Indonesia,Office Supplies,Offline,L,4/13/2017,854674375,4/22/2017,5995,651.21,524.96,3904003.95,3147135.2,756868.75
Central America and the Caribbean,Saint Vincent and the Grenadines,Snacks,Online,C,3/16/2010,110550200,3/19/2010,3116,152.58,97.44,475439.28,303623.04,171816.24
Asia,Indonesia,Baby Food,Offline,M,7/18/2014,485671937,09-02-2014,9974,255.28,159.42,2546162.72,1590055.08,956107.64
Sub-Saharan Africa,Mozambique,Office Supplies,Offline,M,06-04-2013,345713412,07-08-2013,3136,651.21,524.96,2042194.56,1646274.56,395920
Central America and the Caribbean,Antigua and Barbuda ,Cosmetics,Offline,H,10-03-2013,376660954,11-01-2013,1202,437.2,263.33,525514.4,316522.66,208991.74
Asia,Uzbekistan,Office Supplies,Offline,C,2/28/2012,434813392,3/28/2012,9800,651.21,524.96,6381858,5144608,1237250
Europe,Kosovo,Cosmetics,Online,L,11/20/2013,896782052,01-07-2014,6593,437.2,263.33,2882459.6,1736134.69,1146324.91
Europe,Ukraine,Meat,Offline,M,11/25/2013,409490764,12/29/2013,6272,421.89,364.69,2646094.08,2287335.68,358758.4
Central America and the Caribbean,El Salvador,Fruits,Online,C,10/18/2015,840175855,10/21/2015,5561,9.33,6.92,51884.13,38482.12,13402.01
Asia,Thailand,Vegetables,Offline,C,11/15/2012,526386153,11/21/2012,8215,154.06,90.93,1265602.9,746989.95,518612.95
Europe,San Marino,Fruits,Online,L,8/27/2014,125982987,09-04-2014,20,9.33,6.92,186.6,138.4,48.2
Europe,Lithuania,Baby Food,Offline,M,10-12-2012,367140185,10/27/2012,3794,255.28,159.42,968532.32,604839.48,363692.84
Central America and the Caribbean,Cuba,Beverages,Online,M,02-11-2015,698344075,3/24/2015,4385,47.45,31.79,208068.25,139399.15,68669.1
Asia,India,Household,Offline,H,8/22/2011,638393485,10-04-2011,3674,668.27,502.54,2455223.98,1846331.96,608892.02
Sub-Saharan Africa,Central African Republic,Meat,Offline,C,2/18/2016,226399743,3/27/2016,5570,421.89,364.69,2349927.3,2031323.3,318604
Sub-Saharan Africa,Zimbabwe,Baby Food,Online,M,12-05-2016,471786677,01-07-2017,1017,255.28,159.42,259619.76,162130.14,97489.62
Sub-Saharan Africa,Togo,Vegetables,Offline,M,01-01-2011,204290616,2/20/2011,2988,154.06,90.93,460331.28,271698.84,188632.44
Middle East and North Africa,Tunisia ,Household,Online,L,4/25/2015,123960387,06-10-2015,1488,668.27,502.54,994385.76,747779.52,246606.24
Europe,Romania,Cosmetics,Offline,H,1/15/2010,551157319,2/26/2010,8553,437.2,263.33,3739371.6,2252261.49,1487110.11
Europe,Netherlands,Beverages,Offline,C,6/28/2010,976555240,8/15/2010,3251,47.45,31.79,154259.95,103349.29,50910.66
Australia and Oceania,Palau,Clothes,Offline,C,4/28/2010,511140477,06-05-2010,6681,109.28,35.84,730099.68,239447.04,490652.64
Middle East and North Africa,Jordan,Household,Offline,H,8/15/2015,136211860,09-07-2015,6971,668.27,502.54,4658510.17,3503206.34,1155303.83
Middle East and North Africa,Israel,Office Supplies,Offline,L,10/24/2010,453380715,11/21/2010,4284,651.21,524.96,2789783.64,2248928.64,540855
Europe,Liechtenstein,Clothes,Online,M,6/21/2015,334570872,07-07-2015,5811,109.28,35.84,635026.08,208266.24,426759.84
Middle East and North Africa,Iraq,Vegetables,Online,H,5/14/2012,972018659,5/26/2012,776,154.06,90.93,119550.56,70561.68,48988.88
Middle East and North Africa,United Arab Emirates,Clothes,Offline,H,11-05-2011,928272902,12-08-2011,5435,109.28,35.84,593936.8,194790.4,399146.4
Middle East and North Africa,Turkey,Office Supplies,Online,H,03-02-2010,186194932,03-07-2010,8073,651.21,524.96,5257218.33,4238002.08,1019216.25
Middle East and North Africa,Israel,Beverages,Online,M,01-07-2016,598958575,2/22/2016,4007,47.45,31.79,190132.15,127382.53,62749.62
Australia and Oceania,New Zealand,Office Supplies,Offline,C,06-04-2016,940050160,07-06-2016,587,651.21,524.96,382260.27,308151.52,74108.75
Sub-Saharan Africa,Sierra Leone,Fruits,Online,M,11-08-2010,953268516,12-12-2010,2192,9.33,6.92,20451.36,15168.64,5282.72
Asia,Myanmar,Meat,Online,C,12/19/2014,902724969,1/20/2015,5234,421.89,364.69,2208172.26,1908787.46,299384.8
Middle East and North Africa,Morocco,Meat,Offline,L,06-01-2011,222843348,7/15/2011,3154,421.89,364.69,1330641.06,1150232.26,180408.8
Sub-Saharan Africa,Central African Republic,Cereal,Offline,M,3/20/2014,668359982,3/24/2014,1426,205.7,117.11,293328.2,166998.86,126329.34
Europe,Luxembourg,Fruits,Online,C,12-08-2011,464323699,01-10-2012,2556,9.33,6.92,23847.48,17687.52,6159.96
Asia,Nepal,Beverages,Online,C,12-04-2016,156095826,12/18/2016,1079,47.45,31.79,51198.55,34301.41,16897.14
Sub-Saharan Africa,Sudan,Snacks,Online,H,02-09-2016,359350192,2/29/2016,8562,152.58,97.44,1306389.96,834281.28,472108.68
Sub-Saharan Africa,Mauritius ,Personal Care,Online,C,08-06-2012,410073125,09-12-2012,8605,81.73,56.67,703286.65,487645.35,215641.3
Europe,Bosnia and Herzegovina,Cereal,Online,L,5/18/2014,614563453,6/25/2014,1837,205.7,117.11,377870.9,215131.07,162739.83
Sub-Saharan Africa,Botswana,Household,Online,C,05-05-2015,899432504,5/15/2015,920,668.27,502.54,614808.4,462336.8,152471.6
Central America and the Caribbean,Guatemala,Baby Food,Offline,H,3/26/2014,361604106,4/25/2014,5545,255.28,159.42,1415527.6,883983.9,531543.7
Sub-Saharan Africa,Chad,Fruits,Online,C,11-12-2010,418314588,12/19/2010,7437,9.33,6.92,69387.21,51464.04,17923.17
Australia and Oceania,New Zealand,Beverages,Online,C,6/22/2017,757112777,6/28/2017,5350,47.45,31.79,253857.5,170076.5,83781
Middle East and North Africa,Qatar,Cosmetics,Online,M,1/25/2017,685860002,2/23/2017,71,437.2,263.33,31041.2,18696.43,12344.77
Sub-Saharan Africa,Lesotho,Fruits,Online,M,8/27/2012,482730090,9/30/2012,9416,9.33,6.92,87851.28,65158.72,22692.56
Sub-Saharan Africa,Kenya,Cosmetics,Offline,L,11/17/2015,946209371,11/30/2015,3234,437.2,263.33,1413904.8,851609.22,562295.58
Sub-Saharan Africa,Ghana,Baby Food,Offline,L,12-09-2012,245096671,1/24/2013,8406,255.28,159.42,2145883.68,1340084.52,805799.16
Middle East and North Africa,Egypt,Personal Care,Online,H,10/29/2013,668503320,11/25/2013,3843,81.73,56.67,314088.39,217782.81,96305.58
Sub-Saharan Africa,Namibia,Beverages,Offline,M,8/31/2010,975853145,10-08-2010,5486,47.45,31.79,260310.7,174399.94,85910.76
Europe,Netherlands,Household,Offline,M,10-12-2011,446882474,11-04-2011,1310,668.27,502.54,875433.7,658327.4,217106.3
Asia,Vietnam,Personal Care,Online,L,3/18/2015,231640136,04-02-2015,6319,81.73,56.67,516451.87,358097.73,158354.14
Sub-Saharan Africa,Zambia,Cosmetics,Offline,H,6/25/2012,200487458,07-08-2012,7549,437.2,263.33,3300422.8,1987878.17,1312544.63
Asia,Uzbekistan,Cosmetics,Offline,L,2/15/2015,294098269,04-06-2015,9068,437.2,263.33,3964529.6,2387876.44,1576653.16
Asia,Sri Lanka,Snacks,Offline,C,01-04-2013,973458898,1/28/2013,6975,152.58,97.44,1064245.5,679644,384601.5
Europe,Slovenia,Clothes,Online,M,01-02-2016,969868171,1/24/2016,4399,109.28,35.84,480722.72,157660.16,323062.56
Sub-Saharan Africa,Rwanda,Cereal,Offline,L,4/28/2012,434937417,06-12-2012,6502,205.7,117.11,1337461.4,761449.22,576012.18
Asia,Thailand,Cosmetics,Online,M,03-08-2010,490590465,04-05-2010,5475,437.2,263.33,2393670,1441731.75,951938.25
Middle East and North Africa,Iran,Baby Food,Online,H,4/14/2011,979063642,05-09-2011,5543,255.28,159.42,1415017.04,883665.06,531351.98
Middle East and North Africa,Oman,Snacks,Online,M,08-11-2014,912905776,09-04-2014,7961,152.58,97.44,1214689.38,775719.84,438969.54
Europe,Kosovo,Meat,Online,M,8/21/2012,724978196,9/19/2012,6014,421.89,364.69,2537246.46,2193245.66,344000.8
Middle East and North Africa,Kuwait,Cereal,Online,L,04-08-2010,918454730,05-08-2010,20,205.7,117.11,4114,2342.2,1771.8
Asia,Kazakhstan,Vegetables,Online,M,6/18/2013,716821706,7/21/2013,2327,154.06,90.93,358497.62,211594.11,146903.51
Sub-Saharan Africa,Djibouti,Baby Food,Offline,H,4/27/2010,313877952,5/26/2010,2316,255.28,159.42,591228.48,369216.72,222011.76
Australia and Oceania,Marshall Islands,Clothes,Offline,L,9/20/2012,423734796,10/14/2012,1397,109.28,35.84,152664.16,50068.48,102595.68
Sub-Saharan Africa,Gabon,Vegetables,Online,M,09-04-2014,930816066,9/18/2014,8014,154.06,90.93,1234636.84,728713.02,505923.82
Asia,Uzbekistan,Baby Food,Offline,L,04-08-2011,439858090,4/13/2011,2638,255.28,159.42,673428.64,420549.96,252878.68
Europe,Montenegro,Meat,Offline,M,7/27/2017,325909698,09-09-2017,2777,421.89,364.69,1171588.53,1012744.13,158844.4
Sub-Saharan Africa,Zimbabwe,Baby Food,Offline,M,11-09-2011,684332215,12/18/2011,7965,255.28,159.42,2033305.2,1269780.3,763524.9
Middle East and North Africa,Libya,Beverages,Online,C,2/14/2015,780799472,3/24/2015,4770,47.45,31.79,226336.5,151638.3,74698.2
Sub-Saharan Africa,Rwanda,Office Supplies,Offline,C,7/23/2011,401297795,7/24/2011,1790,651.21,524.96,1165665.9,939678.4,225987.5
Sub-Saharan Africa,Eritrea,Personal Care,Online,M,12-04-2012,302126014,01-01-2013,4656,81.73,56.67,380534.88,263855.52,116679.36
Sub-Saharan Africa,Republic of the Congo,Meat,Online,L,11/28/2016,859895455,12/28/2016,1029,421.89,364.69,434124.81,375266.01,58858.8
Australia and Oceania,Palau,Fruits,Online,C,11/23/2010,721529948,12-01-2010,5601,9.33,6.92,52257.33,38758.92,13498.41
Central America and the Caribbean,Cuba,Personal Care,Offline,H,8/16/2013,854265820,09-12-2013,5095,81.73,56.67,416414.35,288733.65,127680.7
Asia,North Korea,Office Supplies,Online,C,10/31/2010,495651900,12-08-2010,3267,651.21,524.96,2127503.07,1715044.32,412458.75
Sub-Saharan Africa,Eritrea,Office Supplies,Offline,M,01-10-2012,303549516,1/15/2012,5902,651.21,524.96,3843441.42,3098313.92,745127.5
Europe,Malta,Office Supplies,Offline,L,06-07-2016,106132495,07-12-2016,5819,651.21,524.96,3789390.99,3054742.24,734648.75
Sub-Saharan Africa,Gabon,Clothes,Offline,M,10-04-2016,251887166,11/15/2016,7865,109.28,35.84,859487.2,281881.6,577605.6
Sub-Saharan Africa,Guinea,Cosmetics,Offline,C,7/28/2010,259612357,8/29/2010,3920,437.2,263.33,1713824,1032253.6,681570.4
Europe,Lithuania,Baby Food,Online,L,8/23/2011,168419396,9/16/2011,7897,255.28,159.42,2015946.16,1258939.74,757006.42
Asia,Bangladesh,Household,Online,C,11/17/2015,987732112,12-11-2015,736,668.27,502.54,491846.72,369869.44,121977.28
Sub-Saharan Africa,Ghana,Fruits,Offline,L,09-04-2012,647286832,09-06-2012,5413,9.33,6.92,50503.29,37457.96,13045.33
Europe,Belgium,Cosmetics,Offline,C,06-09-2011,747132384,6/27/2011,1930,437.2,263.33,843796,508226.9,335569.1
Asia,Taiwan,Office Supplies,Offline,M,1/17/2015,707630097,2/28/2015,2326,651.21,524.96,1514714.46,1221056.96,293657.5
Asia,Nepal,Cosmetics,Offline,H,02-04-2016,919453799,03-09-2016,5666,437.2,263.33,2477175.2,1492027.78,985147.42
Asia,Cambodia,Fruits,Online,H,10/25/2015,493589818,11-11-2015,3051,9.33,6.92,28465.83,21112.92,7352.91
Asia,Kyrgyzstan,Personal Care,Offline,M,9/19/2012,411336982,9/22/2012,2609,81.73,56.67,213233.57,147852.03,65381.54
Europe,Albania,Baby Food,Online,C,12/14/2013,374306619,01-01-2014,4501,255.28,159.42,1149015.28,717549.42,431465.86
Asia,Taiwan,Fruits,Offline,C,5/15/2016,154422557,06-06-2016,5921,9.33,6.92,55242.93,40973.32,14269.61
Australia and Oceania,Fiji,Beverages,Online,L,4/26/2010,943921124,06-09-2010,6092,47.45,31.79,289065.4,193664.68,95400.72
Europe,Netherlands,Household,Online,L,9/15/2013,405351150,11-01-2013,1268,668.27,502.54,847366.36,637220.72,210145.64
Europe,Austria,Beverages,Offline,H,3/26/2015,321573960,04-04-2015,9736,47.45,31.79,461973.2,309507.44,152465.76
Europe,Russia,Cereal,Offline,M,12/31/2015,745763385,2/17/2016,6813,205.7,117.11,1401434.1,797870.43,603563.67
Sub-Saharan Africa,Togo,Personal Care,Online,M,8/14/2010,451405751,9/23/2010,9848,81.73,56.67,804877.04,558086.16,246790.88
Sub-Saharan Africa,Sierra Leone,Personal Care,Online,C,09-09-2013,982299888,9/14/2013,3220,81.73,56.67,263170.6,182477.4,80693.2
Central America and the Caribbean,Barbados,Vegetables,Offline,C,08-05-2010,802557122,8/30/2010,3342,154.06,90.93,514868.52,303888.06,210980.46
Central America and the Caribbean,Barbados,Beverages,Offline,C,04-08-2014,246601283,4/24/2014,3655,47.45,31.79,173429.75,116192.45,57237.3
Europe,Denmark,Vegetables,Offline,H,01-04-2016,169168698,1/18/2016,9632,154.06,90.93,1483905.92,875837.76,608068.16
Sub-Saharan Africa,Djibouti,Personal Care,Online,C,12/18/2011,595308196,1/25/2012,3779,81.73,56.67,308857.67,214155.93,94701.74
Europe,Sweden,Meat,Online,M,6/23/2014,270381104,7/14/2014,632,421.89,364.69,266634.48,230484.08,36150.4
Sub-Saharan Africa,Malawi,Beverages,Online,H,6/20/2010,710061252,7/28/2010,1758,47.45,31.79,83417.1,55886.82,27530.28
Central America and the Caribbean,Saint Kitts and Nevis ,Office Supplies,Offline,M,8/20/2010,350334966,09-12-2010,756,651.21,524.96,492314.76,396869.76,95445
Europe,Netherlands,Snacks,Offline,L,5/20/2015,397501075,5/20/2015,8256,152.58,97.44,1259700.48,804464.64,455235.84
Europe,Vatican City,Personal Care,Offline,L,01-10-2011,778170907,1/17/2011,6919,81.73,56.67,565489.87,392099.73,173390.14
Central America and the Caribbean,Dominica,Fruits,Offline,M,6/19/2011,589268290,07-08-2011,6437,9.33,6.92,60057.21,44544.04,15513.17
Middle East and North Africa,Oman,Cosmetics,Offline,L,07-03-2016,348029553,7/28/2016,8534,437.2,263.33,3731064.8,2247258.22,1483806.58
Europe,Lithuania,Household,Offline,M,09-01-2015,642003524,09-02-2015,1964,668.27,502.54,1312482.28,986988.56,325493.72
Asia,China,Beverages,Online,L,09-04-2014,779051530,10/14/2014,7515,47.45,31.79,356586.75,238901.85,117684.9
Europe,Denmark,Fruits,Online,M,7/17/2016,137347400,08-04-2016,3003,9.33,6.92,28017.99,20780.76,7237.23
Europe,Slovakia,Household,Online,M,03-10-2010,415377461,04-07-2010,8276,668.27,502.54,5530602.52,4159021.04,1371581.48
Asia,Indonesia,Cosmetics,Online,H,02-09-2012,681940543,3/30/2012,216,437.2,263.33,94435.2,56879.28,37555.92
Europe,Luxembourg,Household,Online,M,2/22/2017,526147973,3/21/2017,7732,668.27,502.54,5167063.64,3885639.28,1281424.36
Europe,Montenegro,Cereal,Online,M,06-03-2017,507423579,7/16/2017,6768,205.7,117.11,1392177.6,792600.48,599577.12
Sub-Saharan Africa,Rwanda,Cosmetics,Online,M,09-10-2013,805503690,10/20/2013,5297,437.2,263.33,2315848.4,1394859.01,920989.39
Sub-Saharan Africa,Cote d'Ivoire,Household,Offline,L,7/27/2011,770437133,7/29/2011,8323,668.27,502.54,5562011.21,4182640.42,1379370.79
Asia,Myanmar,Cereal,Online,H,2/24/2010,272585237,3/24/2010,2884,205.7,117.11,593238.8,337745.24,255493.56
Europe,Cyprus,Baby Food,Offline,M,5/23/2013,152621829,07-12-2013,3046,255.28,159.42,777582.88,485593.32,291989.56
Sub-Saharan Africa,Central African Republic,Beverages,Online,L,03-02-2011,871533238,3/19/2011,4907,47.45,31.79,232837.15,155993.53,76843.62
Sub-Saharan Africa,Tanzania,Vegetables,Online,H,05-04-2013,260618293,5/21/2013,1599,154.06,90.93,246341.94,145397.07,100944.87
Europe,Romania,Fruits,Online,L,9/13/2015,271488320,11-01-2015,8282,9.33,6.92,77271.06,57311.44,19959.62
Europe,Iceland,Fruits,Online,M,4/27/2011,226067149,6/15/2011,7148,9.33,6.92,66690.84,49464.16,17226.68
Europe,Norway,Cosmetics,Offline,M,1/15/2017,866591107,02-04-2017,2421,437.2,263.33,1058461.2,637521.93,420939.27
Australia and Oceania,Kiribati,Vegetables,Offline,C,9/15/2016,305609023,9/16/2016,5356,154.06,90.93,825145.36,487021.08,338124.28
Australia and Oceania,Nauru,Personal Care,Offline,C,5/14/2010,775982224,6/30/2010,9239,81.73,56.67,755103.47,523574.13,231529.34
Asia,Brunei,Beverages,Offline,M,6/27/2010,980884540,8/13/2010,4388,47.45,31.79,208210.6,139494.52,68716.08
Europe,Ukraine,Cereal,Offline,M,6/19/2015,143802297,6/23/2015,3150,205.7,117.11,647955,368896.5,279058.5
Middle East and North Africa,Yemen,Baby Food,Offline,M,5/24/2013,258534324,06-07-2013,4906,255.28,159.42,1252403.68,782114.52,470289.16
Australia and Oceania,Federated States of Micronesia,Cosmetics,Online,M,2/27/2016,239191949,3/30/2016,1068,437.2,263.33,466929.6,281236.44,185693.16
Central America and the Caribbean,Panama,Vegetables,Online,M,03-11-2010,870199000,03-11-2010,77,154.06,90.93,11862.62,7001.61,4861.01
Europe,Belgium,Snacks,Online,H,4/19/2013,756291806,5/18/2013,2407,152.58,97.44,367260.06,234538.08,132721.98
Europe,Austria,Office Supplies,Online,H,04-05-2010,372519195,4/18/2010,5563,651.21,524.96,3622681.23,2920352.48,702328.75
Sub-Saharan Africa,Seychelles ,Cosmetics,Online,L,3/20/2017,714242494,3/30/2017,9081,437.2,263.33,3970213.2,2391299.73,1578913.47
Central America and the Caribbean,Trinidad and Tobago,Household,Online,M,4/17/2017,147135531,05-07-2017,9528,668.27,502.54,6367276.56,4788201.12,1579075.44
Middle East and North Africa,Kuwait,Clothes,Offline,H,5/28/2017,257184636,5/29/2017,5504,109.28,35.84,601477.12,197263.36,404213.76
Europe,Lithuania,Beverages,Online,C,03-02-2014,900688636,03-06-2014,2637,47.45,31.79,125125.65,83830.23,41295.42
Asia,Philippines,Baby Food,Offline,C,10/31/2012,654258859,12-11-2012,8590,255.28,159.42,2192855.2,1369417.8,823437.4
Europe,San Marino,Cereal,Offline,L,12-08-2015,864819133,12/19/2015,8054,205.7,117.11,1656707.8,943203.94,713503.86
Central America and the Caribbean,Jamaica,Baby Food,Online,L,12-06-2011,699605786,01-05-2012,7754,255.28,159.42,1979441.12,1236142.68,743298.44
Asia,Indonesia,Household,Online,C,10/31/2016,296167647,12/18/2016,1443,668.27,502.54,964313.61,725165.22,239148.39
Asia,Malaysia,Clothes,Offline,H,06-11-2017,312366044,07-12-2017,4909,109.28,35.84,536455.52,175938.56,360516.96
Europe,Sweden,Baby Food,Offline,H,12/25/2012,576374804,1/27/2013,968,255.28,159.42,247111.04,154318.56,92792.48
Australia and Oceania,Tonga,Snacks,Offline,L,4/22/2011,536680257,5/13/2011,4469,152.58,97.44,681880.02,435459.36,246420.66
Central America and the Caribbean,Belize,Beverages,Offline,H,7/20/2017,612081229,09-08-2017,7292,47.45,31.79,346005.4,231812.68,114192.72
Middle East and North Africa,Iraq,Household,Online,L,3/13/2015,841689050,4/20/2015,3349,668.27,502.54,2238036.23,1683006.46,555029.77
Middle East and North Africa,Afghanistan,Office Supplies,Offline,L,4/19/2015,434927546,06-01-2015,3581,651.21,524.96,2331983.01,1879881.76,452101.25
Sub-Saharan Africa,Cameroon,Office Supplies,Offline,M,10/29/2014,921533048,12-02-2014,962,651.21,524.96,626464.02,505011.52,121452.5
Europe,Macedonia,Beverages,Offline,M,08-10-2015,301554381,8/29/2015,5498,47.45,31.79,260880.1,174781.42,86098.68
Sub-Saharan Africa,Namibia,Beverages,Online,C,12-12-2012,695352876,01-01-2013,9223,47.45,31.79,437631.35,293199.17,144432.18
Sub-Saharan Africa,Mali,Household,Online,L,08-06-2014,693602359,9/23/2014,1206,668.27,502.54,805933.62,606063.24,199870.38
Asia,Uzbekistan,Beverages,Online,L,3/17/2014,307289159,04-11-2014,2546,47.45,31.79,120807.7,80937.34,39870.36
Australia and Oceania,Tuvalu,Clothes,Online,C,4/16/2010,517712104,4/28/2010,1371,109.28,35.84,149822.88,49136.64,100686.24
Europe,Moldova ,Snacks,Offline,M,7/26/2017,126482522,8/31/2017,7844,152.58,97.44,1196837.52,764319.36,432518.16
Sub-Saharan Africa,Tanzania,Beverages,Online,L,03-04-2010,705524241,03-11-2010,9156,47.45,31.79,434452.2,291069.24,143382.96
Sub-Saharan Africa,Eritrea,Household,Online,M,4/24/2016,747073590,4/27/2016,4532,668.27,502.54,3028599.64,2277511.28,751088.36
Sub-Saharan Africa,Cape Verde,Clothes,Offline,L,1/16/2016,613679397,2/24/2016,226,109.28,35.84,24697.28,8099.84,16597.44
Europe,Ireland,Meat,Offline,H,03-12-2013,288202989,4/23/2013,4524,421.89,364.69,1908630.36,1649857.56,258772.8
Sub-Saharan Africa,Mauritius ,Meat,Offline,C,6/15/2016,723818194,7/13/2016,2743,421.89,364.69,1157244.27,1000344.67,156899.6
Sub-Saharan Africa,Togo,Beverages,Online,C,11-09-2012,694011342,12-05-2012,2233,47.45,31.79,105955.85,70987.07,34968.78
Australia and Oceania,Fiji,Cosmetics,Offline,C,01-01-2017,842581260,01-06-2017,7374,437.2,263.33,3223912.8,1941795.42,1282117.38
Asia,Philippines,Fruits,Online,H,04-07-2014,533639276,5/23/2014,4575,9.33,6.92,42684.75,31659,11025.75
Australia and Oceania,Samoa ,Meat,Online,L,01-08-2010,101609218,1/25/2010,7280,421.89,364.69,3071359.2,2654943.2,416416
Asia,China,Clothes,Online,H,9/15/2010,401227414,9/16/2010,963,109.28,35.84,105236.64,34513.92,70722.72
Asia,Taiwan,Cereal,Offline,M,6/17/2012,557542693,07-07-2012,8128,205.7,117.11,1671929.6,951870.08,720059.52
Australia and Oceania,Tonga,Fruits,Online,H,07-01-2012,215916383,07-08-2012,3311,9.33,6.92,30891.63,22912.12,7979.51
Sub-Saharan Africa,Guinea-Bissau,Cosmetics,Online,L,11/16/2012,892022311,12/20/2012,8079,437.2,263.33,3532138.8,2127443.07,1404695.73
Europe,United Kingdom,Office Supplies,Offline,H,9/20/2016,121846807,10/28/2016,6033,651.21,524.96,3928749.93,3167083.68,761666.25
Central America and the Caribbean,Saint Kitts and Nevis ,Snacks,Online,H,11-09-2016,911688697,12/20/2016,7800,152.58,97.44,1190124,760032,430092
Europe,Netherlands,Household,Online,M,10-04-2014,488159310,11-05-2014,6043,668.27,502.54,4038355.61,3036849.22,1001506.39
Central America and the Caribbean,Nicaragua,Clothes,Online,C,9/27/2016,648182475,11-02-2016,453,109.28,35.84,49503.84,16235.52,33268.32
Sub-Saharan Africa,Madagascar,Fruits,Offline,C,1/17/2015,108994519,2/28/2015,2755,9.33,6.92,25704.15,19064.6,6639.55
Australia and Oceania,Australia,Meat,Online,H,05-02-2014,358144271,5/28/2014,1703,421.89,364.69,718478.67,621067.07,97411.6
Sub-Saharan Africa,Sudan,Snacks,Online,H,10-04-2012,703493058,11-02-2012,8084,152.58,97.44,1233456.72,787704.96,445751.76
Australia and Oceania,Marshall Islands,Office Supplies,Offline,L,4/30/2013,523214709,5/30/2013,9714,651.21,524.96,6325853.94,5099461.44,1226392.5
Middle East and North Africa,Turkey,Vegetables,Online,M,7/17/2012,615795552,08-07-2012,6443,154.06,90.93,992608.58,585861.99,406746.59
Europe,Greece,Meat,Online,C,10-02-2011,950034415,11-03-2011,5150,421.89,364.69,2172733.5,1878153.5,294580
Sub-Saharan Africa,Comoros,Beverages,Online,C,5/13/2013,215042626,5/18/2013,4747,47.45,31.79,225245.15,150907.13,74338.02
Asia,Taiwan,Meat,Online,C,1/29/2017,770244014,2/23/2017,1175,421.89,364.69,495720.75,428510.75,67210
Europe,Bosnia and Herzegovina,Beverages,Offline,L,1/30/2016,995374906,03-05-2016,2409,47.45,31.79,114307.05,76582.11,37724.94
Europe,Iceland,Beverages,Offline,C,12/22/2015,240484130,01-08-2016,3453,47.45,31.79,163844.85,109770.87,54073.98
Europe,Denmark,Cereal,Offline,H,11/13/2015,175933015,12-03-2015,1344,205.7,117.11,276460.8,157395.84,119064.96
Central America and the Caribbean,Barbados,Cereal,Offline,L,2/18/2012,742395389,3/17/2012,148,205.7,117.11,30443.6,17332.28,13111.32
Europe,France,Fruits,Online,C,5/14/2017,600857579,6/23/2017,5965,9.33,6.92,55653.45,41277.8,14375.65
Europe,Germany,Baby Food,Online,M,2/23/2011,282618415,04-04-2011,1924,255.28,159.42,491158.72,306724.08,184434.64
Middle East and North Africa,Algeria,Household,Online,C,12/24/2011,839289224,1/23/2012,3187,668.27,502.54,2129776.49,1601594.98,528181.51
Sub-Saharan Africa,Burundi,Meat,Online,L,12-05-2012,692793834,1/22/2013,1946,421.89,364.69,820997.94,709686.74,111311.2
Sub-Saharan Africa,Madagascar,Meat,Offline,C,9/13/2015,585368573,10/27/2015,2424,421.89,364.69,1022661.36,884008.56,138652.8
Sub-Saharan Africa,Republic of the Congo,Baby Food,Offline,M,9/16/2011,429562270,9/23/2011,5876,255.28,159.42,1500025.28,936751.92,563273.36
Central America and the Caribbean,Costa Rica,Clothes,Online,C,2/21/2016,658236253,04-04-2016,5590,109.28,35.84,610875.2,200345.6,410529.6
Sub-Saharan Africa,Swaziland,Snacks,Offline,M,03-07-2011,874564349,4/17/2011,1881,152.58,97.44,287002.98,183284.64,103718.34
Asia,North Korea,Baby Food,Offline,C,5/14/2010,302032887,5/18/2010,7098,255.28,159.42,1811977.44,1131563.16,680414.28
Sub-Saharan Africa,Sierra Leone,Cereal,Online,H,12-10-2016,934440696,01-07-2017,622,205.7,117.11,127945.4,72842.42,55102.98
Asia,Brunei,Household,Offline,H,6/29/2012,785899102,7/16/2012,3864,668.27,502.54,2582195.28,1941814.56,640380.72
Central America and the Caribbean,Cuba,Meat,Offline,L,10-02-2013,640831935,10/18/2013,5265,421.89,364.69,2221250.85,1920092.85,301158
Europe,United Kingdom,Beverages,Offline,L,10/21/2015,903975522,11/21/2015,5300,47.45,31.79,251485,168487,82998
Middle East and North Africa,Lebanon,Meat,Offline,H,12/30/2010,250378692,01-08-2011,1474,421.89,364.69,621865.86,537553.06,84312.8
Sub-Saharan Africa,South Africa,Personal Care,Online,H,6/23/2015,575402772,07-03-2015,3322,81.73,56.67,271507.06,188257.74,83249.32
Middle East and North Africa,Bahrain,Meat,Offline,M,5/13/2012,244721591,06-12-2012,7412,421.89,364.69,3127048.68,2703082.28,423966.4
Central America and the Caribbean,Haiti,Vegetables,Offline,L,2/25/2016,844321477,3/26/2016,2343,154.06,90.93,360962.58,213048.99,147913.59
Asia,Uzbekistan,Meat,Offline,C,11/18/2015,430501258,11/27/2015,3744,421.89,364.69,1579556.16,1365399.36,214156.8
Central America and the Caribbean,Antigua and Barbuda ,Household,Online,M,10/19/2016,279872262,11/18/2016,9277,668.27,502.54,6199540.79,4662063.58,1537477.21
Asia,North Korea,Cosmetics,Offline,C,11/17/2013,839358317,12/30/2013,3633,437.2,263.33,1588347.6,956677.89,631669.71
Sub-Saharan Africa,Djibouti,Household,Online,M,9/15/2010,376195752,9/25/2010,3538,668.27,502.54,2364339.26,1777986.52,586352.74
Asia,Maldives,Cosmetics,Offline,M,9/26/2015,827933394,11-01-2015,2745,437.2,263.33,1200114,722840.85,477273.15
Europe,Portugal,Fruits,Online,M,10-06-2015,152432572,11-09-2015,7040,9.33,6.92,65683.2,48716.8,16966.4
Central America and the Caribbean,Saint Lucia,Clothes,Offline,H,01-03-2010,877867114,01-12-2010,9242,109.28,35.84,1009965.76,331233.28,678732.48
Europe,Austria,Cereal,Offline,M,11/25/2013,652723348,12/23/2013,4198,205.7,117.11,863528.6,491627.78,371900.82
Europe,Moldova ,Beverages,Offline,M,06-06-2017,795800101,7/22/2017,3789,47.45,31.79,179788.05,120452.31,59335.74
Asia,Brunei,Meat,Offline,C,8/26/2011,446208703,9/26/2011,1926,421.89,364.69,812560.14,702392.94,110167.2
Europe,Georgia,Office Supplies,Online,C,03-12-2015,613372981,4/21/2015,9550,651.21,524.96,6219055.5,5013368,1205687.5
Sub-Saharan Africa,Burundi,Household,Offline,M,6/13/2017,127029263,7/26/2017,9637,668.27,502.54,6440117.99,4842977.98,1597140.01
Central America and the Caribbean,El Salvador,Clothes,Offline,M,09-03-2012,587226378,10/21/2012,2190,109.28,35.84,239323.2,78489.6,160833.6
Central America and the Caribbean,Grenada,Personal Care,Online,C,4/30/2011,514325654,5/27/2011,9245,81.73,56.67,755593.85,523914.15,231679.7
Central America and the Caribbean,Cuba,Vegetables,Online,M,7/29/2013,299000918,09-08-2013,9871,154.06,90.93,1520726.26,897570.03,623156.23
Europe,Cyprus,Snacks,Offline,M,1/27/2013,852238500,02-06-2013,5166,152.58,97.44,788228.28,503375.04,284853.24
Australia and Oceania,Tonga,Cereal,Online,C,11/28/2015,455337226,1/17/2016,3259,205.7,117.11,670376.3,381661.49,288714.81
Central America and the Caribbean,Saint Kitts and Nevis ,Snacks,Offline,M,1/30/2014,609908425,03-03-2014,4311,152.58,97.44,657772.38,420063.84,237708.54
Sub-Saharan Africa,Equatorial Guinea,Snacks,Offline,L,01-07-2012,187875926,1/27/2012,5516,152.58,97.44,841631.28,537479.04,304152.24
Central America and the Caribbean,Haiti,Household,Online,L,3/17/2015,381476056,4/27/2015,6097,668.27,502.54,4074442.19,3063986.38,1010455.81
Asia,Bhutan,Cereal,Offline,H,04-11-2011,653257644,4/19/2011,2308,205.7,117.11,474755.6,270289.88,204465.72
North America,Greenland,Vegetables,Offline,L,8/19/2011,986082017,8/20/2011,2437,154.06,90.93,375444.22,221596.41,153847.81
Middle East and North Africa,Pakistan,Cereal,Offline,L,5/20/2017,533123004,6/25/2017,1799,205.7,117.11,370054.3,210680.89,159373.41
Australia and Oceania,Palau,Office Supplies,Offline,C,7/27/2015,767866933,09-06-2015,7744,651.21,524.96,5042970.24,4065290.24,977680
Asia,Kyrgyzstan,Snacks,Offline,H,3/19/2013,534112632,4/22/2013,4652,152.58,97.44,709802.16,453290.88,256511.28
Sub-Saharan Africa,Central African Republic,Office Supplies,Offline,L,11-03-2010,995971429,12/19/2010,8933,651.21,524.96,5817258.93,4689467.68,1127791.25
Europe,Netherlands,Fruits,Offline,M,10/26/2013,687867152,12-12-2013,4031,9.33,6.92,37609.23,27894.52,9714.71
Sub-Saharan Africa,Kenya,Vegetables,Offline,M,06-12-2013,464536130,6/30/2013,5419,154.06,90.93,834851.14,492749.67,342101.47
Central America and the Caribbean,The Bahamas,Clothes,Offline,C,06-08-2013,351027190,07-09-2013,5601,109.28,35.84,612077.28,200739.84,411337.44
Europe,United Kingdom,Cosmetics,Online,M,12/30/2010,892701661,1/20/2011,9114,437.2,263.33,3984640.8,2399989.62,1584651.18
Sub-Saharan Africa,Mauritius ,Household,Offline,H,10-05-2015,905233371,10/13/2015,7526,668.27,502.54,5029400.02,3782116.04,1247283.98
Europe,Russia,Personal Care,Online,M,9/15/2015,624608647,10/15/2015,4434,81.73,56.67,362390.82,251274.78,111116.04
Sub-Saharan Africa,Uganda,Beverages,Offline,L,3/27/2011,357126319,04-06-2011,469,47.45,31.79,22254.05,14909.51,7344.54
Europe,Malta,Baby Food,Offline,L,5/23/2011,929397714,6/27/2011,8292,255.28,159.42,2116781.76,1321910.64,794871.12
Sub-Saharan Africa,Equatorial Guinea,Office Supplies,Online,L,12-02-2014,538346660,01-02-2015,7595,651.21,524.96,4945939.95,3987071.2,958868.75
Europe,Monaco,Meat,Offline,M,1/22/2014,601209485,2/27/2014,102,421.89,364.69,43032.78,37198.38,5834.4
Europe,Spain,Personal Care,Offline,M,6/21/2013,805535018,7/19/2013,4567,81.73,56.67,373260.91,258811.89,114449.02
Sub-Saharan Africa,Mali,Baby Food,Online,C,4/25/2011,459184587,06-11-2011,1778,255.28,159.42,453887.84,283448.76,170439.08
Central America and the Caribbean,Honduras,Snacks,Offline,H,08-04-2010,740332019,8/24/2010,9551,152.58,97.44,1457291.58,930649.44,526642.14
Asia,Mongolia,Cosmetics,Offline,L,5/17/2015,647463643,6/29/2015,7735,437.2,263.33,3381742,2036857.55,1344884.45
Sub-Saharan Africa,The Gambia,Baby Food,Offline,C,11/13/2011,149378287,12/25/2011,3210,255.28,159.42,819448.8,511738.2,307710.6
Asia,Malaysia,Vegetables,Online,C,1/21/2010,635187280,02-02-2010,4886,154.06,90.93,752737.16,444283.98,308453.18
Sub-Saharan Africa,Senegal,Cereal,Online,L,3/18/2017,864314448,4/23/2017,8707,205.7,117.11,1791029.9,1019676.77,771353.13
Sub-Saharan Africa,Mozambique,Snacks,Online,M,5/14/2011,116496121,5/21/2011,2646,152.58,97.44,403726.68,257826.24,145900.44
Asia,Mongolia,Office Supplies,Online,M,04-12-2013,441781127,4/22/2013,1708,651.21,524.96,1112266.68,896631.68,215635
Central America and the Caribbean,Panama,Office Supplies,Online,L,6/25/2014,810530793,08-05-2014,2928,651.21,524.96,1906742.88,1537082.88,369660
Sub-Saharan Africa,Sierra Leone,Vegetables,Offline,C,05-07-2011,263418948,06-11-2011,375,154.06,90.93,57772.5,34098.75,23673.75
Asia,Kyrgyzstan,Clothes,Offline,H,6/21/2016,161431920,7/30/2016,147,109.28,35.84,16064.16,5268.48,10795.68
Sub-Saharan Africa,Sudan,Beverages,Online,C,01-01-2017,135868537,02-11-2017,5374,47.45,31.79,254996.3,170839.46,84156.84
Sub-Saharan Africa,Togo,Fruits,Online,M,4/20/2016,338340127,5/30/2016,1217,9.33,6.92,11354.61,8421.64,2932.97
Asia,South Korea,Beverages,Offline,M,01-04-2015,990770518,1/28/2015,9868,47.45,31.79,468236.6,313703.72,154532.88
Middle East and North Africa,Kuwait,Cereal,Offline,L,10/31/2014,135396039,12/15/2014,5552,205.7,117.11,1142046.4,650194.72,491851.68
Central America and the Caribbean,The Bahamas,Beverages,Offline,M,10-01-2014,384765517,11-12-2014,9522,47.45,31.79,451818.9,302704.38,149114.52
Middle East and North Africa,Yemen,Cosmetics,Offline,C,10/24/2014,371740281,11-10-2014,5065,437.2,263.33,2214418,1333766.45,880651.55
Sub-Saharan Africa,Mozambique,Baby Food,Online,L,05-06-2012,599494159,5/19/2012,2499,255.28,159.42,637944.72,398390.58,239554.14
Central America and the Caribbean,Saint Lucia,Cosmetics,Offline,M,4/25/2013,291513478,5/28/2013,4171,437.2,263.33,1823561.2,1098349.43,725211.77
Europe,Vatican City,Office Supplies,Online,C,5/22/2013,541597068,06-11-2013,9463,651.21,524.96,6162400.23,4967696.48,1194703.75
Asia,Vietnam,Office Supplies,Offline,M,11/16/2016,263856256,12/17/2016,9784,651.21,524.96,6371438.64,5136208.64,1235230
Central America and the Caribbean,Dominica,Snacks,Online,H,3/20/2010,242714869,3/28/2010,3578,152.58,97.44,545931.24,348640.32,197290.92
Sub-Saharan Africa,Mali,Cereal,Online,L,3/17/2011,882909238,3/28/2011,1319,205.7,117.11,271318.3,154468.09,116850.21
Middle East and North Africa,Iraq,Clothes,Online,L,3/16/2012,859488189,4/20/2012,510,109.28,35.84,55732.8,18278.4,37454.4
Australia and Oceania,Marshall Islands,Cosmetics,Online,C,3/17/2014,267813050,4/24/2014,688,437.2,263.33,300793.6,181171.04,119622.56
Sub-Saharan Africa,Equatorial Guinea,Personal Care,Online,L,6/26/2015,173557651,7/15/2015,8420,81.73,56.67,688166.6,477161.4,211005.2
Asia,Nepal,Cosmetics,Offline,M,5/17/2015,362708318,6/23/2015,2306,437.2,263.33,1008183.2,607238.98,400944.22
Australia and Oceania,Fiji,Cosmetics,Online,M,6/29/2010,691563880,08-11-2010,7975,437.2,263.33,3486670,2100056.75,1386613.25
Asia,Kyrgyzstan,Personal Care,Offline,M,09-02-2013,636735665,10/19/2013,3088,81.73,56.67,252382.24,174996.96,77385.28
Sub-Saharan Africa,Cameroon,Office Supplies,Offline,M,4/17/2012,645147502,4/18/2012,2337,651.21,524.96,1521877.77,1226831.52,295046.25
Sub-Saharan Africa,Uganda,Personal Care,Online,L,07-12-2017,784035718,7/30/2017,2447,81.73,56.67,199993.31,138671.49,61321.82
Middle East and North Africa,Israel,Snacks,Offline,H,02-11-2015,290949141,02-12-2015,7171,152.58,97.44,1094151.18,698742.24,395408.94
Sub-Saharan Africa,Zimbabwe,Baby Food,Online,C,7/22/2014,723749101,08-06-2014,2297,255.28,159.42,586378.16,366187.74,220190.42
Sub-Saharan Africa,Sao Tome and Principe,Household,Offline,H,1/29/2015,110609424,02-12-2015,641,668.27,502.54,428361.07,322128.14,106232.93
Central America and the Caribbean,Saint Vincent and the Grenadines,Meat,Offline,M,12/19/2016,600016438,01-01-2017,7053,421.89,364.69,2975590.17,2572158.57,403431.6
Europe,Georgia,Baby Food,Online,H,3/17/2010,810768973,04-06-2010,3411,255.28,159.42,870760.08,543781.62,326978.46
Sub-Saharan Africa,Uganda,Meat,Offline,M,2/25/2016,781978356,2/26/2016,3628,421.89,364.69,1530616.92,1323095.32,207521.6
Central America and the Caribbean,Jamaica,Meat,Offline,H,7/24/2015,623068416,08-07-2015,8645,421.89,364.69,3647239.05,3152745.05,494494
Sub-Saharan Africa,Djibouti,Cosmetics,Online,L,12/21/2012,963775479,1/20/2013,1436,437.2,263.33,627819.2,378141.88,249677.32
Sub-Saharan Africa,Nigeria,Snacks,Offline,M,3/20/2010,704148375,3/24/2010,2007,152.58,97.44,306228.06,195562.08,110665.98
Europe,Montenegro,Office Supplies,Offline,C,03-06-2010,164548432,3/18/2010,2393,651.21,524.96,1558345.53,1256229.28,302116.25
Europe,Macedonia,Cosmetics,Offline,M,01-09-2013,635649478,1/20/2013,1661,437.2,263.33,726189.2,437391.13,288798.07
Central America and the Caribbean,Barbados,Beverages,Online,M,5/31/2012,328437840,6/25/2012,910,47.45,31.79,43179.5,28928.9,14250.6
Asia,Kazakhstan,Personal Care,Offline,C,06-05-2014,224212348,6/19/2014,8271,81.73,56.67,675988.83,468717.57,207271.26
Australia and Oceania,Australia,Baby Food,Online,L,1/26/2011,924584329,1/31/2011,3904,255.28,159.42,996613.12,622375.68,374237.44
Central America and the Caribbean,Saint Kitts and Nevis ,Snacks,Offline,C,05-03-2014,401477611,5/14/2014,5002,152.58,97.44,763205.16,487394.88,275810.28
North America,United States of America,Snacks,Offline,H,7/30/2014,747128522,08-05-2014,787,152.58,97.44,120080.46,76685.28,43395.18
Europe,Ireland,Meat,Online,L,7/23/2014,524085891,7/30/2014,7516,421.89,364.69,3170925.24,2741010.04,429915.2
Sub-Saharan Africa,The Gambia,Vegetables,Online,M,7/17/2010,615211045,8/26/2010,3474,154.06,90.93,535204.44,315890.82,219313.62
Sub-Saharan Africa,Cape Verde,Snacks,Offline,L,3/20/2011,173677814,04-11-2011,3979,152.58,97.44,607115.82,387713.76,219402.06
Asia,Nepal,Cosmetics,Offline,H,03-07-2011,672972524,04-09-2011,6380,437.2,263.33,2789336,1680045.4,1109290.6
Middle East and North Africa,Tunisia ,Clothes,Offline,L,6/21/2017,956894004,7/31/2017,5055,109.28,35.84,552410.4,181171.2,371239.2
Europe,Germany,Clothes,Offline,L,6/17/2015,389553582,07-10-2015,6417,109.28,35.84,701249.76,229985.28,471264.48
Australia and Oceania,Tonga,Cosmetics,Offline,L,07-09-2010,205375087,07-12-2010,3907,437.2,263.33,1708140.4,1028830.31,679310.09
Central America and the Caribbean,Grenada,Cosmetics,Online,H,8/29/2016,359094846,09-10-2016,3000,437.2,263.33,1311600,789990,521610
Asia,Laos,Personal Care,Online,H,11/19/2014,875761687,12-09-2014,6199,81.73,56.67,506644.27,351297.33,155346.94
Asia,Thailand,Vegetables,Offline,C,7/15/2017,500736939,7/27/2017,8043,154.06,90.93,1239104.58,731349.99,507754.59
Australia and Oceania,Australia,Fruits,Offline,H,7/17/2011,749694430,7/28/2011,97,9.33,6.92,905.01,671.24,233.77
Europe,San Marino,Baby Food,Online,L,2/28/2015,958620488,03-01-2015,5960,255.28,159.42,1521468.8,950143.2,571325.6
Middle East and North Africa,Pakistan,Fruits,Offline,L,8/28/2013,533813941,09-04-2013,6263,9.33,6.92,58433.79,43339.96,15093.83
Europe,Romania,Meat,Online,M,1/26/2016,301886117,02-11-2016,3665,421.89,364.69,1546226.85,1336588.85,209638
Sub-Saharan Africa,Uganda,Fruits,Offline,C,7/27/2013,259760844,7/30/2013,7861,9.33,6.92,73343.13,54398.12,18945.01
Asia,Uzbekistan,Beverages,Online,H,7/18/2013,924674451,7/26/2013,573,47.45,31.79,27188.85,18215.67,8973.18
Asia,Vietnam,Beverages,Online,C,1/31/2013,184175765,02-07-2013,557,47.45,31.79,26429.65,17707.03,8722.62
Sub-Saharan Africa,Liberia,Fruits,Online,H,05-05-2010,946126115,6/16/2010,8597,9.33,6.92,80210.01,59491.24,20718.77
Europe,Georgia,Vegetables,Online,H,11/25/2015,788699328,01-03-2016,2513,154.06,90.93,387152.78,228507.09,158645.69
Australia and Oceania,Solomon Islands,Cosmetics,Offline,H,02-07-2011,510381734,3/21/2011,2152,437.2,263.33,940854.4,566686.16,374168.24
Middle East and North Africa,Oman,Clothes,Offline,M,6/15/2012,979972159,7/15/2012,4394,109.28,35.84,480176.32,157480.96,322695.36
Europe,Spain,Baby Food,Online,H,10/17/2014,886581933,12-03-2014,8151,255.28,159.42,2080787.28,1299432.42,781354.86
Sub-Saharan Africa,Angola,Snacks,Online,L,3/29/2010,789634883,4/23/2010,9364,152.58,97.44,1428759.12,912428.16,516330.96
Europe,Lithuania,Beverages,Offline,H,09-12-2014,868867337,9/20/2014,6008,47.45,31.79,285079.6,190994.32,94085.28
Sub-Saharan Africa,Senegal,Cereal,Online,M,1/22/2011,474328124,2/23/2011,3087,205.7,117.11,634995.9,361518.57,273477.33
Asia,Bangladesh,Snacks,Offline,M,7/26/2013,376378571,09-04-2013,7638,152.58,97.44,1165406.04,744246.72,421159.32
Middle East and North Africa,Saudi Arabia,Snacks,Online,L,1/13/2011,515692508,02-01-2011,3728,152.58,97.44,568818.24,363256.32,205561.92
Sub-Saharan Africa,Niger,Office Supplies,Offline,H,1/18/2016,453256261,02-04-2016,7455,651.21,524.96,4854770.55,3913576.8,941193.75
Europe,Russia,Cereal,Offline,L,10-04-2015,720368659,10/24/2015,1949,205.7,117.11,400909.3,228247.39,172661.91
Sub-Saharan Africa,Chad,Baby Food,Offline,H,07-11-2013,568641030,08-08-2013,2372,255.28,159.42,605524.16,378144.24,227379.92
Europe,Slovakia,Personal Care,Offline,M,7/26/2017,219997203,8/24/2017,916,81.73,56.67,74864.68,51909.72,22954.96
Sub-Saharan Africa,Benin,Snacks,Offline,L,06-09-2014,416673505,07-04-2014,1804,152.58,97.44,275254.32,175781.76,99472.56
Europe,Romania,Beverages,Offline,L,09-11-2010,171218764,9/15/2010,6292,47.45,31.79,298555.4,200022.68,98532.72
Asia,Brunei,Clothes,Online,M,12/17/2013,816494309,01-06-2014,7665,109.28,35.84,837631.2,274713.6,562917.6
Sub-Saharan Africa,Mozambique,Office Supplies,Online,M,12/26/2013,155673968,01-08-2014,6241,651.21,524.96,4064201.61,3276275.36,787926.25
Europe,Bosnia and Herzegovina,Meat,Offline,M,9/26/2016,112244069,11-05-2016,4369,421.89,364.69,1843237.41,1593330.61,249906.8
Middle East and North Africa,Syria,Beverages,Offline,H,4/23/2010,880003440,06-03-2010,1428,47.45,31.79,67758.6,45396.12,22362.48
Europe,Estonia,Vegetables,Offline,C,2/27/2014,473063409,3/21/2014,8830,154.06,90.93,1360349.8,802911.9,557437.9
Central America and the Caribbean,Saint Vincent and the Grenadines,Vegetables,Offline,H,9/22/2014,575847804,10/22/2014,5017,154.06,90.93,772919.02,456195.81,316723.21
Middle East and North Africa,Azerbaijan,Meat,Online,C,8/29/2014,693092954,9/17/2014,462,421.89,364.69,194913.18,168486.78,26426.4
Middle East and North Africa,Oman,Fruits,Offline,M,11/21/2013,399847686,12/29/2013,2671,9.33,6.92,24920.43,18483.32,6437.11
Asia,Malaysia,Snacks,Online,H,5/31/2013,691473329,7/14/2013,1179,152.58,97.44,179891.82,114881.76,65010.06
Europe,Hungary,Snacks,Offline,M,07-03-2011,833643710,08-07-2011,2554,152.58,97.44,389689.32,248861.76,140827.56
Central America and the Caribbean,Panama,Cereal,Offline,M,1/25/2015,612345159,2/16/2015,5395,205.7,117.11,1109751.5,631808.45,477943.05
Sub-Saharan Africa,Lesotho,Cereal,Offline,C,2/25/2013,783876502,2/28/2013,5331,205.7,117.11,1096586.7,624313.41,472273.29
Central America and the Caribbean,Saint Kitts and Nevis ,Household,Offline,L,01-05-2011,824849069,2/17/2011,24,668.27,502.54,16038.48,12060.96,3977.52
Europe,Kosovo,Beverages,Online,H,03-07-2011,282186686,4/14/2011,4166,47.45,31.79,197676.7,132437.14,65239.56
Asia,Uzbekistan,Personal Care,Online,C,04-03-2017,123125684,04-08-2017,4481,81.73,56.67,366232.13,253938.27,112293.86
Europe,Germany,Household,Online,M,12/18/2014,485214889,02-02-2015,4723,668.27,502.54,3156239.21,2373496.42,782742.79
Europe,Moldova ,Snacks,Online,L,10/27/2013,226315629,11/21/2013,679,152.58,97.44,103601.82,66161.76,37440.06
Asia,Taiwan,Snacks,Online,L,1/18/2013,974601733,03-06-2013,5166,152.58,97.44,788228.28,503375.04,284853.24
Asia,Malaysia,Cereal,Offline,L,12-06-2012,378559529,01-02-2013,3032,205.7,117.11,623682.4,355077.52,268604.88
Europe,Finland,Vegetables,Online,M,1/13/2011,656987845,02-04-2011,6158,154.06,90.93,948701.48,559946.94,388754.54
Sub-Saharan Africa,Seychelles ,Clothes,Offline,H,7/21/2013,948998010,09-09-2013,8455,109.28,35.84,923962.4,303027.2,620935.2
Australia and Oceania,New Zealand,Beverages,Online,C,5/26/2016,464013850,06-12-2016,865,47.45,31.79,41044.25,27498.35,13545.9
Sub-Saharan Africa,Sao Tome and Principe,Beverages,Offline,H,7/17/2016,731771695,8/31/2016,6361,47.45,31.79,301829.45,202216.19,99613.26
Asia,Vietnam,Cereal,Offline,C,10/21/2015,652320373,11/30/2015,4949,205.7,117.11,1018009.3,579577.39,438431.91
Europe,Estonia,Meat,Offline,M,1/28/2017,546021211,2/22/2017,8665,421.89,364.69,3655676.85,3160038.85,495638
Europe,Cyprus,Fruits,Offline,C,12-12-2012,803548038,12/21/2012,6576,9.33,6.92,61354.08,45505.92,15848.16
Sub-Saharan Africa,South Africa,Cosmetics,Online,C,3/23/2012,535887181,04-08-2012,9780,437.2,263.33,4275816,2575367.4,1700448.6
Middle East and North Africa,Bahrain,Vegetables,Offline,M,06-02-2013,724337470,06-09-2013,6409,154.06,90.93,987370.54,582770.37,404600.17
Middle East and North Africa,United Arab Emirates,Vegetables,Offline,H,02-07-2016,170510232,2/15/2016,6622,154.06,90.93,1020185.32,602138.46,418046.86
Central America and the Caribbean,Guatemala,Cereal,Offline,L,2/16/2017,446329295,3/18/2017,7612,205.7,117.11,1565788.4,891441.32,674347.08
North America,United States of America,Cosmetics,Offline,C,06-02-2014,944030988,06-02-2014,8603,437.2,263.33,3761231.6,2265427.99,1495803.61
Sub-Saharan Africa,Mauritius ,Cosmetics,Online,L,9/27/2010,226164138,10/30/2010,5849,437.2,263.33,2557182.8,1540217.17,1016965.63
Asia,Japan,Meat,Offline,L,07-01-2017,975590074,07-07-2017,7637,421.89,364.69,3221973.93,2785137.53,436836.4
Middle East and North Africa,Pakistan,Clothes,Offline,H,02-02-2013,545482623,03-11-2013,9285,109.28,35.84,1014664.8,332774.4,681890.4
Europe,Armenia,Cereal,Offline,C,11-02-2014,409328114,11-05-2014,8140,205.7,117.11,1674398,953275.4,721122.6
Europe,Sweden,Beverages,Online,L,8/17/2014,310925376,09-10-2014,8583,47.45,31.79,407263.35,272853.57,134409.78
Asia,Maldives,Fruits,Online,L,12/23/2012,514385735,1/21/2013,7025,9.33,6.92,65543.25,48613,16930.25
Central America and the Caribbean,Cuba,Vegetables,Online,M,04-07-2015,454133021,5/15/2015,6908,154.06,90.93,1064246.48,628144.44,436102.04
Europe,Serbia,Cosmetics,Online,H,10-10-2012,984903562,11/13/2012,3705,437.2,263.33,1619826,975637.65,644188.35
Central America and the Caribbean,Panama,Household,Offline,M,10/20/2016,331746184,11/27/2016,9923,668.27,502.54,6631243.21,4986704.42,1644538.79
Sub-Saharan Africa,Liberia,Household,Offline,L,12/24/2016,840022218,1/26/2017,96,668.27,502.54,64153.92,48243.84,15910.08
Asia,Mongolia,Cereal,Online,M,5/15/2015,425405490,6/26/2015,5793,205.7,117.11,1191620.1,678418.23,513201.87
Central America and the Caribbean,Antigua and Barbuda ,Personal Care,Online,M,02-03-2015,223882329,02-03-2015,611,81.73,56.67,49937.03,34625.37,15311.66
Central America and the Caribbean,Haiti,Clothes,Online,H,7/21/2016,541751563,8/22/2016,5181,109.28,35.84,566179.68,185687.04,380492.64
Central America and the Caribbean,Costa Rica,Cereal,Online,H,8/25/2013,405624520,9/19/2013,2164,205.7,117.11,445134.8,253426.04,191708.76
Asia,Uzbekistan,Vegetables,Offline,M,09-11-2012,712425029,9/15/2012,1253,154.06,90.93,193037.18,113935.29,79101.89
Sub-Saharan Africa,Togo,Personal Care,Online,H,07-04-2013,179389417,7/13/2013,4170,81.73,56.67,340814.1,236313.9,104500.2
Sub-Saharan Africa,Rwanda,Vegetables,Offline,L,03-04-2013,294066512,3/20/2013,9671,154.06,90.93,1489914.26,879384.03,610530.23
Sub-Saharan Africa,Nigeria,Clothes,Offline,M,06-01-2017,364317643,6/16/2017,8541,109.28,35.84,933360.48,306109.44,627251.04
Middle East and North Africa,Afghanistan,Cereal,Offline,H,02-08-2014,668316638,3/16/2014,8600,205.7,117.11,1769020,1007146,761874
Australia and Oceania,Fiji,Vegetables,Offline,H,11/18/2014,204549825,12-07-2014,9694,154.06,90.93,1493457.64,881475.42,611982.22
Sub-Saharan Africa,Equatorial Guinea,Household,Offline,H,07-08-2013,741816031,8/23/2013,8703,668.27,502.54,5815953.81,4373605.62,1442348.19
Australia and Oceania,Tuvalu,Clothes,Offline,L,06-07-2012,969226586,6/16/2012,4540,109.28,35.84,496131.2,162713.6,333417.6
Europe,Vatican City,Clothes,Online,H,4/27/2011,546205317,06-08-2011,3146,109.28,35.84,343794.88,112752.64,231042.24
Asia,South Korea,Cosmetics,Online,M,12-06-2010,552488553,1/13/2011,2495,437.2,263.33,1090814,657008.35,433805.65
Sub-Saharan Africa,Cape Verde,Beverages,Offline,M,11/18/2016,338125121,12/19/2016,7592,47.45,31.79,360240.4,241349.68,118890.72
Europe,Monaco,Office Supplies,Offline,L,2/16/2013,673476350,03-05-2013,5473,651.21,524.96,3564072.33,2873106.08,690966.25
Sub-Saharan Africa,Benin,Office Supplies,Online,C,03-12-2011,599216067,4/13/2011,205,651.21,524.96,133498.05,107616.8,25881.25
Sub-Saharan Africa,Botswana,Fruits,Online,H,02-05-2016,576330602,2/28/2016,7887,9.33,6.92,73585.71,54578.04,19007.67
Asia,Thailand,Vegetables,Online,C,12/26/2014,236118781,1/22/2015,1649,154.06,90.93,254044.94,149943.57,104101.37
Central America and the Caribbean,Cuba,Baby Food,Offline,M,3/23/2011,630191934,05-07-2011,6652,255.28,159.42,1698122.56,1060461.84,637660.72
Australia and Oceania,Tonga,Office Supplies,Online,L,01-09-2013,180473887,1/21/2013,5089,651.21,524.96,3314007.69,2671521.44,642486.25
Middle East and North Africa,Kuwait,Clothes,Offline,H,07-08-2014,529200971,08-10-2014,1182,109.28,35.84,129168.96,42362.88,86806.08
Europe,Monaco,Cosmetics,Offline,M,09-08-2014,688922011,10/23/2014,6187,437.2,263.33,2704956.4,1629222.71,1075733.69
Sub-Saharan Africa,Namibia,Personal Care,Offline,H,7/31/2013,192498338,7/31/2013,3391,81.73,56.67,277146.43,192167.97,84978.46
Sub-Saharan Africa,Swaziland,Beverages,Offline,M,02-06-2016,443103778,3/20/2016,3109,47.45,31.79,147522.05,98835.11,48686.94
Asia,China,Baby Food,Online,L,1/21/2013,664224660,2/14/2013,7692,255.28,159.42,1963613.76,1226258.64,737355.12
Asia,India,Personal Care,Offline,L,04-12-2015,149659812,5/21/2015,6519,81.73,56.67,532797.87,369431.73,163366.14
Central America and the Caribbean,Dominican Republic,Office Supplies,Online,C,12-01-2011,513520562,1/13/2012,1001,651.21,524.96,651861.21,525484.96,126376.25
Sub-Saharan Africa,Kenya,Cereal,Offline,M,2/19/2012,740230739,3/19/2012,9580,205.7,117.11,1970606,1121913.8,848692.2
Central America and the Caribbean,Belize,Cereal,Online,M,01-04-2011,334526669,01-09-2011,2730,205.7,117.11,561561,319710.3,241850.7
Europe,Croatia,Beverages,Offline,M,1/18/2016,671457183,02-06-2016,7957,47.45,31.79,377559.65,252953.03,124606.62
Europe,Albania,Snacks,Online,M,02-03-2013,946383607,03-03-2013,4795,152.58,97.44,731621.1,467224.8,264396.3
Asia,Laos,Fruits,Online,H,7/27/2015,424979770,8/26/2015,9813,9.33,6.92,91555.29,67905.96,23649.33
Middle East and North Africa,Somalia,Fruits,Online,C,3/27/2015,693231999,05-01-2015,1609,9.33,6.92,15011.97,11134.28,3877.69
Sub-Saharan Africa,Chad,Cosmetics,Online,C,4/14/2016,707439124,5/27/2016,5813,437.2,263.33,2541443.6,1530737.29,1010706.31
Europe,Albania,Beverages,Offline,H,5/27/2016,844212472,06-11-2016,86,47.45,31.79,4080.7,2733.94,1346.76
Middle East and North Africa,Algeria,Meat,Online,M,7/17/2010,650475871,7/20/2010,9120,421.89,364.69,3847636.8,3325972.8,521664
Europe,Moldova ,Snacks,Offline,L,6/14/2017,193465650,07-04-2017,9640,152.58,97.44,1470871.2,939321.6,531549.6
Central America and the Caribbean,Dominican Republic,Clothes,Offline,L,4/15/2015,510730636,05-03-2015,5400,109.28,35.84,590112,193536,396576
Asia,Bhutan,Beverages,Online,L,7/23/2013,460132157,08-04-2013,2185,47.45,31.79,103678.25,69461.15,34217.1
Europe,Netherlands,Cosmetics,Online,L,6/30/2011,769844043,07-07-2011,2815,437.2,263.33,1230718,741273.95,489444.05
Central America and the Caribbean,The Bahamas,Beverages,Online,H,12-11-2016,888352620,12/29/2016,2136,47.45,31.79,101353.2,67903.44,33449.76
Europe,Kosovo,Snacks,Offline,L,05-01-2012,334456717,05-03-2012,2030,152.58,97.44,309737.4,197803.2,111934.2
Sub-Saharan Africa,Sudan,Cosmetics,Offline,M,06-06-2011,947267663,07-03-2011,6407,437.2,263.33,2801140.4,1687155.31,1113985.09
Europe,Georgia,Office Supplies,Offline,C,2/21/2010,136209285,04-11-2010,6209,651.21,524.96,4043362.89,3259476.64,783886.25
Asia,India,Clothes,Online,H,01-04-2013,331017911,02-11-2013,4411,109.28,35.84,482034.08,158090.24,323943.84
Europe,Switzerland,Personal Care,Online,C,4/18/2014,431742370,4/21/2014,1016,81.73,56.67,83037.68,57576.72,25460.96
Europe,Belgium,Clothes,Offline,H,11/15/2016,758743989,12-01-2016,8062,109.28,35.84,881015.36,288942.08,592073.28
Europe,Armenia,Meat,Offline,L,05-06-2013,802696597,06-11-2013,4616,421.89,364.69,1947444.24,1683409.04,264035.2
Middle East and North Africa,Somalia,Personal Care,Online,L,07-05-2012,574586522,08-11-2012,1775,81.73,56.67,145070.75,100589.25,44481.5
Europe,France,Cosmetics,Online,H,11/19/2012,155712592,12/18/2012,7671,437.2,263.33,3353761.2,2020004.43,1333756.77
Sub-Saharan Africa,Angola,Beverages,Online,H,1/14/2014,147686135,2/22/2014,2464,47.45,31.79,116916.8,78330.56,38586.24
Central America and the Caribbean,Panama,Personal Care,Offline,M,10/27/2012,322430980,11/23/2012,3347,81.73,56.67,273550.31,189674.49,83875.82
Central America and the Caribbean,Guatemala,Household,Online,C,9/25/2014,972183454,10/17/2014,9543,668.27,502.54,6377300.61,4795739.22,1581561.39
Europe,Croatia,Baby Food,Offline,C,12/19/2014,659492385,1/26/2015,7307,255.28,159.42,1865330.96,1164881.94,700449.02
Europe,Ireland,Beverages,Offline,H,05-10-2017,267219102,05-11-2017,4925,47.45,31.79,233691.25,156565.75,77125.5
Sub-Saharan Africa,Mauritius ,Snacks,Online,L,06-10-2015,748537433,07-10-2015,7715,152.58,97.44,1177154.7,751749.6,425405.1
North America,Greenland,Cosmetics,Online,L,5/26/2011,876933705,5/28/2011,3026,437.2,263.33,1322967.2,796836.58,526130.62
Sub-Saharan Africa,Mauritius ,Cosmetics,Offline,C,04-04-2012,396206748,05-10-2012,5236,437.2,263.33,2289179.2,1378795.88,910383.32
Sub-Saharan Africa,Sierra Leone,Beverages,Offline,M,12/21/2010,470467889,01-03-2011,758,47.45,31.79,35967.1,24096.82,11870.28
Middle East and North Africa,Syria,Household,Online,H,11/28/2012,534140956,11/29/2012,3034,668.27,502.54,2027531.18,1524706.36,502824.82
Europe,Malta,Vegetables,Offline,M,12-08-2016,541962277,01-12-2017,7536,154.06,90.93,1160996.16,685248.48,475747.68
Middle East and North Africa,Yemen,Beverages,Online,H,8/16/2011,518980681,9/18/2011,6771,47.45,31.79,321283.95,215250.09,106033.86
Europe,Ukraine,Fruits,Online,L,11/23/2016,110557496,12/24/2016,5275,9.33,6.92,49215.75,36503,12712.75
Europe,Croatia,Cosmetics,Online,C,02-05-2012,832366549,02-05-2012,4614,437.2,263.33,2017240.8,1215004.62,802236.18
Sub-Saharan Africa,Cameroon,Vegetables,Online,L,07-01-2015,220394170,7/28/2015,8387,154.06,90.93,1292101.22,762629.91,529471.31
Asia,Kyrgyzstan,Office Supplies,Online,L,05-08-2012,380939185,6/13/2012,7225,651.21,524.96,4704992.25,3792836,912156.25
Sub-Saharan Africa,Eritrea,Baby Food,Online,M,9/13/2011,340612924,9/26/2011,3788,255.28,159.42,967000.64,603882.96,363117.68
Europe,Monaco,Meat,Offline,H,4/17/2012,996339213,5/21/2012,7769,421.89,364.69,3277663.41,2833276.61,444386.8
Sub-Saharan Africa,Cote d'Ivoire,Office Supplies,Offline,L,12-09-2013,165354382,1/16/2014,891,651.21,524.96,580228.11,467739.36,112488.75
Central America and the Caribbean,Guatemala,Baby Food,Offline,L,9/24/2013,235207259,9/26/2013,1910,255.28,159.42,487584.8,304492.2,183092.6
Australia and Oceania,Federated States of Micronesia,Office Supplies,Offline,H,5/23/2017,513759171,06-09-2017,1611,651.21,524.96,1049099.31,845710.56,203388.75
Asia,Bhutan,Baby Food,Online,L,10/14/2012,379183948,10/24/2012,7811,255.28,159.42,1993992.08,1245229.62,748762.46
Australia and Oceania,Nauru,Clothes,Offline,M,7/23/2011,629967916,8/17/2011,360,109.28,35.84,39340.8,12902.4,26438.4
Europe,Croatia,Clothes,Offline,H,1/20/2015,334909904,03-02-2015,6138,109.28,35.84,670760.64,219985.92,450774.72
North America,Mexico,Clothes,Offline,M,7/18/2010,883121240,7/18/2010,4055,109.28,35.84,443130.4,145331.2,297799.2
Europe,Norway,Snacks,Offline,L,11/13/2012,134025752,12/21/2012,53,152.58,97.44,8086.74,5164.32,2922.42
Sub-Saharan Africa,Ghana,Household,Offline,H,3/19/2015,967359769,05-04-2015,2107,668.27,502.54,1408044.89,1058851.78,349193.11
Central America and the Caribbean,Dominican Republic,Baby Food,Offline,C,08-11-2015,933172118,8/19/2015,5222,255.28,159.42,1333072.16,832491.24,500580.92
Australia and Oceania,East Timor,Fruits,Online,H,03-01-2013,801824128,3/23/2013,6433,9.33,6.92,60019.89,44516.36,15503.53
Middle East and North Africa,Azerbaijan,Fruits,Offline,H,10/30/2011,513989627,11/21/2011,9807,9.33,6.92,91499.31,67864.44,23634.87
Central America and the Caribbean,Costa Rica,Vegetables,Online,L,8/14/2016,530654942,8/21/2016,1445,154.06,90.93,222616.7,131393.85,91222.85
Sub-Saharan Africa,Nigeria,Snacks,Offline,M,09-08-2014,483118903,9/21/2014,4474,152.58,97.44,682642.92,435946.56,246696.36
Europe,Switzerland,Cereal,Offline,C,12/19/2016,522992837,1/27/2017,4057,205.7,117.11,834524.9,475115.27,359409.63
North America,United States of America,Office Supplies,Online,H,07-11-2016,872200572,08-04-2016,2386,651.21,524.96,1553787.06,1252554.56,301232.5
Sub-Saharan Africa,Lesotho,Beverages,Online,C,1/26/2015,472978436,2/13/2015,3685,47.45,31.79,174853.25,117146.15,57707.1
Europe,Romania,Personal Care,Offline,H,7/31/2011,137875258,08-12-2011,9208,81.73,56.67,752569.84,521817.36,230752.48
Sub-Saharan Africa,Chad,Meat,Offline,M,09-03-2013,299752366,09-12-2013,2241,421.89,364.69,945455.49,817270.29,128185.2
Asia,Cambodia,Household,Online,L,02-10-2011,561783587,04-01-2011,3102,668.27,502.54,2072973.54,1558879.08,514094.46
Sub-Saharan Africa,Mali,Household,Offline,H,06-05-2017,147455251,07-12-2017,4140,668.27,502.54,2766637.8,2080515.6,686122.2
Sub-Saharan Africa,South Sudan,Meat,Offline,L,2/22/2013,150566184,03-09-2013,4735,421.89,364.69,1997649.15,1726807.15,270842
Sub-Saharan Africa,Uganda,Clothes,Online,H,2/23/2010,385227715,04-05-2010,6296,109.28,35.84,688026.88,225648.64,462378.24
Australia and Oceania,Samoa ,Baby Food,Offline,C,01-06-2010,735863673,01-12-2010,7268,255.28,159.42,1855375.04,1158664.56,696710.48
Asia,Kazakhstan,Snacks,Online,M,5/30/2015,707210385,6/19/2015,8124,152.58,97.44,1239559.92,791602.56,447957.36
Europe,Serbia,Clothes,Online,L,02-08-2011,774316680,03-09-2011,6367,109.28,35.84,695785.76,228193.28,467592.48
Europe,Vatican City,Beverages,Offline,H,3/31/2013,132543885,05-11-2013,1536,47.45,31.79,72883.2,48829.44,24053.76
Sub-Saharan Africa,Mozambique,Snacks,Online,M,7/13/2012,747565829,7/15/2012,196,152.58,97.44,29905.68,19098.24,10807.44
Sub-Saharan Africa,Uganda,Personal Care,Online,L,11/17/2015,605368840,12/13/2015,947,81.73,56.67,77398.31,53666.49,23731.82
Sub-Saharan Africa,Burundi,Meat,Online,H,4/27/2012,462251746,05-07-2012,9419,421.89,364.69,3973781.91,3435015.11,538766.8
Australia and Oceania,Samoa ,Vegetables,Online,C,09-10-2014,694825875,9/27/2014,3272,154.06,90.93,504084.32,297522.96,206561.36
Australia and Oceania,Solomon Islands,Vegetables,Offline,C,5/18/2010,850015056,07-04-2010,7199,154.06,90.93,1109077.94,654605.07,454472.87
Sub-Saharan Africa,Liberia,Fruits,Online,C,7/19/2010,995055615,08-01-2010,7924,9.33,6.92,73930.92,54834.08,19096.84
Sub-Saharan Africa,Swaziland,Baby Food,Online,M,1/30/2016,367496383,2/17/2016,9201,255.28,159.42,2348831.28,1466823.42,882007.86
Central America and the Caribbean,Saint Vincent and the Grenadines,Cosmetics,Online,H,10-09-2013,525198686,11-06-2013,6817,437.2,263.33,2980392.4,1795120.61,1185271.79
Sub-Saharan Africa,Nigeria,Household,Offline,L,5/31/2010,396336352,7/16/2010,3589,668.27,502.54,2398421.03,1803616.06,594804.97
Asia,Sri Lanka,Beverages,Online,H,11-10-2013,329395711,12/18/2013,4366,47.45,31.79,207166.7,138795.14,68371.56
Europe,Sweden,Meat,Offline,M,02-08-2014,743175590,2/18/2014,1027,421.89,364.69,433281.03,374536.63,58744.4
Australia and Oceania,Palau,Clothes,Offline,C,05-08-2017,776787316,06-09-2017,7484,109.28,35.84,817851.52,268226.56,549624.96
Sub-Saharan Africa,Mauritania,Cosmetics,Offline,M,12-05-2011,539654719,12/13/2011,4679,437.2,263.33,2045658.8,1232121.07,813537.73
Middle East and North Africa,Yemen,Snacks,Online,M,07-12-2017,661514127,7/21/2017,5585,152.58,97.44,852159.3,544202.4,307956.9
Australia and Oceania,Kiribati,Cosmetics,Offline,C,04-03-2013,942414367,5/18/2013,209,437.2,263.33,91374.8,55035.97,36338.83
Europe,Cyprus,Cosmetics,Offline,H,2/22/2017,802716767,3/29/2017,584,437.2,263.33,255324.8,153784.72,101540.08
Europe,Bosnia and Herzegovina,Beverages,Offline,L,3/20/2014,633095157,4/30/2014,5780,47.45,31.79,274261,183746.2,90514.8
Sub-Saharan Africa,Botswana,Fruits,Online,L,04-09-2013,444535863,5/14/2013,6895,9.33,6.92,64330.35,47713.4,16616.95
Central America and the Caribbean,Dominican Republic,Fruits,Offline,M,10/27/2012,318337714,11/25/2012,2059,9.33,6.92,19210.47,14248.28,4962.19
Asia,Thailand,Household,Offline,H,06-11-2012,856112039,7/28/2012,1432,668.27,502.54,956962.64,719637.28,237325.36
Sub-Saharan Africa,Cote d'Ivoire,Cosmetics,Offline,C,7/24/2016,929782664,7/26/2016,2207,437.2,263.33,964900.4,581169.31,383731.09
Sub-Saharan Africa,Djibouti,Office Supplies,Offline,M,07-10-2015,831585919,08-01-2015,3608,651.21,524.96,2349565.68,1894055.68,455510
Sub-Saharan Africa,South Sudan,Baby Food,Offline,M,02-04-2012,924070632,2/24/2012,1890,255.28,159.42,482479.2,301303.8,181175.4
Sub-Saharan Africa,Liberia,Office Supplies,Online,C,02-10-2010,290098130,03-06-2010,5338,651.21,524.96,3476158.98,2802236.48,673922.5
Europe,San Marino,Cosmetics,Online,L,09-09-2010,782842242,09-09-2010,9271,437.2,263.33,4053281.2,2441332.43,1611948.77
Sub-Saharan Africa,Sao Tome and Principe,Office Supplies,Offline,C,01-01-2016,275789296,1/30/2016,1036,651.21,524.96,674653.56,543858.56,130795
Middle East and North Africa,Kuwait,Household,Online,M,5/13/2010,312738120,06-09-2010,5014,668.27,502.54,3350705.78,2519735.56,830970.22
Sub-Saharan Africa,Republic of the Congo,Snacks,Online,H,01-04-2017,257800042,1/29/2017,7616,152.58,97.44,1162049.28,742103.04,419946.24
Australia and Oceania,Papua New Guinea,Cosmetics,Offline,M,01-11-2011,445398890,2/23/2011,2284,437.2,263.33,998564.8,601445.72,397119.08
Europe,Moldova ,Household,Offline,C,12/31/2013,830270993,1/13/2014,4492,668.27,502.54,3001868.84,2257409.68,744459.16
Australia and Oceania,New Zealand,Vegetables,Offline,C,6/28/2014,537465178,07-04-2014,6745,154.06,90.93,1039134.7,613322.85,425811.85
Europe,Bosnia and Herzegovina,Beverages,Offline,H,4/14/2017,112342774,4/21/2017,3578,47.45,31.79,169776.1,113744.62,56031.48
Central America and the Caribbean,Grenada,Vegetables,Online,C,11/14/2016,170577609,12/21/2016,6560,154.06,90.93,1010633.6,596500.8,414132.8
Sub-Saharan Africa,Sudan,Fruits,Online,C,5/16/2016,948156011,6/18/2016,9289,9.33,6.92,86666.37,64279.88,22386.49
Central America and the Caribbean,Belize,Vegetables,Online,L,03-11-2016,951376807,3/28/2016,2394,154.06,90.93,368819.64,217686.42,151133.22
Australia and Oceania,Papua New Guinea,Baby Food,Online,C,3/24/2010,106851327,4/21/2010,8537,255.28,159.42,2179325.36,1360968.54,818356.82
Sub-Saharan Africa,Liberia,Beverages,Offline,H,5/13/2012,211503398,6/24/2012,7410,47.45,31.79,351604.5,235563.9,116040.6
Central America and the Caribbean,Honduras,Office Supplies,Offline,M,11-06-2014,882569348,12/22/2014,738,651.21,524.96,480592.98,387420.48,93172.5
Europe,Monaco,Snacks,Online,H,10-06-2014,907598006,10/23/2014,7274,152.58,97.44,1109866.92,708778.56,401088.36
Asia,Tajikistan,Fruits,Online,M,04-08-2010,494450700,5/25/2010,7805,9.33,6.92,72820.65,54010.6,18810.05
Australia and Oceania,Fiji,Cosmetics,Offline,L,12-10-2011,821301257,12/23/2011,148,437.2,263.33,64705.6,38972.84,25732.76
Asia,India,Vegetables,Offline,C,04-12-2016,886636006,4/20/2016,4152,154.06,90.93,639657.12,377541.36,262115.76
Australia and Oceania,New Zealand,Baby Food,Offline,M,1/23/2017,659253776,02-05-2017,6697,255.28,159.42,1709610.16,1067635.74,641974.42
Middle East and North Africa,Algeria,Baby Food,Online,L,9/13/2016,628265893,10-03-2016,6694,255.28,159.42,1708844.32,1067157.48,641686.84
Europe,Montenegro,Cosmetics,Offline,L,11/22/2014,453096187,12-02-2014,85,437.2,263.33,37162,22383.05,14778.95
North America,Greenland,Vegetables,Offline,C,5/22/2012,313480985,6/22/2012,4844,154.06,90.93,746266.64,440464.92,305801.72
North America,United States of America,Cosmetics,Offline,L,10/22/2014,459469115,11-04-2014,5976,437.2,263.33,2612707.2,1573660.08,1039047.12
Europe,Serbia,Fruits,Online,C,09-02-2013,761421906,09-07-2013,517,9.33,6.92,4823.61,3577.64,1245.97
Sub-Saharan Africa,Republic of the Congo,Fruits,Offline,C,12-07-2012,260013186,1/18/2013,2535,9.33,6.92,23651.55,17542.2,6109.35
North America,Greenland,Meat,Online,H,1/15/2010,316229283,02-03-2010,8127,421.89,364.69,3428700.03,2963835.63,464864.4
Central America and the Caribbean,Haiti,Meat,Offline,H,11-11-2014,561369025,12-07-2014,424,421.89,364.69,178881.36,154628.56,24252.8
Europe,Switzerland,Office Supplies,Offline,C,08-12-2015,247043740,8/23/2015,4587,651.21,524.96,2987100.27,2407991.52,579108.75
Middle East and North Africa,Egypt,Household,Offline,H,12-05-2012,495177257,12/18/2012,2809,668.27,502.54,1877170.43,1411634.86,465535.57
Europe,Montenegro,Cosmetics,Online,C,02-04-2016,248005902,03-08-2016,9313,437.2,263.33,4071643.6,2452392.29,1619251.31
Central America and the Caribbean,The Bahamas,Fruits,Offline,M,07-07-2016,318078505,7/16/2016,5353,9.33,6.92,49943.49,37042.76,12900.73
Central America and the Caribbean,Saint Kitts and Nevis ,Household,Online,L,3/29/2014,238256394,5/14/2014,4217,668.27,502.54,2818094.59,2119211.18,698883.41
Middle East and North Africa,Lebanon,Personal Care,Offline,M,03-03-2014,511713397,04-06-2014,6220,81.73,56.67,508360.6,352487.4,155873.2
Central America and the Caribbean,Trinidad and Tobago,Personal Care,Online,H,09-11-2014,361935842,10-09-2014,3713,81.73,56.67,303463.49,210415.71,93047.78
Sub-Saharan Africa,Lesotho,Personal Care,Offline,C,6/27/2011,882722556,7/17/2011,6075,81.73,56.67,496509.75,344270.25,152239.5
Europe,Armenia,Cosmetics,Online,M,06-03-2016,988184869,6/19/2016,4717,437.2,263.33,2062272.4,1242127.61,820144.79
Middle East and North Africa,Qatar,Cosmetics,Online,L,12-12-2015,562746608,12/23/2015,8082,437.2,263.33,3533450.4,2128233.06,1405217.34
Central America and the Caribbean,Cuba,Clothes,Online,L,9/15/2012,911144101,9/28/2012,6642,109.28,35.84,725837.76,238049.28,487788.48
Sub-Saharan Africa,Chad,Clothes,Online,H,3/17/2014,708426177,04-02-2014,7903,109.28,35.84,863639.84,283243.52,580396.32
Sub-Saharan Africa,Sao Tome and Principe,Fruits,Offline,M,11/14/2013,949954164,12/15/2013,1402,9.33,6.92,13080.66,9701.84,3378.82
Central America and the Caribbean,Saint Lucia,Household,Offline,H,7/18/2017,901401889,7/21/2017,3705,668.27,502.54,2475940.35,1861910.7,614029.65
Central America and the Caribbean,Panama,Cosmetics,Online,L,12/27/2016,348755681,02-11-2017,3411,437.2,263.33,1491289.2,898218.63,593070.57
Sub-Saharan Africa,Cote d'Ivoire,Beverages,Online,C,5/26/2016,948314368,06-01-2016,6150,47.45,31.79,291817.5,195508.5,96309
Sub-Saharan Africa,Equatorial Guinea,Baby Food,Online,H,6/15/2013,376689279,08-01-2013,9583,255.28,159.42,2446348.24,1527721.86,918626.38
Sub-Saharan Africa,Sierra Leone,Vegetables,Offline,L,09-07-2010,880804240,9/25/2010,8403,154.06,90.93,1294566.18,764084.79,530481.39
Middle East and North Africa,Libya,Snacks,Online,H,09-10-2011,727895581,10/14/2011,9333,152.58,97.44,1424029.14,909407.52,514621.62
Middle East and North Africa,Syria,Office Supplies,Offline,M,05-08-2017,955512130,6/25/2017,6128,651.21,524.96,3990614.88,3216954.88,773660
Europe,Georgia,Household,Offline,C,6/16/2014,421515214,07-08-2014,4574,668.27,502.54,3056666.98,2298617.96,758049.02
Europe,Belarus,Office Supplies,Online,H,5/17/2017,754078662,5/29/2017,7488,651.21,524.96,4876260.48,3930900.48,945360
Sub-Saharan Africa,Democratic Republic of the Congo,Cereal,Offline,H,04-01-2011,501688802,05-07-2011,9720,205.7,117.11,1999404,1138309.2,861094.8
Sub-Saharan Africa,Burkina Faso,Vegetables,Online,M,05-08-2016,983144462,6/25/2016,3149,154.06,90.93,485134.94,286338.57,198796.37
Asia,Sri Lanka,Meat,Offline,L,03-03-2016,437556970,3/18/2016,1686,421.89,364.69,711306.54,614867.34,96439.2
Europe,Denmark,Baby Food,Offline,C,03-10-2014,774350154,4/25/2014,6273,255.28,159.42,1601371.44,1000041.66,601329.78
Central America and the Caribbean,Belize,Cereal,Online,C,12-11-2014,823260343,12/20/2014,9885,205.7,117.11,2033344.5,1157632.35,875712.15
Europe,Moldova ,Baby Food,Online,M,09-09-2012,384336364,9/23/2012,2526,255.28,159.42,644837.28,402694.92,242142.36
Europe,Lithuania,Clothes,Offline,L,4/26/2010,677939546,5/29/2010,6232,109.28,35.84,681032.96,223354.88,457678.08
Europe,Kosovo,Meat,Offline,H,7/23/2015,294743716,8/16/2015,70,421.89,364.69,29532.3,25528.3,4004
Middle East and North Africa,Egypt,Cereal,Offline,H,07-03-2014,145735204,7/14/2014,5140,205.7,117.11,1057298,601945.4,455352.6
Sub-Saharan Africa,Togo,Personal Care,Offline,L,3/26/2013,312212836,04-01-2013,9571,81.73,56.67,782237.83,542388.57,239849.26
Central America and the Caribbean,Trinidad and Tobago,Personal Care,Online,L,4/29/2011,495787942,06-02-2011,3524,81.73,56.67,288016.52,199705.08,88311.44
Sub-Saharan Africa,South Sudan,Baby Food,Online,M,3/15/2013,468384349,3/21/2013,4192,255.28,159.42,1070133.76,668288.64,401845.12
Sub-Saharan Africa,Zimbabwe,Vegetables,Online,C,10/13/2016,522238385,10/13/2016,798,154.06,90.93,122939.88,72562.14,50377.74
Europe,Sweden,Fruits,Online,H,04-08-2017,119898879,05-09-2017,9598,9.33,6.92,89549.34,66418.16,23131.18
Middle East and North Africa,Turkey,Cosmetics,Offline,C,12-01-2010,144227159,12/26/2010,8876,437.2,263.33,3880587.2,2337317.08,1543270.12
Middle East and North Africa,Kuwait,Household,Offline,C,12/25/2013,648397052,2/13/2014,3951,668.27,502.54,2640334.77,1985535.54,654799.23
Middle East and North Africa,Pakistan,Beverages,Online,M,07-04-2013,405894887,08-07-2013,2172,47.45,31.79,103061.4,69047.88,34013.52
Central America and the Caribbean,Saint Kitts and Nevis ,Vegetables,Online,H,07-06-2016,960519492,8/21/2016,7917,154.06,90.93,1219693.02,719892.81,499800.21
Central America and the Caribbean,Jamaica,Beverages,Offline,H,12/14/2015,776382195,12/29/2015,7599,47.45,31.79,360572.55,241572.21,119000.34
Sub-Saharan Africa,Gabon,Beverages,Offline,C,03-12-2017,187906825,3/24/2017,4660,47.45,31.79,221117,148141.4,72975.6
Europe,Spain,Fruits,Offline,L,7/14/2011,949829709,08-03-2011,4573,9.33,6.92,42666.09,31645.16,11020.93
Sub-Saharan Africa,Republic of the Congo,Beverages,Offline,M,04-04-2010,387199676,04-12-2010,9843,47.45,31.79,467050.35,312908.97,154141.38
Middle East and North Africa,Azerbaijan,Snacks,Online,C,7/30/2010,845378053,08-10-2010,5007,152.58,97.44,763968.06,487882.08,276085.98
Australia and Oceania,Nauru,Clothes,Online,H,7/19/2014,240038669,7/21/2014,1631,109.28,35.84,178235.68,58455.04,119780.64
Asia,Vietnam,Vegetables,Offline,L,2/25/2010,607167851,3/13/2010,3315,154.06,90.93,510708.9,301432.95,209275.95
Asia,Vietnam,Vegetables,Online,C,12-08-2012,453064429,01-04-2013,688,154.06,90.93,105993.28,62559.84,43433.44
Middle East and North Africa,Yemen,Fruits,Offline,L,10/18/2016,604339730,11-09-2016,6411,9.33,6.92,59814.63,44364.12,15450.51
Middle East and North Africa,Libya,Meat,Offline,L,11/28/2012,157917582,12/25/2012,177,421.89,364.69,74674.53,64550.13,10124.4
Central America and the Caribbean,Belize,Personal Care,Online,M,3/24/2016,531034314,4/23/2016,3709,81.73,56.67,303136.57,210189.03,92947.54
Europe,Czech Republic,Snacks,Online,L,04-08-2016,511238753,4/17/2016,5763,152.58,97.44,879318.54,561546.72,317771.82
Europe,Georgia,Vegetables,Offline,L,03-11-2011,306392228,3/15/2011,7124,154.06,90.93,1097523.44,647785.32,449738.12
Australia and Oceania,Australia,Office Supplies,Offline,L,7/27/2011,194668567,09-10-2011,5610,651.21,524.96,3653288.1,2945025.6,708262.5
Middle East and North Africa,Iran,Cereal,Offline,C,11/26/2013,974554097,12/16/2013,1069,205.7,117.11,219893.3,125190.59,94702.71
Sub-Saharan Africa,Benin,Meat,Online,H,12/21/2011,814847648,01-03-2012,382,421.89,364.69,161161.98,139311.58,21850.4
Sub-Saharan Africa,Namibia,Vegetables,Online,H,10-05-2015,204660546,10/22/2015,2459,154.06,90.93,378833.54,223596.87,155236.67
Europe,Slovenia,Household,Online,H,5/22/2017,603416621,06-03-2017,3242,668.27,502.54,2166531.34,1629234.68,537296.66
Europe,Hungary,Cosmetics,Offline,H,1/16/2010,390852200,03-02-2010,707,437.2,263.33,309100.4,186174.31,122926.09
Central America and the Caribbean,Costa Rica,Personal Care,Offline,C,6/24/2014,717016112,08-11-2014,9856,81.73,56.67,805530.88,558539.52,246991.36
Asia,Philippines,Meat,Offline,C,8/26/2014,552269685,09-12-2014,7727,421.89,364.69,3259944.03,2817959.63,441984.4
Europe,Estonia,Meat,Online,C,07-07-2014,737286746,8/15/2014,8387,421.89,364.69,3538391.43,3058655.03,479736.4
Central America and the Caribbean,Barbados,Beverages,Online,M,07-06-2011,833053624,7/16/2011,7935,47.45,31.79,376515.75,252253.65,124262.1
Europe,Poland,Office Supplies,Offline,H,07-06-2015,470869147,7/24/2015,9499,651.21,524.96,6185843.79,4986595.04,1199248.75
Central America and the Caribbean,Barbados,Baby Food,Offline,C,9/24/2014,702344644,10-06-2014,8243,255.28,159.42,2104273.04,1314099.06,790173.98
Sub-Saharan Africa,Senegal,Cereal,Online,M,5/19/2017,849403941,6/19/2017,6357,205.7,117.11,1307634.9,744468.27,563166.63
Middle East and North Africa,Azerbaijan,Household,Offline,M,01-08-2010,754283368,02-02-2010,8065,668.27,502.54,5389597.55,4052985.1,1336612.45
Sub-Saharan Africa,Republic of the Congo,Cereal,Online,C,05-09-2014,329531753,06-12-2014,4623,205.7,117.11,950951.1,541399.53,409551.57
Central America and the Caribbean,Saint Kitts and Nevis ,Baby Food,Online,M,4/13/2015,908010423,4/24/2015,9317,255.28,159.42,2378443.76,1485316.14,893127.62
Europe,Poland,Household,Online,M,2/17/2010,292893207,04-05-2010,2463,668.27,502.54,1645949.01,1237756.02,408192.99
Central America and the Caribbean,Barbados,Personal Care,Online,H,06-08-2012,407666432,7/25/2012,6411,81.73,56.67,523971.03,363311.37,160659.66
Sub-Saharan Africa,The Gambia,Snacks,Offline,H,4/20/2010,546128928,4/22/2010,541,152.58,97.44,82545.78,52715.04,29830.74
Sub-Saharan Africa,Cote d'Ivoire,Snacks,Offline,M,08-07-2015,522392022,8/27/2015,6263,152.58,97.44,955608.54,610266.72,345341.82
North America,United States of America,Office Supplies,Online,C,10-10-2014,220879542,11/24/2014,2020,651.21,524.96,1315444.2,1060419.2,255025
Middle East and North Africa,Iraq,Beverages,Offline,H,6/24/2010,946327817,7/28/2010,8285,47.45,31.79,393123.25,263380.15,129743.1
Australia and Oceania,Vanuatu,Beverages,Online,H,3/19/2010,473785674,4/20/2010,2564,47.45,31.79,121661.8,81509.56,40152.24
Middle East and North Africa,Qatar,Clothes,Online,L,12/21/2014,698614442,02-09-2015,4393,109.28,35.84,480067.04,157445.12,322621.92
North America,Canada,Household,Offline,C,6/16/2015,886487948,7/19/2015,339,668.27,502.54,226543.53,170361.06,56182.47
Europe,Malta,Snacks,Online,C,01-02-2011,823392522,2/15/2011,9000,152.58,97.44,1373220,876960,496260
Sub-Saharan Africa,Namibia,Personal Care,Online,L,5/19/2013,365626990,6/18/2013,6006,81.73,56.67,490870.38,340360.02,150510.36
Central America and the Caribbean,The Bahamas,Clothes,Offline,L,09-08-2012,789802682,09-12-2012,9020,109.28,35.84,985705.6,323276.8,662428.8
Sub-Saharan Africa,Mauritius ,Meat,Online,L,6/20/2011,742843425,07-07-2011,2732,421.89,364.69,1152603.48,996333.08,156270.4
Sub-Saharan Africa,Cape Verde,Household,Online,C,4/23/2013,291985547,5/27/2013,3867,668.27,502.54,2584200.09,1943322.18,640877.91
Sub-Saharan Africa,Benin,Baby Food,Online,C,07-10-2011,474777877,7/13/2011,6179,255.28,159.42,1577375.12,985056.18,592318.94
Asia,Tajikistan,Vegetables,Offline,C,8/13/2015,149081742,9/26/2015,5455,154.06,90.93,840397.3,496023.15,344374.15
Sub-Saharan Africa,Mali,Fruits,Offline,C,3/29/2017,943070971,04-05-2017,4512,9.33,6.92,42096.96,31223.04,10873.92
Europe,Kosovo,Office Supplies,Offline,L,09-05-2016,505231893,9/17/2016,8199,651.21,524.96,5339270.79,4304147.04,1035123.75
Sub-Saharan Africa,Zimbabwe,Office Supplies,Offline,L,07-01-2011,154363334,7/13/2011,8396,651.21,524.96,5467559.16,4407564.16,1059995
Europe,Croatia,Meat,Offline,C,6/20/2015,829576623,7/16/2015,9013,421.89,364.69,3802494.57,3286950.97,515543.6
Sub-Saharan Africa,Zimbabwe,Cosmetics,Offline,C,12-02-2016,840295588,12/13/2016,993,437.2,263.33,434139.6,261486.69,172652.91
Australia and Oceania,Kiribati,Meat,Offline,L,10/31/2012,816256558,12-07-2012,7310,421.89,364.69,3084015.9,2665883.9,418132
Australia and Oceania,Solomon Islands,Baby Food,Online,H,08-07-2012,557508361,8/19/2012,7968,255.28,159.42,2034071.04,1270258.56,763812.48
Central America and the Caribbean,Antigua and Barbuda ,Meat,Online,M,7/14/2011,384412324,7/22/2011,5004,421.89,364.69,2111137.56,1824908.76,286228.8
North America,Mexico,Fruits,Online,L,5/17/2017,687642276,6/21/2017,7485,9.33,6.92,69835.05,51796.2,18038.85
Sub-Saharan Africa,Cote d'Ivoire,Cereal,Offline,C,3/17/2016,578184545,04-02-2016,6510,205.7,117.11,1339107,762386.1,576720.9
Europe,Albania,Baby Food,Offline,M,2/13/2014,137337958,2/25/2014,209,255.28,159.42,53353.52,33318.78,20034.74
Middle East and North Africa,Syria,Household,Offline,M,09-05-2010,866713845,10/24/2010,8742,668.27,502.54,5842016.34,4393204.68,1448811.66
Asia,Nepal,Beverages,Online,H,4/26/2010,738236033,06-03-2010,9302,47.45,31.79,441379.9,295710.58,145669.32
Middle East and North Africa,Bahrain,Office Supplies,Offline,C,12-12-2010,944140851,12/18/2010,1114,651.21,524.96,725447.94,584805.44,140642.5
Middle East and North Africa,Jordan,Household,Offline,M,05-06-2015,946977126,5/25/2015,430,668.27,502.54,287356.1,216092.2,71263.9
Sub-Saharan Africa,Liberia,Cosmetics,Offline,H,03-11-2012,729606187,3/14/2012,5539,437.2,263.33,2421650.8,1458584.87,963065.93
Australia and Oceania,Solomon Islands,Office Supplies,Offline,L,03-07-2010,345201861,04-03-2010,1757,651.21,524.96,1144175.97,922354.72,221821.25
Sub-Saharan Africa,Benin,Personal Care,Online,M,6/27/2011,367250478,7/14/2011,6432,81.73,56.67,525687.36,364501.44,161185.92
Asia,Vietnam,Cosmetics,Online,H,7/26/2015,539550864,09-06-2015,3946,437.2,263.33,1725191.2,1039100.18,686091.02
Central America and the Caribbean,El Salvador,Cosmetics,Online,L,5/14/2015,226214349,6/16/2015,708,437.2,263.33,309537.6,186437.64,123099.96
Central America and the Caribbean,Grenada,Clothes,Offline,L,04-04-2016,661664760,4/14/2016,161,109.28,35.84,17594.08,5770.24,11823.84
Central America and the Caribbean,Nicaragua,Beverages,Offline,C,02-11-2017,900638425,2/15/2017,7779,47.45,31.79,369113.55,247294.41,121819.14
North America,Greenland,Clothes,Online,C,1/26/2014,968184173,03-05-2014,6067,109.28,35.84,663001.76,217441.28,445560.48
Asia,Malaysia,Beverages,Offline,C,11/30/2011,509663331,1/13/2012,9560,47.45,31.79,453622,303912.4,149709.6
Europe,Hungary,Vegetables,Online,L,09-11-2012,140749728,10/27/2012,9827,154.06,90.93,1513947.62,893569.11,620378.51
Europe,Romania,Household,Offline,L,12/23/2011,997429692,1/20/2012,466,668.27,502.54,311413.82,234183.64,77230.18
Sub-Saharan Africa,Kenya,Personal Care,Online,M,2/25/2010,686002051,03-11-2010,2106,81.73,56.67,172123.38,119347.02,52776.36
Central America and the Caribbean,Honduras,Household,Online,L,04-09-2016,933078134,5/23/2016,7410,668.27,502.54,4951880.7,3723821.4,1228059.3
Sub-Saharan Africa,Cameroon,Vegetables,Online,M,12-05-2013,835581767,1/15/2014,6068,154.06,90.93,934836.08,551763.24,383072.84
Central America and the Caribbean,Cuba,Baby Food,Online,L,07-05-2010,910749280,8/18/2010,9806,255.28,159.42,2503275.68,1563272.52,940003.16
Europe,Andorra,Baby Food,Offline,L,09-04-2010,846129500,10-04-2010,7377,255.28,159.42,1883200.56,1176041.34,707159.22
Central America and the Caribbean,Saint Vincent and the Grenadines,Personal Care,Online,M,08-02-2012,849583756,09-12-2012,9568,81.73,56.67,781992.64,542218.56,239774.08
Australia and Oceania,Palau,Beverages,Online,H,09-02-2011,299285876,09-05-2011,4196,47.45,31.79,199100.2,133390.84,65709.36
Europe,Ireland,Cereal,Offline,C,01-01-2012,893722188,01-11-2012,1111,205.7,117.11,228532.7,130109.21,98423.49
Europe,Monaco,Cereal,Online,H,12-05-2014,801691520,1/17/2015,7191,205.7,117.11,1479188.7,842138.01,637050.69
Central America and the Caribbean,Belize,Beverages,Online,C,4/17/2015,512305200,5/30/2015,1348,47.45,31.79,63962.6,42852.92,21109.68
Central America and the Caribbean,Guatemala,Vegetables,Online,L,10/14/2012,584987056,11/25/2012,9524,154.06,90.93,1467267.44,866017.32,601250.12
Middle East and North Africa,Yemen,Cosmetics,Offline,L,9/29/2015,299473416,11-05-2015,9694,437.2,263.33,4238216.8,2552721.02,1685495.78
Central America and the Caribbean,Trinidad and Tobago,Cosmetics,Offline,M,8/17/2014,805813109,8/26/2014,6861,437.2,263.33,2999629.2,1806707.13,1192922.07
Sub-Saharan Africa,Kenya,Snacks,Online,H,02-09-2016,174367463,2/15/2016,8062,152.58,97.44,1230099.96,785561.28,444538.68
Asia,Cambodia,Snacks,Online,M,7/26/2016,145810306,08-08-2016,7365,152.58,97.44,1123751.7,717645.6,406106.1
Central America and the Caribbean,Saint Vincent and the Grenadines,Personal Care,Online,L,6/14/2013,281127965,7/13/2013,867,81.73,56.67,70859.91,49132.89,21727.02
Europe,Georgia,Office Supplies,Offline,L,8/18/2016,211619269,9/25/2016,1699,651.21,524.96,1106405.79,891907.04,214498.75
Sub-Saharan Africa,Cameroon,Household,Offline,M,4/27/2014,988895547,06-07-2014,5023,668.27,502.54,3356720.21,2524258.42,832461.79
Central America and the Caribbean,Grenada,Household,Offline,C,9/24/2014,134880626,10/20/2014,3029,668.27,502.54,2024189.83,1522193.66,501996.17
Australia and Oceania,Kiribati,Office Supplies,Offline,C,12/29/2011,191810834,02-12-2012,9943,651.21,524.96,6474981.03,5219677.28,1255303.75
Australia and Oceania,Fiji,Cereal,Online,C,8/31/2012,172235000,10-07-2012,7019,205.7,117.11,1443808.3,821995.09,621813.21
Sub-Saharan Africa,Chad,Personal Care,Offline,M,10/17/2016,509014451,10/21/2016,7542,81.73,56.67,616407.66,427405.14,189002.52
Sub-Saharan Africa,Guinea,Beverages,Offline,L,2/19/2014,805323016,3/29/2014,1831,47.45,31.79,86880.95,58207.49,28673.46
North America,Canada,Snacks,Online,L,8/27/2010,284647023,10-10-2010,2235,152.58,97.44,341016.3,217778.4,123237.9
Sub-Saharan Africa,Liberia,Fruits,Offline,H,2/27/2017,940785300,03-12-2017,8132,9.33,6.92,75871.56,56273.44,19598.12
Middle East and North Africa,Qatar,Clothes,Online,M,04-01-2015,787849175,04-03-2015,934,109.28,35.84,102067.52,33474.56,68592.96
Australia and Oceania,East Timor,Beverages,Offline,H,1/28/2014,610262477,02-03-2014,9083,47.45,31.79,430988.35,288748.57,142239.78
Sub-Saharan Africa,Rwanda,Fruits,Offline,C,4/18/2016,812761533,5/21/2016,3054,9.33,6.92,28493.82,21133.68,7360.14
Europe,France,Vegetables,Online,M,04-06-2014,970395171,05-02-2014,350,154.06,90.93,53921,31825.5,22095.5
Sub-Saharan Africa,Burkina Faso,Office Supplies,Online,M,7/17/2016,278524720,09-01-2016,509,651.21,524.96,331465.89,267204.64,64261.25
Europe,San Marino,Snacks,Online,H,11-03-2013,702824008,12/13/2013,97,152.58,97.44,14800.26,9451.68,5348.58
Europe,Andorra,Clothes,Offline,L,1/24/2013,229279363,02-12-2013,7713,109.28,35.84,842876.64,276433.92,566442.72
Australia and Oceania,Vanuatu,Office Supplies,Online,C,11-01-2010,514189612,12-03-2010,8988,651.21,524.96,5853075.48,4718340.48,1134735
Europe,Netherlands,Clothes,Offline,M,5/25/2012,134166085,07-04-2012,1581,109.28,35.84,172771.68,56663.04,116108.64
Sub-Saharan Africa,Namibia,Beverages,Online,C,9/20/2012,436132609,11-05-2012,186,47.45,31.79,8825.7,5912.94,2912.76
Middle East and North Africa,Saudi Arabia,Personal Care,Online,C,5/26/2015,587325513,06-05-2015,1526,81.73,56.67,124719.98,86478.42,38241.56
Middle East and North Africa,Algeria,Snacks,Offline,M,9/26/2013,725293624,11-04-2013,9356,152.58,97.44,1427538.48,911648.64,515889.84
Australia and Oceania,Federated States of Micronesia,Cosmetics,Online,H,3/31/2017,607898271,5/14/2017,9462,437.2,263.33,4136786.4,2491628.46,1645157.94
Europe,Kosovo,Vegetables,Online,C,01-02-2010,963313281,02-02-2010,4662,154.06,90.93,718227.72,423915.66,294312.06
Asia,Turkmenistan,Baby Food,Offline,L,01-05-2015,340024983,1/21/2015,9804,255.28,159.42,2502765.12,1562953.68,939811.44
Middle East and North Africa,Oman,Household,Online,M,09-09-2014,956832206,9/13/2014,6767,668.27,502.54,4522183.09,3400688.18,1121494.91
Central America and the Caribbean,Dominica,Personal Care,Online,H,3/27/2015,152846276,04-11-2015,9465,81.73,56.67,773574.45,536381.55,237192.9
Central America and the Caribbean,Barbados,Office Supplies,Offline,H,7/22/2012,737491023,7/26/2012,8837,651.21,524.96,5754742.77,4639071.52,1115671.25
Europe,Greece,Cosmetics,Offline,C,3/14/2011,640502774,4/26/2011,7859,437.2,263.33,3435954.8,2069510.47,1366444.33
Central America and the Caribbean,El Salvador,Cosmetics,Online,H,12/24/2012,561930358,1/31/2013,6535,437.2,263.33,2857102,1720861.55,1136240.45
Sub-Saharan Africa,Ghana,Meat,Offline,M,3/23/2013,822135102,04-03-2013,6901,421.89,364.69,2911462.89,2516725.69,394737.2
Sub-Saharan Africa,Gabon,Fruits,Online,L,02-03-2012,911790835,2/27/2012,8025,9.33,6.92,74873.25,55533,19340.25
Europe,Finland,Vegetables,Offline,C,10/25/2010,841883885,12/13/2010,1005,154.06,90.93,154830.3,91384.65,63445.65
Sub-Saharan Africa,Chad,Household,Offline,M,6/24/2015,693713080,08-09-2015,3971,668.27,502.54,2653700.17,1995586.34,658113.83
Sub-Saharan Africa,Togo,Baby Food,Offline,L,07-04-2010,168889749,8/14/2010,7085,255.28,159.42,1808658.8,1129490.7,679168.1
Europe,Iceland,Cosmetics,Offline,M,6/23/2015,839337718,08-10-2015,7538,437.2,263.33,3295613.6,1984981.54,1310632.06
Europe,San Marino,Household,Offline,M,2/26/2013,297293317,04-08-2013,4554,668.27,502.54,3043301.58,2288567.16,754734.42
Australia and Oceania,Kiribati,Fruits,Online,C,11/22/2013,705305373,12/28/2013,4388,9.33,6.92,40940.04,30364.96,10575.08
Europe,Italy,Fruits,Online,C,12-10-2013,246235215,12/21/2013,5327,9.33,6.92,49700.91,36862.84,12838.07
Sub-Saharan Africa,Mozambique,Fruits,Offline,M,06-04-2014,773256671,07-06-2014,2687,9.33,6.92,25069.71,18594.04,6475.67
Middle East and North Africa,Egypt,Office Supplies,Online,M,07-05-2017,159856069,08-02-2017,3818,651.21,524.96,2486319.78,2004297.28,482022.5
Sub-Saharan Africa,Comoros,Cosmetics,Online,L,02-02-2015,849832236,2/19/2015,3099,437.2,263.33,1354882.8,816059.67,538823.13
Central America and the Caribbean,Nicaragua,Personal Care,Offline,M,04-02-2015,407296502,05-02-2015,6941,81.73,56.67,567287.93,393346.47,173941.46
Europe,Ukraine,Snacks,Offline,L,10/19/2015,966672694,11/24/2015,8787,152.58,97.44,1340720.46,856205.28,484515.18
Sub-Saharan Africa,Mozambique,Snacks,Offline,M,08-06-2015,682697141,8/23/2015,4110,152.58,97.44,627103.8,400478.4,226625.4
Europe,Macedonia,Clothes,Online,C,10/14/2010,480418670,11/29/2010,5415,109.28,35.84,591751.2,194073.6,397677.6
Asia,Kazakhstan,Cosmetics,Offline,H,9/20/2013,905198609,9/24/2013,7239,437.2,263.33,3164890.8,1906245.87,1258644.93
Sub-Saharan Africa,Sao Tome and Principe,Cosmetics,Online,M,4/27/2011,772710788,5/13/2011,1148,437.2,263.33,501905.6,302302.84,199602.76
Sub-Saharan Africa,Sao Tome and Principe,Cosmetics,Online,C,04-10-2014,318941533,4/27/2014,742,437.2,263.33,324402.4,195390.86,129011.54
Europe,San Marino,Cereal,Online,H,06-02-2015,750189673,07-03-2015,6650,205.7,117.11,1367905,778781.5,589123.5
Asia,Japan,Fruits,Offline,H,3/20/2016,193066537,05-03-2016,1533,9.33,6.92,14302.89,10608.36,3694.53
Middle East and North Africa,Saudi Arabia,Vegetables,Online,M,06-03-2015,444495952,07-05-2015,5085,154.06,90.93,783395.1,462379.05,321016.05
Central America and the Caribbean,Trinidad and Tobago,Meat,Online,M,11-01-2012,221714246,12-06-2012,9027,421.89,364.69,3808401.03,3292056.63,516344.4
Europe,Belarus,Office Supplies,Online,H,2/16/2013,112270247,3/17/2013,2116,651.21,524.96,1377960.36,1110815.36,267145
Asia,Brunei,Baby Food,Offline,M,6/15/2014,324025285,6/19/2014,5137,255.28,159.42,1311373.36,818940.54,492432.82
Asia,Maldives,Personal Care,Online,C,3/30/2012,235153186,05-10-2012,5908,81.73,56.67,482860.84,334806.36,148054.48
Central America and the Caribbean,Saint Lucia,Fruits,Online,M,7/28/2010,644140279,8/26/2010,4278,9.33,6.92,39913.74,29603.76,10309.98
Middle East and North Africa,Yemen,Baby Food,Offline,M,10/13/2010,619785392,12-02-2010,7125,255.28,159.42,1818870,1135867.5,683002.5
Europe,Hungary,Household,Online,C,4/19/2015,651199853,06-04-2015,3362,668.27,502.54,2246723.74,1689539.48,557184.26
Sub-Saharan Africa,Lesotho,Fruits,Offline,L,3/25/2016,397807490,5/14/2016,8931,9.33,6.92,83326.23,61802.52,21523.71
Middle East and North Africa,Pakistan,Office Supplies,Online,M,05-05-2014,939344632,05-11-2014,1806,651.21,524.96,1176085.26,948077.76,228007.5
Sub-Saharan Africa,Mali,Baby Food,Online,H,3/30/2015,725860106,5/18/2015,6991,255.28,159.42,1784662.48,1114505.22,670157.26
Europe,United Kingdom,Office Supplies,Offline,C,6/18/2010,527715241,07-12-2010,1522,651.21,524.96,991141.62,798989.12,192152.5
Sub-Saharan Africa,The Gambia,Office Supplies,Online,C,07-10-2011,285583865,7/27/2011,9467,651.21,524.96,6165005.07,4969796.32,1195208.75
Sub-Saharan Africa,Malawi,Vegetables,Offline,M,11/14/2015,460452306,12-09-2015,6924,154.06,90.93,1066711.44,629599.32,437112.12
Europe,Cyprus,Household,Online,H,8/27/2010,683619391,10-02-2010,7024,668.27,502.54,4693928.48,3529840.96,1164087.52
Sub-Saharan Africa,South Africa,Personal Care,Online,H,5/20/2014,206696450,07-07-2014,4928,81.73,56.67,402765.44,279269.76,123495.68
Europe,Luxembourg,Office Supplies,Online,C,7/21/2012,151607310,7/21/2012,2827,651.21,524.96,1840970.67,1484061.92,356908.75
Sub-Saharan Africa,Kenya,Fruits,Online,C,06-09-2014,360588300,7/23/2014,4946,9.33,6.92,46146.18,34226.32,11919.86
Middle East and North Africa,Morocco,Fruits,Offline,C,6/14/2011,746188247,07-01-2011,2539,9.33,6.92,23688.87,17569.88,6118.99
Sub-Saharan Africa,Namibia,Fruits,Online,L,3/18/2011,841268479,04-12-2011,8893,9.33,6.92,82971.69,61539.56,21432.13
Middle East and North Africa,Afghanistan,Office Supplies,Online,H,1/16/2011,249002826,1/23/2011,4324,651.21,524.96,2815832.04,2269927.04,545905
Central America and the Caribbean,Belize,Vegetables,Offline,L,11/29/2016,892877614,12/18/2016,1183,154.06,90.93,182252.98,107570.19,74682.79
Sub-Saharan Africa,Swaziland,Beverages,Offline,H,12-02-2016,266691672,12-04-2016,8847,47.45,31.79,419790.15,281246.13,138544.02
Sub-Saharan Africa,Madagascar,Clothes,Online,C,5/16/2015,884556329,5/29/2015,8729,109.28,35.84,953905.12,312847.36,641057.76
Europe,Hungary,Personal Care,Offline,H,11-07-2013,830895411,12/24/2013,9271,81.73,56.67,757718.83,525387.57,232331.26
Central America and the Caribbean,Belize,Clothes,Online,H,01-05-2015,510445249,1/14/2015,947,109.28,35.84,103488.16,33940.48,69547.68
Sub-Saharan Africa,The Gambia,Beverages,Online,C,3/19/2011,398254668,05-06-2011,1261,47.45,31.79,59834.45,40087.19,19747.26
Middle East and North Africa,Israel,Fruits,Offline,M,01-07-2011,589684998,1/27/2011,9750,9.33,6.92,90967.5,67470,23497.5
Europe,Slovakia,Fruits,Online,L,09-12-2012,350410068,10-07-2012,2981,9.33,6.92,27812.73,20628.52,7184.21
Middle East and North Africa,Jordan,Snacks,Online,L,08-08-2015,366416203,8/30/2015,9552,152.58,97.44,1457444.16,930746.88,526697.28
Middle East and North Africa,Pakistan,Meat,Online,M,05-01-2016,494002234,05-12-2016,5094,421.89,364.69,2149107.66,1857730.86,291376.8
Europe,Latvia,Baby Food,Online,M,7/31/2012,209779489,08-04-2012,7267,255.28,159.42,1855119.76,1158505.14,696614.62
Sub-Saharan Africa,Uganda,Meat,Online,L,6/13/2014,860671794,6/14/2014,765,421.89,364.69,322745.85,278987.85,43758
Sub-Saharan Africa,Rwanda,Clothes,Offline,H,5/23/2010,713915479,06-08-2010,2310,109.28,35.84,252436.8,82790.4,169646.4
Sub-Saharan Africa,Central African Republic,Clothes,Offline,M,06-04-2016,807059371,06-05-2016,5657,109.28,35.84,618196.96,202746.88,415450.08
Sub-Saharan Africa,Nigeria,Cosmetics,Online,C,10-12-2011,897964799,11-03-2011,6594,437.2,263.33,2882896.8,1736398.02,1146498.78
Asia,India,Household,Offline,M,10/25/2010,814805591,11/26/2010,7936,668.27,502.54,5303390.72,3988157.44,1315233.28
Australia and Oceania,Fiji,Clothes,Offline,L,10/26/2013,906068074,12/14/2013,4533,109.28,35.84,495366.24,162462.72,332903.52
Central America and the Caribbean,Cuba,Cereal,Offline,H,10/13/2010,690551078,11-08-2010,8264,205.7,117.11,1699904.8,967797.04,732107.76
Sub-Saharan Africa,Zimbabwe,Baby Food,Online,C,6/24/2015,207365930,7/27/2015,3042,255.28,159.42,776561.76,484955.64,291606.12
Europe,Albania,Beverages,Online,C,3/27/2016,465936458,4/23/2016,9807,47.45,31.79,465342.15,311764.53,153577.62
Sub-Saharan Africa,Senegal,Baby Food,Online,M,1/13/2010,295998990,02-09-2010,1534,255.28,159.42,391599.52,244550.28,147049.24
Europe,Andorra,Personal Care,Online,L,11-02-2013,397602355,12/14/2013,8227,81.73,56.67,672392.71,466224.09,206168.62
Asia,Japan,Household,Online,L,5/23/2015,191107881,07-06-2015,1924,668.27,502.54,1285751.48,966886.96,318864.52
Asia,India,Office Supplies,Offline,H,11-09-2014,967189395,12/21/2014,1690,651.21,524.96,1100544.9,887182.4,213362.5
Asia,China,Household,Offline,H,6/20/2013,936833226,6/29/2013,8625,668.27,502.54,5763828.75,4334407.5,1429421.25
Middle East and North Africa,Lebanon,Meat,Online,C,4/23/2017,181338202,4/30/2017,859,421.89,364.69,362403.51,313268.71,49134.8
Central America and the Caribbean,Haiti,Meat,Online,C,10/22/2010,202315652,11-03-2010,8552,421.89,364.69,3608003.28,3118828.88,489174.4
Sub-Saharan Africa,Republic of the Congo,Meat,Offline,C,7/14/2013,771689403,8/18/2013,8898,421.89,364.69,3753977.22,3245011.62,508965.6
Sub-Saharan Africa,Sao Tome and Principe,Cosmetics,Offline,C,11-03-2015,381695783,11-06-2015,1119,437.2,263.33,489226.8,294666.27,194560.53
Sub-Saharan Africa,Ethiopia,Baby Food,Offline,L,11/29/2012,294883620,12/30/2012,1471,255.28,159.42,375516.88,234506.82,141010.06
Asia,Japan,Personal Care,Online,C,03-01-2016,494114243,4/17/2016,8240,81.73,56.67,673455.2,466960.8,206494.4
Sub-Saharan Africa,Djibouti,Vegetables,Offline,L,7/26/2011,132561480,08-10-2011,6743,154.06,90.93,1038826.58,613140.99,425685.59
Sub-Saharan Africa,Djibouti,Meat,Online,C,06-08-2016,683711659,6/25/2016,4328,421.89,364.69,1825939.92,1578378.32,247561.6
Europe,Estonia,Office Supplies,Offline,M,02-01-2015,991363608,2/21/2015,5377,651.21,524.96,3501556.17,2822709.92,678846.25
Sub-Saharan Africa,Djibouti,Fruits,Offline,L,08-12-2015,419628655,8/16/2015,6299,9.33,6.92,58769.67,43589.08,15180.59
Europe,Slovakia,Cereal,Offline,H,10/24/2015,202930629,12-03-2015,537,205.7,117.11,110460.9,62888.07,47572.83
Asia,Maldives,Baby Food,Online,H,7/20/2014,296005856,7/28/2014,3566,255.28,159.42,910328.48,568491.72,341836.76
Europe,Greece,Beverages,Offline,C,7/19/2015,723903167,8/20/2015,7889,47.45,31.79,374333.05,250791.31,123541.74
Asia,Myanmar,Household,Offline,C,01-02-2016,231983888,2/15/2016,8042,668.27,502.54,5374227.34,4041426.68,1332800.66
Europe,Kosovo,Cereal,Online,M,5/31/2010,335921847,6/16/2010,5594,205.7,117.11,1150685.8,655113.34,495572.46
Europe,Belgium,Snacks,Online,L,1/16/2017,371703374,2/20/2017,4143,152.58,97.44,632138.94,403693.92,228445.02
Middle East and North Africa,Somalia,Household,Online,M,7/31/2013,645627295,8/24/2013,4319,668.27,502.54,2886258.13,2170470.26,715787.87
Europe,United Kingdom,Baby Food,Online,C,8/20/2016,184304940,09-11-2016,8782,255.28,159.42,2241868.96,1400026.44,841842.52
Sub-Saharan Africa,Nigeria,Meat,Offline,L,5/20/2017,784660136,5/22/2017,7226,421.89,364.69,3048577.14,2635249.94,413327.2
Sub-Saharan Africa,Madagascar,Vegetables,Offline,M,8/21/2015,263929212,8/25/2015,1374,154.06,90.93,211678.44,124937.82,86740.62
Europe,Hungary,Baby Food,Offline,L,1/21/2016,109660995,1/27/2016,9980,255.28,159.42,2547694.4,1591011.6,956682.8
Europe,Monaco,Personal Care,Offline,L,10/17/2016,529716813,12-03-2016,3831,81.73,56.67,313107.63,217102.77,96004.86
Middle East and North Africa,Tunisia ,Meat,Offline,C,4/17/2013,902270495,4/23/2013,745,421.89,364.69,314308.05,271694.05,42614
Australia and Oceania,Samoa ,Personal Care,Online,M,03-09-2017,225808370,04-03-2017,569,81.73,56.67,46504.37,32245.23,14259.14
Middle East and North Africa,Azerbaijan,Baby Food,Offline,C,09-08-2014,269129264,10-12-2014,185,255.28,159.42,47226.8,29492.7,17734.1
Middle East and North Africa,Saudi Arabia,Personal Care,Online,M,10-10-2015,621344506,11-06-2015,8502,81.73,56.67,694868.46,481808.34,213060.12
Asia,China,Vegetables,Online,C,7/29/2012,941877925,09-03-2012,1463,154.06,90.93,225389.78,133030.59,92359.19
Middle East and North Africa,Syria,Snacks,Offline,L,06-01-2013,510465848,06-05-2013,7043,152.58,97.44,1074620.94,686269.92,388351.02
Asia,Cambodia,Beverages,Offline,H,05-02-2016,477157104,5/19/2016,245,47.45,31.79,11625.25,7788.55,3836.7
Europe,Czech Republic,Cosmetics,Online,C,11-11-2012,712313020,12-01-2012,8107,437.2,263.33,3544380.4,2134816.31,1409564.09
Central America and the Caribbean,Barbados,Cosmetics,Offline,C,07-10-2014,256607425,8/28/2014,4694,437.2,263.33,2052216.8,1236071.02,816145.78
Asia,Brunei,Vegetables,Offline,H,03-09-2011,471026647,4/28/2011,6107,154.06,90.93,940844.42,555309.51,385534.91
Europe,France,Cereal,Offline,H,9/20/2012,986869513,10-01-2012,5474,205.7,117.11,1126001.8,641060.14,484941.66
Asia,Taiwan,Household,Offline,H,12-03-2014,155747354,01-05-2015,7958,668.27,502.54,5318092.66,3999213.32,1318879.34
Europe,Armenia,Office Supplies,Online,C,11-06-2010,899583995,11-08-2010,5750,651.21,524.96,3744457.5,3018520,725937.5
Sub-Saharan Africa,Burundi,Vegetables,Offline,M,05-10-2017,360615766,5/30/2017,3074,154.06,90.93,473580.44,279518.82,194061.62
Central America and the Caribbean,Antigua and Barbuda ,Personal Care,Online,M,9/16/2010,251391494,10/13/2010,1184,81.73,56.67,96768.32,67097.28,29671.04
Asia,Cambodia,Cosmetics,Offline,M,09-01-2013,104772508,9/25/2013,3368,437.2,263.33,1472489.6,886895.44,585594.16
Central America and the Caribbean,Dominica,Cereal,Online,C,12/30/2015,423932635,01-03-2016,9942,205.7,117.11,2045069.4,1164307.62,880761.78
Sub-Saharan Africa,Angola,Beverages,Offline,L,1/28/2016,432358205,2/19/2016,3256,47.45,31.79,154497.2,103508.24,50988.96
Asia,North Korea,Clothes,Online,L,2/26/2017,323848044,3/17/2017,2688,109.28,35.84,293744.64,96337.92,197406.72
Europe,Moldova ,Baby Food,Online,L,12/20/2015,812513482,12/21/2015,9650,255.28,159.42,2463452,1538403,925049
Sub-Saharan Africa,South Africa,Office Supplies,Online,H,02-06-2014,882778346,2/20/2014,2585,651.21,524.96,1683377.85,1357021.6,326356.25
Europe,Germany,Meat,Offline,L,3/16/2014,939378964,3/30/2014,1966,421.89,364.69,829435.74,716980.54,112455.2
Middle East and North Africa,Saudi Arabia,Household,Online,C,3/17/2016,557364165,05-04-2016,5297,668.27,502.54,3539826.19,2661954.38,877871.81
Sub-Saharan Africa,Gabon,Vegetables,Offline,L,7/15/2013,732095277,08-07-2013,2116,154.06,90.93,325990.96,192407.88,133583.08
Central America and the Caribbean,The Bahamas,Clothes,Offline,M,01-12-2012,729246127,2/20/2012,8989,109.28,35.84,982317.92,322165.76,660152.16
Middle East and North Africa,Egypt,Cosmetics,Online,C,1/13/2011,334803044,1/17/2011,4516,437.2,263.33,1974395.2,1189198.28,785196.92
Europe,United Kingdom,Household,Offline,H,9/25/2014,305064857,10/14/2014,4325,668.27,502.54,2890267.75,2173485.5,716782.25
Europe,Lithuania,Vegetables,Online,C,3/27/2013,116642892,5/13/2013,6079,154.06,90.93,936530.74,552763.47,383767.27
Asia,Kazakhstan,Fruits,Online,L,8/25/2016,216460978,9/29/2016,4469,9.33,6.92,41695.77,30925.48,10770.29
Europe,Ukraine,Cosmetics,Online,C,06-05-2013,671755445,7/25/2013,6219,437.2,263.33,2718946.8,1637649.27,1081297.53
Europe,Bosnia and Herzegovina,Beverages,Online,L,01-06-2012,720075118,2/18/2012,5084,47.45,31.79,241235.8,161620.36,79615.44
Sub-Saharan Africa,Liberia,Vegetables,Offline,C,05-11-2014,119281327,06-09-2014,6850,154.06,90.93,1055311,622870.5,432440.5
Sub-Saharan Africa,Equatorial Guinea,Cereal,Online,H,02-06-2012,497547900,2/17/2012,4335,205.7,117.11,891709.5,507671.85,384037.65
Sub-Saharan Africa,Liberia,Household,Offline,H,02-06-2013,403361165,2/14/2013,2387,668.27,502.54,1595160.49,1199562.98,395597.51
Asia,Bangladesh,Household,Offline,M,12-03-2014,255519950,12/28/2014,2886,668.27,502.54,1928627.22,1450330.44,478296.78
Europe,Bulgaria,Meat,Online,H,03-11-2016,993135583,04-09-2016,9744,421.89,364.69,4110896.16,3553539.36,557356.8
Asia,Japan,Meat,Online,C,10/25/2012,925631892,11/20/2012,3901,421.89,364.69,1645792.89,1422655.69,223137.2
Europe,Lithuania,Baby Food,Online,H,11/30/2016,682745206,01-08-2017,8333,255.28,159.42,2127248.24,1328446.86,798801.38
Asia,Cambodia,Cosmetics,Online,M,03-02-2015,964524352,3/26/2015,3044,437.2,263.33,1330836.8,801576.52,529260.28
Europe,Iceland,Baby Food,Offline,M,6/15/2010,291330659,6/18/2010,71,255.28,159.42,18124.88,11318.82,6806.06
Europe,Greece,Clothes,Offline,L,07-09-2010,853837954,8/15/2010,8480,109.28,35.84,926694.4,303923.2,622771.2
Sub-Saharan Africa,Guinea,Fruits,Offline,L,08-04-2016,863032567,9/21/2016,9370,9.33,6.92,87422.1,64840.4,22581.7
Sub-Saharan Africa,The Gambia,Meat,Offline,M,1/15/2012,400213325,03-03-2012,871,421.89,364.69,367466.19,317644.99,49821.2
Europe,Kosovo,Cosmetics,Online,L,08-01-2011,966991555,08-12-2011,3145,437.2,263.33,1374994,828172.85,546821.15
Asia,Taiwan,Cereal,Offline,C,1/26/2012,535291087,1/27/2012,3383,205.7,117.11,695883.1,396183.13,299699.97
Europe,Armenia,Clothes,Offline,C,06-03-2011,297348248,7/17/2011,809,109.28,35.84,88407.52,28994.56,59412.96
Central America and the Caribbean,Jamaica,Baby Food,Offline,C,5/28/2012,615711867,06-01-2012,1679,255.28,159.42,428615.12,267666.18,160948.94
Sub-Saharan Africa,The Gambia,Cereal,Offline,H,4/16/2011,573243272,4/25/2011,4278,205.7,117.11,879984.6,500996.58,378988.02
Sub-Saharan Africa,Central African Republic,Personal Care,Offline,H,10-02-2016,223116290,10/29/2016,3923,81.73,56.67,320626.79,222316.41,98310.38
Europe,Germany,Household,Offline,C,11-01-2015,138817250,12-06-2015,7964,668.27,502.54,5322102.28,4002228.56,1319873.72
Asia,India,Snacks,Online,L,7/23/2015,964144980,7/23/2015,780,152.58,97.44,119012.4,76003.2,43009.2
Sub-Saharan Africa,Swaziland,Cereal,Online,C,06-11-2016,263210809,6/17/2016,8782,205.7,117.11,1806457.4,1028460.02,777997.38
Europe,Vatican City,Personal Care,Online,C,4/18/2016,170438563,05-09-2016,5413,81.73,56.67,442404.49,306754.71,135649.78
Europe,Latvia,Fruits,Offline,M,12/23/2013,640564572,1/20/2014,6147,9.33,6.92,57351.51,42537.24,14814.27
Europe,Hungary,Fruits,Offline,L,3/16/2013,798637664,05-01-2013,3487,9.33,6.92,32533.71,24130.04,8403.67
Middle East and North Africa,Jordan,Fruits,Offline,C,03-10-2011,290019166,3/20/2011,1971,9.33,6.92,18389.43,13639.32,4750.11
Australia and Oceania,Tuvalu,Fruits,Offline,C,7/22/2017,630382907,09-04-2017,3166,9.33,6.92,29538.78,21908.72,7630.06
Sub-Saharan Africa,Mali,Clothes,Offline,L,9/18/2012,255715215,10/19/2012,669,109.28,35.84,73108.32,23976.96,49131.36
Asia,Kyrgyzstan,Meat,Offline,C,3/20/2012,372314918,05-06-2012,5113,421.89,364.69,2157123.57,1864659.97,292463.6
Asia,Kyrgyzstan,Baby Food,Online,C,07-12-2017,906793344,08-09-2017,9156,255.28,159.42,2337343.68,1459649.52,877694.16
Europe,Switzerland,Snacks,Offline,M,04-01-2012,956074321,04-01-2012,2492,152.58,97.44,380229.36,242820.48,137408.88
Australia and Oceania,Vanuatu,Fruits,Online,L,05-03-2011,137394177,05-05-2011,6845,9.33,6.92,63863.85,47367.4,16496.45
Europe,Switzerland,Clothes,Online,L,11/18/2011,838301742,11/29/2011,969,109.28,35.84,105892.32,34728.96,71163.36
Sub-Saharan Africa,Zimbabwe,Office Supplies,Offline,M,1/15/2012,566658341,02-01-2012,5650,651.21,524.96,3679336.5,2966024,713312.5
Europe,Serbia,Meat,Online,H,10/24/2014,500637805,12/13/2014,8707,421.89,364.69,3673396.23,3175355.83,498040.4
Europe,Hungary,Cereal,Offline,M,9/14/2016,538726460,11-03-2016,9986,205.7,117.11,2054120.2,1169460.46,884659.74
Asia,Taiwan,Cosmetics,Offline,C,6/28/2011,649723136,8/15/2011,6369,437.2,263.33,2784526.8,1677148.77,1107378.03
Middle East and North Africa,Azerbaijan,Household,Offline,H,9/22/2016,422739160,10/29/2016,6766,668.27,502.54,4521514.82,3400185.64,1121329.18
Europe,Czech Republic,Personal Care,Offline,M,12/18/2016,417198359,02-06-2017,7120,81.73,56.67,581917.6,403490.4,178427.2
Europe,Denmark,Office Supplies,Online,H,12/17/2012,812837064,1/17/2013,5405,651.21,524.96,3519790.05,2837408.8,682381.25
Europe,Austria,Cereal,Online,M,4/30/2010,959704101,5/13/2010,6625,205.7,117.11,1362762.5,775853.75,586908.75
Middle East and North Africa,Jordan,Cosmetics,Offline,H,9/26/2015,728160798,11-09-2015,7816,437.2,263.33,3417155.2,2058187.28,1358967.92
Europe,Monaco,Cosmetics,Online,H,06-03-2010,958880984,06-10-2010,3047,437.2,263.33,1332148.4,802366.51,529781.89
Europe,Austria,Meat,Online,L,7/19/2014,312850987,7/21/2014,8414,421.89,364.69,3549782.46,3068501.66,481280.8
Europe,Monaco,Household,Offline,L,04-07-2015,221369636,4/23/2015,7049,668.27,502.54,4710635.23,3542404.46,1168230.77
Europe,Moldova ,Beverages,Offline,L,12-07-2015,836048257,1/23/2016,4113,47.45,31.79,195161.85,130752.27,64409.58
Middle East and North Africa,Oman,Meat,Offline,M,03-11-2017,578810679,04-12-2017,1797,421.89,364.69,758136.33,655347.93,102788.4
Central America and the Caribbean,Saint Vincent and the Grenadines,Personal Care,Online,C,03-05-2013,191893231,3/30/2013,4326,81.73,56.67,353563.98,245154.42,108409.56
Australia and Oceania,New Zealand,Cosmetics,Offline,H,06-09-2010,487844741,6/22/2010,2955,437.2,263.33,1291926,778140.15,513785.85
Middle East and North Africa,Yemen,Fruits,Online,M,08-08-2016,999526536,08-09-2016,969,9.33,6.92,9040.77,6705.48,2335.29
Asia,Mongolia,Beverages,Online,H,11-05-2013,430112445,12-06-2013,8685,47.45,31.79,412103.25,276096.15,136007.1
Sub-Saharan Africa,Mozambique,Clothes,Online,H,9/17/2015,703088796,9/20/2015,8454,109.28,35.84,923853.12,302991.36,620861.76
Europe,Albania,Clothes,Online,M,4/16/2010,212254416,4/30/2010,9653,109.28,35.84,1054879.84,345963.52,708916.32
Asia,Taiwan,Office Supplies,Online,L,1/14/2017,571720635,02-01-2017,3696,651.21,524.96,2406872.16,1940252.16,466620
Europe,Montenegro,Meat,Online,M,10/28/2014,765911281,11-07-2014,9023,421.89,364.69,3806713.47,3290597.87,516115.6
Middle East and North Africa,Libya,Office Supplies,Online,M,11/14/2013,299562680,01-01-2014,6109,651.21,524.96,3978241.89,3206980.64,771261.25
Sub-Saharan Africa,Guinea-Bissau,Household,Online,H,02-08-2014,547723662,03-06-2014,2458,668.27,502.54,1642607.66,1235243.32,407364.34
Europe,Italy,Personal Care,Offline,M,07-12-2016,705755555,7/16/2016,7607,81.73,56.67,621720.11,431088.69,190631.42
Sub-Saharan Africa,Cape Verde,Meat,Online,M,11-02-2011,939332187,12-02-2011,8123,421.89,364.69,3427012.47,2962376.87,464635.6
Middle East and North Africa,Morocco,Personal Care,Offline,L,07-07-2014,134439885,7/21/2014,2604,81.73,56.67,212824.92,147568.68,65256.24
Sub-Saharan Africa,South Africa,Cereal,Online,M,08-09-2013,847377479,8/14/2013,6681,205.7,117.11,1374281.7,782411.91,591869.79
Europe,Serbia,Beverages,Online,M,5/14/2014,754756295,5/30/2014,8015,47.45,31.79,380311.75,254796.85,125514.9
Middle East and North Africa,Syria,Cosmetics,Online,C,10-02-2011,303500163,11/19/2011,1298,437.2,263.33,567485.6,341802.34,225683.26
Middle East and North Africa,Syria,Household,Offline,L,12-08-2016,460845410,12/19/2016,3253,668.27,502.54,2173882.31,1634762.62,539119.69
Australia and Oceania,Samoa ,Vegetables,Online,M,8/27/2015,464340865,09-07-2015,7636,154.06,90.93,1176402.16,694341.48,482060.68
Sub-Saharan Africa,Mali,Clothes,Online,H,5/30/2017,971847856,06-12-2017,232,109.28,35.84,25352.96,8314.88,17038.08
Europe,Spain,Clothes,Online,H,11-09-2013,911540210,11/28/2013,3859,109.28,35.84,421711.52,138306.56,283404.96
Sub-Saharan Africa,Republic of the Congo,Clothes,Online,C,11-07-2012,631904256,12/25/2012,3366,109.28,35.84,367836.48,120637.44,247199.04
Europe,Slovenia,Meat,Offline,C,12/17/2011,551738822,12/19/2011,633,421.89,364.69,267056.37,230848.77,36207.6
Sub-Saharan Africa,Guinea,Cosmetics,Online,M,5/19/2017,710155236,5/21/2017,9570,437.2,263.33,4184004,2520068.1,1663935.9
Sub-Saharan Africa,South Africa,Office Supplies,Offline,C,06-11-2017,316577327,6/15/2017,1121,651.21,524.96,730006.41,588480.16,141526.25
Asia,China,Cosmetics,Offline,H,09-12-2016,900741422,10-11-2016,8258,437.2,263.33,3610397.6,2174579.14,1435818.46
Sub-Saharan Africa,Mozambique,Beverages,Online,M,12/19/2016,462696349,1/22/2017,987,47.45,31.79,46833.15,31376.73,15456.42
Sub-Saharan Africa,Guinea-Bissau,Personal Care,Online,M,7/25/2013,222803437,09-05-2013,1343,81.73,56.67,109763.39,76107.81,33655.58
Sub-Saharan Africa,Ghana,Vegetables,Online,L,3/25/2014,571736514,04-04-2014,8395,154.06,90.93,1293333.7,763357.35,529976.35
Central America and the Caribbean,Costa Rica,Baby Food,Offline,L,8/14/2012,620481908,8/29/2012,3240,255.28,159.42,827107.2,516520.8,310586.4
Europe,Iceland,Household,Online,M,10/26/2014,450338447,11-11-2014,4009,668.27,502.54,2679094.43,2014682.86,664411.57
Middle East and North Africa,Qatar,Baby Food,Offline,L,10/29/2012,662917459,12-07-2012,862,255.28,159.42,220051.36,137420.04,82631.32
Central America and the Caribbean,Dominica,Snacks,Offline,C,1/28/2011,130142772,3/15/2011,993,152.58,97.44,151511.94,96757.92,54754.02
Sub-Saharan Africa,Lesotho,Personal Care,Offline,H,1/18/2015,944250714,1/30/2015,3625,81.73,56.67,296271.25,205428.75,90842.5
Central America and the Caribbean,The Bahamas,Cosmetics,Online,M,5/17/2012,767790114,5/22/2012,5012,437.2,263.33,2191246.4,1319809.96,871436.44
North America,Mexico,Clothes,Offline,C,6/17/2014,483622300,6/18/2014,3441,109.28,35.84,376032.48,123325.44,252707.04
Sub-Saharan Africa,Djibouti,Baby Food,Offline,H,11-05-2014,144921100,11/21/2014,4229,255.28,159.42,1079579.12,674187.18,405391.94
Asia,North Korea,Cereal,Online,C,9/15/2015,325172841,10/15/2015,4725,205.7,117.11,971932.5,553344.75,418587.75
Sub-Saharan Africa,Kenya,Office Supplies,Online,C,07-02-2016,768176352,07-12-2016,9308,651.21,524.96,6061462.68,4886327.68,1175135
Asia,Sri Lanka,Cereal,Online,L,03-06-2010,838042962,4/13/2010,4391,205.7,117.11,903228.7,514230.01,388998.69
Central America and the Caribbean,Jamaica,Fruits,Online,C,04-03-2017,869196498,05-05-2017,3414,9.33,6.92,31852.62,23624.88,8227.74
Sub-Saharan Africa,Kenya,Clothes,Online,L,11/17/2013,816373288,12-12-2013,1852,109.28,35.84,202386.56,66375.68,136010.88
Europe,Montenegro,Snacks,Online,M,05-04-2011,704622161,06-11-2011,2211,152.58,97.44,337354.38,215439.84,121914.54
Europe,Georgia,Cosmetics,Online,H,06-01-2014,179304444,06-06-2014,9024,437.2,263.33,3945292.8,2376289.92,1569002.88
Central America and the Caribbean,Trinidad and Tobago,Personal Care,Offline,L,01-09-2010,756093966,2/27/2010,3862,81.73,56.67,315641.26,218859.54,96781.72
Europe,Ireland,Clothes,Online,C,06-07-2016,870977056,06-11-2016,321,109.28,35.84,35078.88,11504.64,23574.24
Australia and Oceania,Federated States of Micronesia,Meat,Offline,L,4/30/2011,830252540,6/16/2011,9031,421.89,364.69,3810088.59,3293515.39,516573.2
Sub-Saharan Africa,Benin,Cosmetics,Offline,M,4/28/2011,560531747,05-10-2011,2655,437.2,263.33,1160766,699141.15,461624.85
Middle East and North Africa,Somalia,Vegetables,Online,M,2/28/2015,958738505,3/26/2015,884,154.06,90.93,136189.04,80382.12,55806.92
Middle East and North Africa,United Arab Emirates,Office Supplies,Offline,H,1/31/2015,742109143,2/28/2015,5442,651.21,524.96,3543884.82,2856832.32,687052.5
Sub-Saharan Africa,Comoros,Household,Online,C,10-03-2015,498192489,11/17/2015,5083,668.27,502.54,3396816.41,2554410.82,842405.59
Europe,Portugal,Office Supplies,Offline,M,4/30/2015,434849870,5/16/2015,595,651.21,524.96,387469.95,312351.2,75118.75
Sub-Saharan Africa,Lesotho,Clothes,Offline,C,10/22/2016,830255115,11-12-2016,9793,109.28,35.84,1070179.04,350981.12,719197.92
Sub-Saharan Africa,Mozambique,Clothes,Online,C,09-10-2016,682894551,09-12-2016,2528,109.28,35.84,276259.84,90603.52,185656.32
Asia,Turkmenistan,Personal Care,Offline,H,05-03-2016,861567008,06-11-2016,5678,81.73,56.67,464062.94,321772.26,142290.68
Middle East and North Africa,Afghanistan,Baby Food,Offline,H,7/30/2010,955383813,8/24/2010,8156,255.28,159.42,2082063.68,1300229.52,781834.16
Sub-Saharan Africa,Cameroon,Baby Food,Online,M,04-04-2014,623768794,5/16/2014,5903,255.28,159.42,1506917.84,941056.26,565861.58
Europe,San Marino,Cosmetics,Offline,C,12/24/2012,946458280,1/28/2013,6892,437.2,263.33,3013182.4,1814870.36,1198312.04
Central America and the Caribbean,Jamaica,Meat,Offline,H,5/14/2012,373501098,6/20/2012,6130,421.89,364.69,2586185.7,2235549.7,350636
Asia,Tajikistan,Fruits,Online,L,07-06-2011,575258576,8/21/2011,651,9.33,6.92,6073.83,4504.92,1568.91
Europe,Greece,Fruits,Offline,C,5/15/2014,592404544,6/30/2014,4524,9.33,6.92,42208.92,31306.08,10902.84
Central America and the Caribbean,Nicaragua,Snacks,Online,H,10/23/2010,885925328,11/26/2010,3847,152.58,97.44,586975.26,374851.68,212123.58
Central America and the Caribbean,Dominica,Meat,Online,H,9/15/2010,187119758,11-03-2010,1749,421.89,364.69,737885.61,637842.81,100042.8
Sub-Saharan Africa,Madagascar,Office Supplies,Offline,H,06-01-2017,447599160,07-09-2017,3393,651.21,524.96,2209555.53,1781189.28,428366.25
Middle East and North Africa,Morocco,Snacks,Offline,H,06-08-2016,989287364,7/19/2016,970,152.58,97.44,148002.6,94516.8,53485.8
Sub-Saharan Africa,Burundi,Baby Food,Offline,C,1/15/2017,754420697,1/22/2017,8704,255.28,159.42,2221957.12,1387591.68,834365.44
Europe,Moldova ,Beverages,Online,H,8/23/2010,555547988,9/21/2010,7850,47.45,31.79,372482.5,249551.5,122931
Central America and the Caribbean,Cuba,Personal Care,Online,L,06-08-2012,825530564,6/15/2012,1694,81.73,56.67,138450.62,95998.98,42451.64
Central America and the Caribbean,Saint Vincent and the Grenadines,Beverages,Online,L,03-04-2012,267542254,04-07-2012,553,47.45,31.79,26239.85,17579.87,8659.98
Asia,Japan,Clothes,Online,C,10/27/2015,805069386,11-09-2015,6777,109.28,35.84,740590.56,242887.68,497702.88
Central America and the Caribbean,Antigua and Barbuda ,Beverages,Online,M,6/21/2011,831910789,7/29/2011,9744,47.45,31.79,462352.8,309761.76,152591.04
Sub-Saharan Africa,South Africa,Baby Food,Online,C,01-03-2011,162177789,1/16/2011,866,255.28,159.42,221072.48,138057.72,83014.76
Asia,Malaysia,Clothes,Online,H,01-08-2016,480294215,02-12-2016,8586,109.28,35.84,938278.08,307722.24,630555.84
Asia,Tajikistan,Meat,Offline,M,01-03-2014,390996396,01-12-2014,3377,421.89,364.69,1424722.53,1231558.13,193164.4
Europe,Iceland,Snacks,Offline,L,6/23/2012,369333159,7/25/2012,2744,152.58,97.44,418679.52,267375.36,151304.16
Asia,Mongolia,Baby Food,Online,H,06-03-2012,510665833,6/16/2012,6223,255.28,159.42,1588607.44,992070.66,596536.78
Sub-Saharan Africa,Swaziland,Office Supplies,Online,C,02-12-2012,980668246,04-02-2012,382,651.21,524.96,248762.22,200534.72,48227.5
Europe,Croatia,Fruits,Offline,M,11/24/2010,665326726,11/26/2010,3818,9.33,6.92,35621.94,26420.56,9201.38
Europe,Austria,Household,Offline,C,12/14/2012,320940101,01-03-2013,2163,668.27,502.54,1445468.01,1086994.02,358473.99
Central America and the Caribbean,Honduras,Household,Online,M,12/20/2015,324119699,01-04-2016,3076,668.27,502.54,2055598.52,1545813.04,509785.48
Europe,Sweden,Vegetables,Offline,L,11/25/2014,221789348,01-02-2015,1251,154.06,90.93,192729.06,113753.43,78975.63
Asia,Japan,Office Supplies,Offline,C,05-07-2013,981185376,05-08-2013,3412,651.21,524.96,2221928.52,1791163.52,430765
Sub-Saharan Africa,Comoros,Snacks,Online,M,03-09-2012,939856612,3/18/2012,3312,152.58,97.44,505344.96,322721.28,182623.68
Sub-Saharan Africa,Sudan,Vegetables,Offline,C,05-12-2013,755664384,06-07-2013,6739,154.06,90.93,1038210.34,612777.27,425433.07
Europe,Denmark,Personal Care,Offline,M,02-02-2016,256782519,02-07-2016,6509,81.73,56.67,531980.57,368865.03,163115.54
Sub-Saharan Africa,Central African Republic,Cereal,Online,H,1/29/2013,691697347,02-12-2013,7471,205.7,117.11,1536784.7,874928.81,661855.89
Asia,Japan,Meat,Offline,C,1/17/2017,679207694,1/24/2017,1505,421.89,364.69,634944.45,548858.45,86086
Europe,Austria,Cereal,Offline,H,6/20/2011,258424890,6/24/2011,2522,205.7,117.11,518775.4,295351.42,223423.98
Sub-Saharan Africa,Guinea,Office Supplies,Offline,L,12/21/2014,438772761,12/31/2014,1465,651.21,524.96,954022.65,769066.4,184956.25
Sub-Saharan Africa,Central African Republic,Meat,Offline,L,12/15/2016,949987637,02-01-2017,1308,421.89,364.69,551832.12,477014.52,74817.6
Sub-Saharan Africa,Cameroon,Snacks,Online,L,09-02-2011,692118346,9/24/2011,2054,152.58,97.44,313399.32,200141.76,113257.56
Middle East and North Africa,Saudi Arabia,Fruits,Online,L,2/23/2017,885526216,03-02-2017,5740,9.33,6.92,53554.2,39720.8,13833.4
Middle East and North Africa,Qatar,Cereal,Offline,C,11-03-2010,120885074,11/15/2010,1434,205.7,117.11,294973.8,167935.74,127038.06
Europe,Netherlands,Baby Food,Offline,C,09-09-2016,209181249,9/19/2016,235,255.28,159.42,59990.8,37463.7,22527.1
Asia,Kyrgyzstan,Cereal,Online,L,07-01-2010,331713569,7/13/2010,271,205.7,117.11,55744.7,31736.81,24007.89
Asia,Turkmenistan,Cereal,Online,H,7/20/2014,190093362,09-02-2014,1705,205.7,117.11,350718.5,199672.55,151045.95
Asia,Sri Lanka,Clothes,Offline,M,7/22/2010,456244456,08-08-2010,1728,109.28,35.84,188835.84,61931.52,126904.32
Europe,Finland,Household,Offline,L,7/31/2011,522403180,08-09-2011,9565,668.27,502.54,6392002.55,4806795.1,1585207.45
Central America and the Caribbean,The Bahamas,Meat,Online,C,10/25/2012,751118361,11/29/2012,1470,421.89,364.69,620178.3,536094.3,84084
Europe,Italy,Household,Online,C,7/13/2010,225251328,08-03-2010,5729,668.27,502.54,3828518.83,2879051.66,949467.17
Sub-Saharan Africa,Namibia,Household,Offline,H,5/29/2013,797975909,07-02-2013,7659,668.27,502.54,5118279.93,3848953.86,1269326.07
Sub-Saharan Africa,Malawi,Clothes,Offline,M,1/19/2016,342778432,1/22/2016,4610,109.28,35.84,503780.8,165222.4,338558.4
Central America and the Caribbean,El Salvador,Fruits,Online,L,05-06-2010,403457725,6/23/2010,961,9.33,6.92,8966.13,6650.12,2316.01
Europe,Latvia,Fruits,Offline,L,12/16/2011,344125115,02-01-2012,3124,9.33,6.92,29146.92,21618.08,7528.84
Sub-Saharan Africa,Lesotho,Baby Food,Offline,M,02-11-2011,499204432,03-03-2011,4540,255.28,159.42,1158971.2,723766.8,435204.4
Middle East and North Africa,Pakistan,Office Supplies,Offline,M,04-03-2014,823432004,04-03-2014,683,651.21,524.96,444776.43,358547.68,86228.75
Central America and the Caribbean,Belize,Personal Care,Offline,L,07-09-2017,441856658,7/17/2017,4059,81.73,56.67,331742.07,230023.53,101718.54
Central America and the Caribbean,Cuba,Cosmetics,Offline,L,7/19/2010,799839723,8/16/2010,9203,437.2,263.33,4023551.6,2423425.99,1600125.61
Europe,Italy,Cereal,Offline,C,7/16/2010,713055026,8/18/2010,7683,205.7,117.11,1580393.1,899756.13,680636.97
Asia,Cambodia,Baby Food,Offline,M,1/18/2013,417488896,1/25/2013,3097,255.28,159.42,790602.16,493723.74,296878.42
Sub-Saharan Africa,Togo,Household,Online,C,11/29/2010,219440162,12/24/2010,6075,668.27,502.54,4059740.25,3052930.5,1006809.75
Europe,Estonia,Meat,Offline,H,2/27/2013,945520150,3/23/2013,9279,421.89,364.69,3914717.31,3383958.51,530758.8
Asia,Indonesia,Cereal,Offline,L,12/21/2010,792652690,1/21/2011,2400,205.7,117.11,493680,281064,212616
Central America and the Caribbean,Dominica,Household,Offline,H,9/24/2011,278074109,10/26/2011,7163,668.27,502.54,4786818.01,3599694.02,1187123.99
Australia and Oceania,Samoa ,Snacks,Offline,M,07-11-2012,889333236,7/16/2012,2322,152.58,97.44,354290.76,226255.68,128035.08
Asia,Malaysia,Personal Care,Offline,L,07-08-2011,134291398,8/20/2011,8664,81.73,56.67,708108.72,490988.88,217119.84
Asia,Vietnam,Cosmetics,Online,C,9/14/2011,991122424,10-05-2011,4005,437.2,263.33,1750986,1054636.65,696349.35
Europe,Finland,Household,Offline,L,2/26/2017,658312642,3/31/2017,8195,668.27,502.54,5476472.65,4118315.3,1358157.35
Middle East and North Africa,Morocco,Cosmetics,Offline,L,02-01-2014,904660880,02-09-2014,8113,437.2,263.33,3547003.6,2136396.29,1410607.31
Middle East and North Africa,Kuwait,Meat,Online,M,6/23/2012,419278466,08-03-2012,2670,421.89,364.69,1126446.3,973722.3,152724
Asia,Taiwan,Personal Care,Online,L,01-08-2012,661589229,1/20/2012,7810,81.73,56.67,638311.3,442592.7,195718.6
Sub-Saharan Africa,Cameroon,Cosmetics,Offline,C,6/22/2013,911329495,07-09-2013,1504,437.2,263.33,657548.8,396048.32,261500.48
Asia,China,Baby Food,Online,H,11/17/2014,518548095,12/27/2014,8759,255.28,159.42,2235997.52,1396359.78,839637.74
Asia,Taiwan,Personal Care,Online,L,05-02-2015,253606355,5/28/2015,6611,81.73,56.67,540317.03,374645.37,165671.66
Europe,Germany,Personal Care,Offline,L,3/20/2011,957178103,3/31/2011,9126,81.73,56.67,745867.98,517170.42,228697.56
Asia,India,Office Supplies,Online,H,2/13/2015,390249669,3/28/2015,2404,651.21,524.96,1565508.84,1262003.84,303505
Sub-Saharan Africa,Malawi,Meat,Online,H,03-12-2014,884119880,3/20/2014,9574,421.89,364.69,4039174.86,3491542.06,547632.8
Middle East and North Africa,Qatar,Baby Food,Offline,H,10/20/2011,790400063,10/27/2011,5798,255.28,159.42,1480113.44,924317.16,555796.28
Europe,Andorra,Office Supplies,Online,M,2/25/2016,331014049,3/23/2016,3268,651.21,524.96,2128154.28,1715569.28,412585
Sub-Saharan Africa,Guinea-Bissau,Personal Care,Offline,H,10/22/2013,248198163,11-09-2013,6207,81.73,56.67,507298.11,351750.69,155547.42
Australia and Oceania,New Zealand,Snacks,Offline,L,4/28/2011,454501235,5/20/2011,5870,152.58,97.44,895644.6,571972.8,323671.8
Australia and Oceania,Nauru,Baby Food,Online,H,4/25/2016,482784593,06-05-2016,5544,255.28,159.42,1415272.32,883824.48,531447.84
Europe,Andorra,Cosmetics,Offline,M,12/21/2010,836222064,01-06-2011,5546,437.2,263.33,2424711.2,1460428.18,964283.02
Europe,Czech Republic,Baby Food,Offline,C,5/26/2016,738299977,5/26/2016,8225,255.28,159.42,2099678,1311229.5,788448.5
Sub-Saharan Africa,Togo,Vegetables,Online,L,2/14/2013,382817161,3/25/2013,2960,154.06,90.93,456017.6,269152.8,186864.8
Sub-Saharan Africa,Cameroon,Snacks,Offline,L,01-09-2013,483884942,2/15/2013,1162,152.58,97.44,177297.96,113225.28,64072.68
Sub-Saharan Africa,Ghana,Cosmetics,Online,H,02-11-2010,925927150,3/20/2010,1275,437.2,263.33,557430,335745.75,221684.25
Asia,Nepal,Clothes,Online,C,8/14/2014,313680112,10-02-2014,3771,109.28,35.84,412094.88,135152.64,276942.24
Asia,Indonesia,Cosmetics,Offline,M,4/28/2011,922192656,5/14/2011,6155,437.2,263.33,2690966,1620796.15,1070169.85
Sub-Saharan Africa,Nigeria,Personal Care,Offline,M,05-12-2016,146826112,05-12-2016,7964,81.73,56.67,650897.72,451319.88,199577.84
Middle East and North Africa,Afghanistan,Personal Care,Online,L,11/13/2012,853254306,12/31/2012,5765,81.73,56.67,471173.45,326702.55,144470.9
Europe,Serbia,Cereal,Online,L,4/29/2015,127463567,5/17/2015,8157,205.7,117.11,1677894.9,955266.27,722628.63
Sub-Saharan Africa,Guinea,Meat,Online,L,10-09-2012,525752723,10/21/2012,769,421.89,364.69,324433.41,280446.61,43986.8
Sub-Saharan Africa,Mauritius ,Personal Care,Online,C,6/21/2010,624733102,08-02-2010,1263,81.73,56.67,103224.99,71574.21,31650.78
Sub-Saharan Africa,Namibia,Household,Offline,M,12/13/2010,871328532,12/18/2010,4330,668.27,502.54,2893609.1,2175998.2,717610.9
Sub-Saharan Africa,Togo,Vegetables,Offline,L,3/26/2010,432775342,4/14/2010,6696,154.06,90.93,1031585.76,608867.28,422718.48
Europe,Sweden,Personal Care,Online,M,10-08-2016,346622359,11-12-2016,2114,81.73,56.67,172777.22,119800.38,52976.84
Asia,India,Cereal,Online,L,05-12-2017,370730912,5/28/2017,6370,205.7,117.11,1310309,745990.7,564318.3
Middle East and North Africa,Pakistan,Personal Care,Offline,H,3/22/2011,333274829,04-10-2011,2283,81.73,56.67,186589.59,129377.61,57211.98
Sub-Saharan Africa,Ethiopia,Personal Care,Offline,M,10-12-2013,582740437,10/20/2013,4700,81.73,56.67,384131,266349,117782
Central America and the Caribbean,Trinidad and Tobago,Household,Offline,H,01-12-2015,637926566,2/22/2015,5502,668.27,502.54,3676821.54,2764975.08,911846.46
Sub-Saharan Africa,South Africa,Cosmetics,Online,H,08-08-2013,537944543,09-11-2013,8599,437.2,263.33,3759482.8,2264374.67,1495108.13
Sub-Saharan Africa,Cote d'Ivoire,Household,Offline,M,12/21/2012,392218196,02-04-2013,4935,668.27,502.54,3297912.45,2480034.9,817877.55
Europe,Montenegro,Cereal,Offline,M,02-10-2010,830483853,3/26/2010,7482,205.7,117.11,1539047.4,876217.02,662830.38
Central America and the Caribbean,Honduras,Baby Food,Offline,M,06-02-2014,752790343,07-11-2014,6246,255.28,159.42,1594478.88,995737.32,598741.56
Sub-Saharan Africa,The Gambia,Cosmetics,Online,H,8/19/2013,479498994,8/20/2013,3263,437.2,263.33,1426583.6,859245.79,567337.81
Sub-Saharan Africa,Gabon,Baby Food,Online,M,07-01-2015,401283633,08-12-2015,7599,255.28,159.42,1939872.72,1211432.58,728440.14
Europe,Ireland,Cosmetics,Online,M,8/31/2013,529130589,10-03-2013,355,437.2,263.33,155206,93482.15,61723.85
Sub-Saharan Africa,Mali,Household,Online,M,3/22/2014,944338691,4/28/2014,9659,668.27,502.54,6454819.93,4854033.86,1600786.07
Asia,Philippines,Vegetables,Offline,L,9/28/2016,448519265,10/25/2016,5673,154.06,90.93,873982.38,515845.89,358136.49
Sub-Saharan Africa,Chad,Snacks,Online,H,07-05-2010,613596141,7/23/2010,5588,152.58,97.44,852617.04,544494.72,308122.32
Australia and Oceania,Papua New Guinea,Snacks,Online,L,2/26/2016,831805646,04-01-2016,8630,152.58,97.44,1316765.4,840907.2,475858.2
Central America and the Caribbean,Jamaica,Baby Food,Offline,H,9/24/2013,565696609,11-05-2013,1052,255.28,159.42,268554.56,167709.84,100844.72
Europe,Austria,Household,Offline,H,8/25/2014,698130357,09-12-2014,1141,668.27,502.54,762496.07,573398.14,189097.93
Australia and Oceania,Tonga,Meat,Online,L,06-11-2012,382280719,07-11-2012,4215,421.89,364.69,1778266.35,1537168.35,241098
Central America and the Caribbean,Honduras,Meat,Online,C,11/13/2016,191634023,11/18/2016,7621,421.89,364.69,3215223.69,2779302.49,435921.2
Europe,Russia,Fruits,Online,L,3/27/2012,769989097,04-09-2012,5739,9.33,6.92,53544.87,39713.88,13830.99
Sub-Saharan Africa,Ethiopia,Household,Online,C,3/18/2014,581457269,4/21/2014,4982,668.27,502.54,3329321.14,2503654.28,825666.86
Asia,Bhutan,Cereal,Offline,C,01-07-2013,860462367,02-12-2013,8791,205.7,117.11,1808308.7,1029514.01,778794.69
Sub-Saharan Africa,Djibouti,Vegetables,Online,L,02-07-2015,661740720,02-10-2015,2639,154.06,90.93,406564.34,239964.27,166600.07
Sub-Saharan Africa,Ghana,Meat,Online,C,08-07-2016,910341155,8/13/2016,9032,421.89,364.69,3810510.48,3293880.08,516630.4
Sub-Saharan Africa,Sierra Leone,Vegetables,Online,L,9/21/2014,351625001,10/21/2014,2507,154.06,90.93,386228.42,227961.51,158266.91
Middle East and North Africa,Iran,Snacks,Offline,H,07-12-2011,501266086,8/26/2011,4629,152.58,97.44,706292.82,451049.76,255243.06
Sub-Saharan Africa,Republic of the Congo,Meat,Online,M,2/21/2010,695250737,3/30/2010,8998,421.89,364.69,3796166.22,3281480.62,514685.6
Sub-Saharan Africa,Zambia,Cereal,Offline,H,12/19/2010,339877784,1/20/2011,6244,205.7,117.11,1284390.8,731234.84,553155.96
Asia,Laos,Baby Food,Offline,C,6/22/2015,261758553,07-07-2015,9028,255.28,159.42,2304667.84,1439243.76,865424.08
Sub-Saharan Africa,Tanzania,Baby Food,Online,H,10/30/2014,457816874,11-12-2014,7042,255.28,159.42,1797681.76,1122635.64,675046.12
Australia and Oceania,Samoa ,Fruits,Online,M,06-04-2016,545289075,6/18/2016,2010,9.33,6.92,18753.3,13909.2,4844.1
Europe,Bosnia and Herzegovina,Cosmetics,Offline,M,05-06-2017,211723983,6/21/2017,2686,437.2,263.33,1174319.2,707304.38,467014.82
Sub-Saharan Africa,Ethiopia,Beverages,Offline,H,10-02-2015,564982926,11/19/2015,9858,47.45,31.79,467762.1,313385.82,154376.28
Central America and the Caribbean,Belize,Snacks,Online,H,8/23/2014,983239734,10-11-2014,1342,152.58,97.44,204762.36,130764.48,73997.88
Australia and Oceania,Australia,Clothes,Online,L,07-10-2010,464980733,8/21/2010,6987,109.28,35.84,763539.36,250414.08,513125.28
Europe,Germany,Baby Food,Offline,M,4/23/2012,779004752,4/28/2012,3672,255.28,159.42,937388.16,585390.24,351997.92
Europe,Bulgaria,Cosmetics,Online,H,11-06-2014,614423120,12-11-2014,310,437.2,263.33,135532,81632.3,53899.7
Central America and the Caribbean,Guatemala,Office Supplies,Offline,H,04-04-2010,530659663,4/14/2010,2842,651.21,524.96,1850738.82,1491936.32,358802.5
Australia and Oceania,New Zealand,Vegetables,Online,H,06-10-2014,707450711,07-08-2014,9241,154.06,90.93,1423668.46,840284.13,583384.33
Europe,Serbia,Clothes,Online,M,4/16/2010,494845092,05-06-2010,4514,109.28,35.84,493289.92,161781.76,331508.16
Middle East and North Africa,Egypt,Cereal,Offline,C,1/20/2012,663204133,2/23/2012,5696,205.7,117.11,1171667.2,667058.56,504608.64
Europe,Luxembourg,Cosmetics,Online,C,02-09-2016,253201663,2/14/2016,6854,437.2,263.33,2996568.8,1804863.82,1191704.98
Europe,Slovenia,Cosmetics,Online,H,4/30/2012,625824010,5/31/2012,4087,437.2,263.33,1786836.4,1076229.71,710606.69
Asia,Maldives,Household,Offline,M,08-01-2010,512370002,9/17/2010,524,668.27,502.54,350173.48,263330.96,86842.52
Sub-Saharan Africa,Cote d'Ivoire,Snacks,Online,L,3/25/2014,964450967,3/29/2014,1328,152.58,97.44,202626.24,129400.32,73225.92
Europe,Latvia,Cereal,Online,L,05-04-2016,403990733,6/14/2016,8690,205.7,117.11,1787533,1017685.9,769847.1
Australia and Oceania,East Timor,Office Supplies,Offline,L,1/17/2011,473225629,1/24/2011,6835,651.21,524.96,4451020.35,3588101.6,862918.75
Central America and the Caribbean,Antigua and Barbuda ,Baby Food,Online,M,6/21/2012,184704482,08-04-2012,7016,255.28,159.42,1791044.48,1118490.72,672553.76
Europe,Kosovo,Household,Online,H,02-04-2013,871288621,02-06-2013,2520,668.27,502.54,1684040.4,1266400.8,417639.6
Australia and Oceania,Palau,Personal Care,Online,L,3/31/2010,336151874,4/26/2010,3664,81.73,56.67,299458.72,207638.88,91819.84
Sub-Saharan Africa,Botswana,Vegetables,Offline,M,6/15/2017,502780568,07-02-2017,2798,154.06,90.93,431059.88,254422.14,176637.74
Europe,Bulgaria,Beverages,Offline,M,04-02-2015,664973533,4/21/2015,9300,47.45,31.79,441285,295647,145638
Central America and the Caribbean,Belize,Snacks,Offline,L,07-07-2015,636842095,8/14/2015,4583,152.58,97.44,699274.14,446567.52,252706.62
Europe,United Kingdom,Clothes,Online,L,04-04-2012,302810084,4/21/2012,7088,109.28,35.84,774576.64,254033.92,520542.72
Asia,Turkmenistan,Cosmetics,Offline,L,9/14/2015,967613828,9/30/2015,7289,437.2,263.33,3186750.8,1919412.37,1267338.43
Sub-Saharan Africa,Ghana,Household,Online,M,8/21/2010,406302154,9/19/2010,2691,668.27,502.54,1798314.57,1352335.14,445979.43
Sub-Saharan Africa,Angola,Office Supplies,Online,H,3/14/2013,514236390,3/30/2013,2830,651.21,524.96,1842924.3,1485636.8,357287.5
Europe,Romania,Beverages,Online,L,02-03-2014,557090365,2/26/2014,4274,47.45,31.79,202801.3,135870.46,66930.84
Sub-Saharan Africa,Comoros,Cosmetics,Online,H,8/26/2012,320850408,09-08-2012,5620,437.2,263.33,2457064,1479914.6,977149.4
Europe,Bulgaria,Office Supplies,Online,L,1/24/2013,561815345,2/26/2013,2500,651.21,524.96,1628025,1312400,315625
Asia,Mongolia,Clothes,Offline,M,01-07-2013,756596505,2/22/2013,2574,109.28,35.84,281286.72,92252.16,189034.56
Middle East and North Africa,Oman,Cosmetics,Online,L,1/16/2015,452117717,1/18/2015,534,437.2,263.33,233464.8,140618.22,92846.58
Sub-Saharan Africa,Mauritius ,Office Supplies,Online,M,03-01-2015,615615308,3/16/2015,3105,651.21,524.96,2022007.05,1630000.8,392006.25
Europe,Greece,Meat,Online,H,04-03-2014,484638106,05-11-2014,4040,421.89,364.69,1704435.6,1473347.6,231088
Middle East and North Africa,Qatar,Baby Food,Online,C,04-05-2014,717047441,05-10-2014,9127,255.28,159.42,2329940.56,1455026.34,874914.22
Middle East and North Africa,Iran,Snacks,Offline,H,5/25/2014,241017138,06-04-2014,1182,152.58,97.44,180349.56,115174.08,65175.48
Sub-Saharan Africa,Seychelles ,Fruits,Offline,H,12/15/2014,305033528,1/15/2015,5054,9.33,6.92,47153.82,34973.68,12180.14
Europe,Denmark,Cereal,Offline,L,6/28/2013,427895438,6/30/2013,2624,205.7,117.11,539756.8,307296.64,232460.16
Europe,Ukraine,Meat,Online,M,3/18/2016,648714196,4/29/2016,7801,421.89,364.69,3291163.89,2844946.69,446217.2
Sub-Saharan Africa,Ethiopia,Baby Food,Offline,L,06-12-2011,176913630,6/19/2011,1530,255.28,159.42,390578.4,243912.6,146665.8
Middle East and North Africa,Syria,Snacks,Offline,M,4/26/2011,542230069,5/14/2011,6782,152.58,97.44,1034797.56,660838.08,373959.48
Central America and the Caribbean,Guatemala,Fruits,Offline,M,1/25/2010,644712340,2/28/2010,3563,9.33,6.92,33242.79,24655.96,8586.83
Europe,France,Vegetables,Offline,H,08-04-2010,804721772,8/28/2010,3910,154.06,90.93,602374.6,355536.3,246838.3
Europe,Estonia,Cereal,Offline,H,1/19/2013,512932193,03-10-2013,6889,205.7,117.11,1417067.3,806770.79,610296.51
Europe,Hungary,Office Supplies,Online,M,02-10-2011,680329930,3/17/2011,3600,651.21,524.96,2344356,1889856,454500
Central America and the Caribbean,Haiti,Office Supplies,Online,H,11-06-2010,488213813,12/16/2010,2171,651.21,524.96,1413776.91,1139688.16,274088.75
Asia,Thailand,Clothes,Online,L,11-02-2011,538195168,12-11-2011,2765,109.28,35.84,302159.2,99097.6,203061.6
Europe,Germany,Cosmetics,Online,H,12-07-2010,602197825,1/23/2011,2574,437.2,263.33,1125352.8,677811.42,447541.38
Central America and the Caribbean,Saint Vincent and the Grenadines,Fruits,Offline,C,8/18/2013,972458112,9/25/2013,820,9.33,6.92,7650.6,5674.4,1976.2
Sub-Saharan Africa,Ethiopia,Clothes,Online,M,2/13/2015,211524856,3/13/2015,3760,109.28,35.84,410892.8,134758.4,276134.4
Middle East and North Africa,United Arab Emirates,Beverages,Online,L,8/31/2011,102259385,10/15/2011,9679,47.45,31.79,459268.55,307695.41,151573.14
Middle East and North Africa,Libya,Meat,Online,M,12/14/2011,697835528,12/17/2011,3895,421.89,364.69,1643261.55,1420467.55,222794
Europe,Slovenia,Meat,Online,H,08-03-2010,771739614,09-07-2010,3756,421.89,364.69,1584618.84,1369775.64,214843.2
Europe,Luxembourg,Office Supplies,Offline,C,08-07-2014,967770469,8/13/2014,3643,651.21,524.96,2372358.03,1912429.28,459928.75
Middle East and North Africa,Algeria,Fruits,Offline,L,12-08-2016,650039422,1/26/2017,9965,9.33,6.92,92973.45,68957.8,24015.65
Europe,Belarus,Fruits,Online,C,5/26/2015,152970302,6/26/2015,6166,9.33,6.92,57528.78,42668.72,14860.06
Europe,Belgium,Vegetables,Online,C,06-03-2016,331299436,07-08-2016,7720,154.06,90.93,1189343.2,701979.6,487363.6
Asia,China,Personal Care,Offline,C,2/26/2016,310075652,3/31/2016,7131,81.73,56.67,582816.63,404113.77,178702.86
Middle East and North Africa,Oman,Clothes,Online,C,10/19/2011,634660279,10/28/2011,8935,109.28,35.84,976416.8,320230.4,656186.4
Asia,India,Clothes,Online,C,12/27/2012,120727145,1/31/2013,4700,109.28,35.84,513616,168448,345168
Europe,Russia,Cereal,Online,M,04-12-2015,804262578,5/28/2015,8024,205.7,117.11,1650536.8,939690.64,710846.16
Australia and Oceania,Solomon Islands,Household,Online,C,07-01-2011,291565406,7/17/2011,9538,668.27,502.54,6373959.26,4793226.52,1580732.74
Sub-Saharan Africa,Seychelles ,Clothes,Offline,M,09-07-2010,309246957,10-11-2010,1902,109.28,35.84,207850.56,68167.68,139682.88
Sub-Saharan Africa,Mauritania,Cereal,Offline,H,08-03-2011,854231059,8/26/2011,4808,205.7,117.11,989005.6,563064.88,425940.72
Europe,Moldova ,Beverages,Offline,C,01-07-2014,643754041,1/31/2014,9981,47.45,31.79,473598.45,317295.99,156302.46
Sub-Saharan Africa,Cape Verde,Household,Online,L,1/25/2015,265364730,02-07-2015,6175,668.27,502.54,4126567.25,3103184.5,1023382.75
Europe,San Marino,Office Supplies,Online,H,11/19/2012,826924455,12/19/2012,4177,651.21,524.96,2720104.17,2192757.92,527346.25
Asia,North Korea,Personal Care,Online,C,6/26/2010,806607043,6/30/2010,1804,81.73,56.67,147440.92,102232.68,45208.24
Central America and the Caribbean,Barbados,Baby Food,Online,C,12-07-2011,102898824,01-04-2012,8903,255.28,159.42,2272757.84,1419316.26,853441.58
Central America and the Caribbean,Barbados,Beverages,Offline,L,01-02-2011,484598624,02-02-2011,2357,47.45,31.79,111839.65,74929.03,36910.62
Europe,Slovakia,Cereal,Offline,H,2/13/2010,640817773,2/19/2010,1074,205.7,117.11,220921.8,125776.14,95145.66
Middle East and North Africa,Azerbaijan,Office Supplies,Offline,C,7/16/2016,230980098,8/22/2016,999,651.21,524.96,650558.79,524435.04,126123.75
Europe,Belarus,Household,Online,C,11/18/2015,334821927,12-04-2015,104,668.27,502.54,69500.08,52264.16,17235.92
Asia,Bangladesh,Household,Online,C,10-01-2013,302392089,10/30/2013,3394,668.27,502.54,2268108.38,1705620.76,562487.62
Europe,Austria,Snacks,Online,M,10/27/2016,904051911,11/17/2016,7905,152.58,97.44,1206144.9,770263.2,435881.7
North America,Canada,Snacks,Offline,M,11/25/2013,280475223,12/22/2013,7706,152.58,97.44,1175781.48,750872.64,424908.84
Asia,Cambodia,Cereal,Online,C,01-04-2010,692648351,2/19/2010,8894,205.7,117.11,1829495.8,1041576.34,787919.46
Europe,Macedonia,Baby Food,Offline,C,01-07-2015,871870124,1/20/2015,4599,255.28,159.42,1174032.72,733172.58,440860.14
Europe,Austria,Beverages,Offline,H,2/18/2017,969751870,3/20/2017,9983,47.45,31.79,473693.35,317359.57,156333.78
Central America and the Caribbean,Cuba,Baby Food,Online,M,01-02-2017,308217418,02-05-2017,7238,255.28,159.42,1847716.64,1153881.96,693834.68
Asia,Vietnam,Office Supplies,Offline,M,4/30/2016,529503095,5/25/2016,587,651.21,524.96,382260.27,308151.52,74108.75
Middle East and North Africa,Libya,Fruits,Online,M,02-05-2014,646157729,3/21/2014,1286,9.33,6.92,11998.38,8899.12,3099.26
Sub-Saharan Africa,Tanzania,Meat,Online,M,05-08-2010,191042649,6/20/2010,2620,421.89,364.69,1105351.8,955487.8,149864
Sub-Saharan Africa,Republic of the Congo,Cosmetics,Offline,H,7/25/2017,567331683,08-08-2017,4907,437.2,263.33,2145340.4,1292160.31,853180.09
Asia,Maldives,Beverages,Offline,H,5/31/2011,998511159,06-10-2011,496,47.45,31.79,23535.2,15767.84,7767.36
Sub-Saharan Africa,Kenya,Household,Online,M,04-12-2010,778379905,05-08-2010,8766,668.27,502.54,5858054.82,4405265.64,1452789.18
Europe,Switzerland,Baby Food,Online,C,11/27/2010,621049249,12/13/2010,1129,255.28,159.42,288211.12,179985.18,108225.94
Europe,Estonia,Personal Care,Offline,H,11/15/2014,410943019,12-11-2014,6026,81.73,56.67,492504.98,341493.42,151011.56
Middle East and North Africa,Qatar,Snacks,Offline,L,04-05-2017,552797544,4/16/2017,3932,152.58,97.44,599944.56,383134.08,216810.48
Central America and the Caribbean,Antigua and Barbuda ,Vegetables,Offline,C,06-06-2010,621661651,6/26/2010,2352,154.06,90.93,362349.12,213867.36,148481.76
North America,Mexico,Office Supplies,Online,C,07-07-2010,712896668,7/16/2010,821,651.21,524.96,534643.41,430992.16,103651.25
Sub-Saharan Africa,Sao Tome and Principe,Vegetables,Offline,C,10/16/2015,992176425,11/13/2015,5907,154.06,90.93,910032.42,537123.51,372908.91
Asia,Bangladesh,Vegetables,Offline,H,6/14/2010,345487248,7/20/2010,6209,154.06,90.93,956558.54,564584.37,391974.17
Sub-Saharan Africa,Zimbabwe,Personal Care,Offline,H,10/31/2013,429127967,12-02-2013,7356,81.73,56.67,601205.88,416864.52,184341.36
Europe,Lithuania,Cereal,Offline,M,1/16/2016,719709908,2/14/2016,7010,205.7,117.11,1441957,820941.1,621015.9
Sub-Saharan Africa,Benin,Snacks,Online,M,1/14/2012,764156901,02-10-2012,9863,152.58,97.44,1504896.54,961050.72,543845.82
Sub-Saharan Africa,Malawi,Clothes,Offline,L,12/28/2012,629705274,02-06-2013,2639,109.28,35.84,288389.92,94581.76,193808.16
Europe,Austria,Personal Care,Online,C,3/17/2012,453903853,04-06-2012,9092,81.73,56.67,743089.16,515243.64,227845.52
Europe,Slovenia,Cosmetics,Online,M,8/19/2011,894613969,9/20/2011,5009,437.2,263.33,2189934.8,1319019.97,870914.83
Middle East and North Africa,Jordan,Cosmetics,Offline,M,6/23/2010,880009448,7/24/2010,3206,437.2,263.33,1401663.2,844235.98,557427.22
Asia,Indonesia,Cereal,Online,H,08-07-2016,758576619,09-08-2016,8534,205.7,117.11,1755443.8,999416.74,756027.06
Asia,Laos,Personal Care,Online,M,06-03-2012,949114310,7/15/2012,2871,81.73,56.67,234646.83,162699.57,71947.26
Middle East and North Africa,Pakistan,Beverages,Offline,H,9/20/2011,590733850,10/18/2011,128,47.45,31.79,6073.6,4069.12,2004.48
Sub-Saharan Africa,Namibia,Personal Care,Offline,C,5/24/2010,692859065,07-11-2010,1249,81.73,56.67,102080.77,70780.83,31299.94
Asia,Sri Lanka,Snacks,Offline,C,12/28/2012,985226285,1/18/2013,9206,152.58,97.44,1404651.48,897032.64,507618.84
Sub-Saharan Africa,Angola,Clothes,Online,L,10-06-2013,367884337,10-12-2013,4005,109.28,35.84,437666.4,143539.2,294127.2
Australia and Oceania,Vanuatu,Personal Care,Online,H,08-06-2015,961194550,8/30/2015,7682,81.73,56.67,627849.86,435338.94,192510.92
Australia and Oceania,Tuvalu,Vegetables,Offline,M,1/31/2011,455830752,03-08-2011,9304,154.06,90.93,1433374.24,846012.72,587361.52
Europe,Moldova ,Baby Food,Offline,L,08-08-2016,662779271,8/22/2016,9970,255.28,159.42,2545141.6,1589417.4,955724.2
Europe,Serbia,Office Supplies,Online,M,07-09-2015,763338935,7/29/2015,7809,651.21,524.96,5085298.89,4099412.64,985886.25
Middle East and North Africa,Morocco,Vegetables,Offline,H,12/23/2014,459121072,1/21/2015,2983,154.06,90.93,459560.98,271244.19,188316.79
Asia,Malaysia,Household,Offline,L,11-01-2011,422049510,11-03-2011,2684,668.27,502.54,1793636.68,1348817.36,444819.32
Europe,Liechtenstein,Snacks,Online,M,7/31/2011,944360578,8/19/2011,6136,152.58,97.44,936230.88,597891.84,338339.04
Australia and Oceania,Fiji,Household,Offline,H,12/24/2016,588603103,02-04-2017,9593,668.27,502.54,6410714.11,4820866.22,1589847.89
Europe,Austria,Office Supplies,Offline,M,9/23/2016,237638413,11-11-2016,1342,651.21,524.96,873923.82,704496.32,169427.5
Europe,Slovakia,Household,Offline,L,12-08-2011,844640338,12/13/2011,6701,668.27,502.54,4478077.27,3367520.54,1110556.73
Europe,Monaco,Household,Offline,M,05-09-2012,283095204,6/22/2012,3017,668.27,502.54,2016170.59,1516163.18,500007.41
Europe,Macedonia,Clothes,Online,L,06-09-2017,996801841,07-07-2017,4671,109.28,35.84,510446.88,167408.64,343038.24
Central America and the Caribbean,Nicaragua,Baby Food,Online,L,7/25/2012,549871575,09-05-2012,8073,255.28,159.42,2060875.44,1286997.66,773877.78
Central America and the Caribbean,Saint Lucia,Household,Online,M,09-05-2010,176728236,09-08-2010,6667,668.27,502.54,4455356.09,3350434.18,1104921.91
Australia and Oceania,East Timor,Personal Care,Online,L,8/24/2010,732108151,10-08-2010,5926,81.73,56.67,484331.98,335826.42,148505.56
Europe,Finland,Beverages,Offline,C,03-07-2016,441060149,4/14/2016,8354,47.45,31.79,396397.3,265573.66,130823.64
Central America and the Caribbean,Panama,Vegetables,Online,M,12-02-2016,748945558,12/18/2016,8489,154.06,90.93,1307815.34,771904.77,535910.57
Australia and Oceania,Marshall Islands,Snacks,Offline,C,12-04-2014,471438205,12-06-2014,7896,152.58,97.44,1204771.68,769386.24,435385.44
Europe,Belgium,Beverages,Offline,H,4/26/2013,744524419,5/28/2013,175,47.45,31.79,8303.75,5563.25,2740.5
Asia,Taiwan,Office Supplies,Offline,C,07-01-2012,974503028,7/30/2012,5956,651.21,524.96,3878606.76,3126661.76,751945
Sub-Saharan Africa,Republic of the Congo,Household,Online,C,12-11-2013,187985360,01-11-2014,7900,668.27,502.54,5279333,3970066,1309267
Sub-Saharan Africa,Liberia,Office Supplies,Offline,M,5/23/2016,181895244,06-04-2016,5700,651.21,524.96,3711897,2992272,719625
Australia and Oceania,Marshall Islands,Snacks,Online,L,02-01-2012,573469007,2/13/2012,1078,152.58,97.44,164481.24,105040.32,59440.92
Middle East and North Africa,Afghanistan,Vegetables,Online,H,04-05-2013,150255477,4/13/2013,2789,154.06,90.93,429673.34,253603.77,176069.57
Europe,Andorra,Cosmetics,Offline,H,6/30/2010,920115983,08-11-2010,1621,437.2,263.33,708701.2,426857.93,281843.27
Central America and the Caribbean,Grenada,Personal Care,Online,L,5/16/2014,461224353,6/24/2014,5390,81.73,56.67,440524.7,305451.3,135073.4
Europe,Albania,Meat,Online,L,10/24/2013,472066915,12-07-2013,3945,421.89,364.69,1664356.05,1438702.05,225654
Sub-Saharan Africa,Niger,Cereal,Online,C,03-05-2010,921442496,04-09-2010,4166,205.7,117.11,856946.2,487880.26,369065.94
Sub-Saharan Africa,Cote d'Ivoire,Cereal,Online,M,06-09-2013,498462426,6/16/2013,4964,205.7,117.11,1021094.8,581334.04,439760.76
Sub-Saharan Africa,Guinea,Personal Care,Online,C,9/22/2015,662550532,11-03-2015,2281,81.73,56.67,186426.13,129264.27,57161.86
Sub-Saharan Africa,Cameroon,Fruits,Offline,C,3/22/2010,693443143,4/24/2010,4091,9.33,6.92,38169.03,28309.72,9859.31
Central America and the Caribbean,Dominican Republic,Clothes,Online,C,02-09-2010,841189086,2/24/2010,5398,109.28,35.84,589893.44,193464.32,396429.12
Europe,Romania,Household,Offline,M,6/28/2014,976149690,08-02-2014,3240,668.27,502.54,2165194.8,1628229.6,536965.2
Sub-Saharan Africa,Comoros,Clothes,Online,H,03-02-2012,138998782,3/29/2012,1683,109.28,35.84,183918.24,60318.72,123599.52
Central America and the Caribbean,Guatemala,Cosmetics,Online,L,9/28/2015,590722692,11-07-2015,6826,437.2,263.33,2984327.2,1797490.58,1186836.62
Sub-Saharan Africa,Mauritius ,Personal Care,Online,C,05-08-2012,162620246,5/16/2012,1799,81.73,56.67,147032.27,101949.33,45082.94
Sub-Saharan Africa,Zambia,Cereal,Online,H,12-09-2012,806302773,01-12-2013,1763,205.7,117.11,362649.1,206464.93,156184.17
Sub-Saharan Africa,Namibia,Cereal,Online,L,7/27/2010,943694102,7/31/2010,8911,205.7,117.11,1832992.7,1043567.21,789425.49
Europe,Malta,Personal Care,Offline,L,07-08-2014,417030560,7/28/2014,7465,81.73,56.67,610114.45,423041.55,187072.9
Australia and Oceania,East Timor,Clothes,Offline,L,03-12-2016,938860976,04-02-2016,8681,109.28,35.84,948659.68,311127.04,637532.64
Europe,Poland,Personal Care,Online,C,8/26/2015,242046678,09-06-2015,5846,81.73,56.67,477793.58,331292.82,146500.76
Europe,Vatican City,Beverages,Online,C,3/18/2010,629761493,4/17/2010,9275,47.45,31.79,440098.75,294852.25,145246.5
Central America and the Caribbean,Antigua and Barbuda ,Household,Offline,H,5/31/2013,425491750,07-03-2013,1319,668.27,502.54,881448.13,662850.26,218597.87
Europe,Croatia,Personal Care,Online,L,05-09-2013,723036277,5/21/2013,1357,81.73,56.67,110907.61,76901.19,34006.42
Europe,Ukraine,Vegetables,Online,L,05-05-2014,436506402,5/29/2014,799,154.06,90.93,123093.94,72653.07,50440.87
Middle East and North Africa,Oman,Meat,Offline,H,5/22/2010,350325953,06-03-2010,8090,421.89,364.69,3413090.1,2950342.1,462748
Europe,Kosovo,Household,Online,C,9/20/2011,869231259,10/26/2011,3701,668.27,502.54,2473267.27,1859900.54,613366.73
Europe,Liechtenstein,Fruits,Online,L,09-10-2010,668271148,10/19/2010,5138,9.33,6.92,47937.54,35554.96,12382.58
Europe,Slovakia,Personal Care,Offline,H,11/15/2015,742806947,12/16/2015,1937,81.73,56.67,158311.01,109769.79,48541.22
Europe,Belgium,Cereal,Online,L,5/23/2010,358512485,06-01-2010,666,205.7,117.11,136996.2,77995.26,59000.94
Europe,Germany,Clothes,Online,M,4/19/2016,201374089,5/25/2016,9923,109.28,35.84,1084385.44,355640.32,728745.12
Central America and the Caribbean,Dominica,Beverages,Offline,C,1/27/2015,127690589,02-04-2015,5338,47.45,31.79,253288.1,169695.02,83593.08
Sub-Saharan Africa,Liberia,Personal Care,Online,L,12/18/2011,514073312,1/27/2012,4572,81.73,56.67,373669.56,259095.24,114574.32
Middle East and North Africa,Iraq,Clothes,Online,H,1/29/2017,907446086,2/27/2017,2317,109.28,35.84,253201.76,83041.28,170160.48
Sub-Saharan Africa,Rwanda,Cosmetics,Online,H,4/19/2011,475045239,5/31/2011,5298,437.2,263.33,2316285.6,1395122.34,921163.26
Europe,Albania,Beverages,Online,H,8/22/2010,254419600,9/21/2010,7268,47.45,31.79,344866.6,231049.72,113816.88
Sub-Saharan Africa,Mozambique,Meat,Online,M,1/18/2017,903430497,1/25/2017,4015,421.89,364.69,1693888.35,1464230.35,229658
Europe,Albania,Clothes,Offline,C,08-07-2014,450251758,09-05-2014,8356,109.28,35.84,913143.68,299479.04,613664.64
Europe,Albania,Cosmetics,Online,M,2/23/2011,143369710,03-06-2011,5138,437.2,263.33,2246333.6,1352989.54,893344.06
Sub-Saharan Africa,Sierra Leone,Vegetables,Offline,M,10/30/2011,401583182,11-09-2011,6243,154.06,90.93,961796.58,567675.99,394120.59
Australia and Oceania,Tuvalu,Personal Care,Offline,C,04-10-2015,364003503,5/23/2015,5580,81.73,56.67,456053.4,316218.6,139834.8
Australia and Oceania,Samoa ,Office Supplies,Online,C,5/21/2017,140054500,06-07-2017,4094,651.21,524.96,2666053.74,2149186.24,516867.5
Asia,Indonesia,Beverages,Online,M,2/21/2015,359472501,2/23/2015,4756,47.45,31.79,225672.2,151193.24,74478.96
Sub-Saharan Africa,Kenya,Meat,Online,H,05-11-2010,822306334,5/18/2010,7573,421.89,364.69,3194972.97,2761797.37,433175.6
Sub-Saharan Africa,Chad,Cereal,Offline,L,07-02-2013,948917329,07-05-2013,4580,205.7,117.11,942106,536363.8,405742.2
Sub-Saharan Africa,Central African Republic,Snacks,Online,C,2/27/2017,229979312,2/27/2017,4844,152.58,97.44,739097.52,471999.36,267098.16
North America,United States of America,Household,Offline,H,12/30/2014,476478612,1/21/2015,9465,668.27,502.54,6325175.55,4756541.1,1568634.45
Europe,Macedonia,Meat,Offline,C,02-02-2013,869714057,03-03-2013,6571,421.89,364.69,2772239.19,2396377.99,375861.2
Europe,Hungary,Cosmetics,Online,L,01-07-2011,211296975,2/23/2011,6325,437.2,263.33,2765290,1665562.25,1099727.75
Sub-Saharan Africa,Sao Tome and Principe,Vegetables,Offline,M,3/16/2013,973151195,4/23/2013,5919,154.06,90.93,911881.14,538214.67,373666.47
Middle East and North Africa,Morocco,Personal Care,Offline,H,7/28/2017,747513043,8/25/2017,4576,81.73,56.67,373996.48,259321.92,114674.56
Middle East and North Africa,Iraq,Clothes,Online,H,9/28/2011,796931350,10/31/2011,8551,109.28,35.84,934453.28,306467.84,627985.44
Europe,Italy,Baby Food,Offline,L,09-10-2014,204267442,10-11-2014,6130,255.28,159.42,1564866.4,977244.6,587621.8
Sub-Saharan Africa,Niger,Baby Food,Online,C,5/23/2012,822695147,6/28/2012,2631,255.28,159.42,671641.68,419434.02,252207.66
Europe,Monaco,Baby Food,Offline,H,08-04-2014,525700795,09-02-2014,5402,255.28,159.42,1379022.56,861186.84,517835.72
Europe,Serbia,Fruits,Offline,L,03-05-2013,857083213,04-02-2013,8824,9.33,6.92,82327.92,61062.08,21265.84
Middle East and North Africa,Bahrain,Beverages,Online,C,3/27/2016,280953729,04-09-2016,9307,47.45,31.79,441617.15,295869.53,145747.62
Asia,South Korea,Fruits,Online,C,01-01-2014,931736171,01-05-2014,293,9.33,6.92,2733.69,2027.56,706.13
Central America and the Caribbean,Jamaica,Baby Food,Online,L,11/29/2012,964166867,01-01-2013,7257,255.28,159.42,1852566.96,1156910.94,695656.02
Sub-Saharan Africa,Cote d'Ivoire,Office Supplies,Online,M,09-05-2016,403294646,9/26/2016,2703,651.21,524.96,1760220.63,1418966.88,341253.75
Asia,Sri Lanka,Cereal,Offline,H,12-11-2014,694480836,12/13/2014,1167,205.7,117.11,240051.9,136667.37,103384.53
Australia and Oceania,Australia,Cereal,Offline,H,05-02-2017,653399264,6/20/2017,4217,205.7,117.11,867436.9,493852.87,373584.03
Middle East and North Africa,Iraq,Beverages,Offline,C,10/30/2011,516036260,12/16/2011,5452,47.45,31.79,258697.4,173319.08,85378.32
Europe,Croatia,Vegetables,Online,M,12/23/2013,588690650,01-12-2014,5500,154.06,90.93,847330,500115,347215
Central America and the Caribbean,Panama,Clothes,Offline,C,02-07-2010,797973763,02-12-2010,7024,109.28,35.84,767582.72,251740.16,515842.56
Sub-Saharan Africa,Niger,Snacks,Online,C,02-05-2014,240809428,03-06-2014,9716,152.58,97.44,1482467.28,946727.04,535740.24
Europe,United Kingdom,Snacks,Online,C,8/17/2010,334433972,9/15/2010,5299,152.58,97.44,808521.42,516334.56,292186.86
Sub-Saharan Africa,Angola,Fruits,Offline,C,12-04-2011,766396224,01-06-2012,2529,9.33,6.92,23595.57,17500.68,6094.89
Asia,Uzbekistan,Cereal,Online,L,2/24/2016,844557511,3/26/2016,2190,205.7,117.11,450483,256470.9,194012.1
Middle East and North Africa,Morocco,Clothes,Online,C,2/28/2011,847091662,03-01-2011,2102,109.28,35.84,229706.56,75335.68,154370.88
Asia,Japan,Cosmetics,Online,L,03-03-2016,672485005,04-09-2016,2112,437.2,263.33,923366.4,556152.96,367213.44
Middle East and North Africa,Bahrain,Office Supplies,Online,C,5/22/2017,289536368,06-08-2017,9100,651.21,524.96,5926011,4777136,1148875
Asia,China,Vegetables,Offline,C,3/24/2017,187357079,4/29/2017,1978,154.06,90.93,304730.68,179859.54,124871.14
Europe,Norway,Baby Food,Online,M,5/20/2015,925370967,6/13/2015,6688,255.28,159.42,1707312.64,1066200.96,641111.68
Middle East and North Africa,Afghanistan,Beverages,Online,M,08-09-2012,883314359,09-06-2012,1203,47.45,31.79,57082.35,38243.37,18838.98
Middle East and North Africa,Saudi Arabia,Baby Food,Online,H,07-07-2014,311236083,08-07-2014,528,255.28,159.42,134787.84,84173.76,50614.08
Sub-Saharan Africa,Comoros,Clothes,Offline,M,8/18/2012,879497468,9/15/2012,1700,109.28,35.84,185776,60928,124848
Australia and Oceania,Nauru,Clothes,Online,M,11/28/2010,728772342,12-03-2010,8786,109.28,35.84,960134.08,314890.24,645243.84
Middle East and North Africa,Turkey,Meat,Online,L,5/15/2014,320047032,5/26/2014,7884,421.89,364.69,3326180.76,2875215.96,450964.8
Europe,Armenia,Vegetables,Offline,C,2/28/2010,184620368,3/31/2010,2124,154.06,90.93,327223.44,193135.32,134088.12
Central America and the Caribbean,Dominican Republic,Meat,Online,M,10/15/2016,474103677,10/31/2016,6668,421.89,364.69,2813162.52,2431752.92,381409.6
Asia,Uzbekistan,Vegetables,Online,C,03-06-2012,510420787,03-08-2012,3708,154.06,90.93,571254.48,337168.44,234086.04
Sub-Saharan Africa,Ghana,Beverages,Offline,H,03-05-2013,135808026,4/18/2013,7468,47.45,31.79,354356.6,237407.72,116948.88
Sub-Saharan Africa,Chad,Meat,Offline,M,03-12-2011,162814223,04-08-2011,9202,421.89,364.69,3882231.78,3355877.38,526354.4
Asia,Maldives,Clothes,Offline,L,11-07-2013,124300706,11/14/2013,2196,109.28,35.84,239978.88,78704.64,161274.24
Europe,Liechtenstein,Beverages,Online,C,11/26/2010,523441302,12/20/2010,6768,47.45,31.79,321141.6,215154.72,105986.88
Asia,Mongolia,Personal Care,Offline,M,11/21/2015,583722341,12/24/2015,5267,81.73,56.67,430471.91,298480.89,131991.02
Sub-Saharan Africa,Zimbabwe,Clothes,Offline,H,11/25/2016,498942649,12/21/2016,7072,109.28,35.84,772828.16,253460.48,519367.68
Central America and the Caribbean,Cuba,Snacks,Offline,M,09-05-2010,983213555,9/14/2010,3595,152.58,97.44,548525.1,350296.8,198228.3
Middle East and North Africa,Azerbaijan,Household,Online,M,12/13/2013,120958888,01-09-2014,3278,668.27,502.54,2190589.06,1647326.12,543262.94
Central America and the Caribbean,Honduras,Household,Online,L,3/23/2014,116914975,4/30/2014,6594,668.27,502.54,4406572.38,3313748.76,1092823.62
Europe,Croatia,Vegetables,Offline,L,06-06-2011,546130645,07-12-2011,1049,154.06,90.93,161608.94,95385.57,66223.37
Europe,Spain,Beverages,Online,L,2/18/2014,603967225,3/21/2014,6178,47.45,31.79,293146.1,196398.62,96747.48
Sub-Saharan Africa,Mali,Beverages,Offline,L,1/13/2013,456098544,02-02-2013,8550,47.45,31.79,405697.5,271804.5,133893
Sub-Saharan Africa,Guinea-Bissau,Vegetables,Online,L,1/18/2015,788510930,02-01-2015,6762,154.06,90.93,1041753.72,614868.66,426885.06
Europe,Croatia,Meat,Online,C,10/14/2016,557503211,10/27/2016,6444,421.89,364.69,2718659.16,2350062.36,368596.8
Middle East and North Africa,Somalia,Fruits,Online,M,12-07-2015,139686715,01-04-2016,5258,9.33,6.92,49057.14,36385.36,12671.78
Sub-Saharan Africa,The Gambia,Snacks,Online,M,01-08-2015,881985270,1/18/2015,7896,152.58,97.44,1204771.68,769386.24,435385.44
Australia and Oceania,Nauru,Snacks,Online,C,1/27/2010,151635205,2/18/2010,1082,152.58,97.44,165091.56,105430.08,59661.48
Europe,Croatia,Office Supplies,Offline,L,02-11-2017,786185348,2/28/2017,8570,651.21,524.96,5580869.7,4498907.2,1081962.5
Middle East and North Africa,Morocco,Baby Food,Online,M,5/15/2015,743497025,5/25/2015,6147,255.28,159.42,1569206.16,979954.74,589251.42
Europe,Luxembourg,Meat,Offline,C,8/16/2011,751744067,8/21/2011,6630,421.89,364.69,2797130.7,2417894.7,379236
Central America and the Caribbean,Belize,Office Supplies,Online,H,9/27/2013,259412801,10/16/2013,4867,651.21,524.96,3169439.07,2554980.32,614458.75
Sub-Saharan Africa,Djibouti,Fruits,Online,C,9/16/2011,585302054,9/21/2011,2739,9.33,6.92,25554.87,18953.88,6600.99
Sub-Saharan Africa,Mozambique,Office Supplies,Online,H,9/24/2011,868523156,10/29/2011,4157,651.21,524.96,2707079.97,2182258.72,524821.25
Middle East and North Africa,Israel,Vegetables,Offline,C,4/13/2017,318499934,4/26/2017,63,154.06,90.93,9705.78,5728.59,3977.19
Asia,India,Fruits,Online,M,03-11-2010,464968717,3/22/2010,3431,9.33,6.92,32011.23,23742.52,8268.71
Australia and Oceania,New Zealand,Vegetables,Offline,C,01-01-2015,207978332,02-06-2015,4265,154.06,90.93,657065.9,387816.45,269249.45
Europe,San Marino,Clothes,Offline,L,11/17/2011,767890107,11/27/2011,4602,109.28,35.84,502906.56,164935.68,337970.88
Europe,San Marino,Meat,Online,L,2/20/2016,735377871,04-03-2016,3509,421.89,364.69,1480412.01,1279697.21,200714.8
Sub-Saharan Africa,Djibouti,Personal Care,Offline,C,11-11-2013,121427953,11/18/2013,2084,81.73,56.67,170325.32,118100.28,52225.04
Europe,Luxembourg,Snacks,Offline,C,2/19/2011,807339179,03-07-2011,8459,152.58,97.44,1290674.22,824244.96,466429.26
Central America and the Caribbean,Cuba,Cereal,Online,L,02-08-2015,694722878,3/23/2015,2793,205.7,117.11,574520.1,327088.23,247431.87
Sub-Saharan Africa,Cape Verde,Cosmetics,Online,M,1/20/2015,455502879,1/20/2015,2279,437.2,263.33,996378.8,600129.07,396249.73
Asia,Mongolia,Personal Care,Offline,M,6/20/2016,381915509,07-06-2016,6141,81.73,56.67,501903.93,348010.47,153893.46
Europe,Slovenia,Baby Food,Offline,M,7/20/2014,836509597,7/23/2014,634,255.28,159.42,161847.52,101072.28,60775.24
North America,Mexico,Snacks,Online,H,2/16/2013,902146470,3/29/2013,4043,152.58,97.44,616880.94,393949.92,222931.02
Middle East and North Africa,Somalia,Personal Care,Offline,L,4/27/2013,631999957,06-11-2013,1687,81.73,56.67,137878.51,95602.29,42276.22
Europe,Spain,Meat,Offline,H,4/20/2017,599556386,06-03-2017,913,421.89,364.69,385185.57,332961.97,52223.6
Central America and the Caribbean,Haiti,Baby Food,Offline,C,12/16/2016,548614585,12/22/2016,6102,255.28,159.42,1557718.56,972780.84,584937.72
Sub-Saharan Africa,Ghana,Cereal,Offline,M,10/22/2012,743285882,11-03-2012,3665,205.7,117.11,753890.5,429208.15,324682.35
Europe,Vatican City,Baby Food,Offline,C,3/25/2010,617994105,4/27/2010,7044,255.28,159.42,1798192.32,1122954.48,675237.84
Europe,Ireland,Household,Online,C,8/27/2015,127475583,10/15/2015,1713,668.27,502.54,1144746.51,860851.02,283895.49
Middle East and North Africa,Egypt,Cereal,Online,C,1/30/2010,196779143,03-03-2010,176,205.7,117.11,36203.2,20611.36,15591.84
Central America and the Caribbean,Saint Vincent and the Grenadines,Cereal,Offline,M,06-10-2013,471266114,6/26/2013,6971,205.7,117.11,1433934.7,816373.81,617560.89
Australia and Oceania,New Zealand,Personal Care,Online,C,8/22/2012,666610324,9/14/2012,3663,81.73,56.67,299376.99,207582.21,91794.78
Asia,Thailand,Cereal,Online,C,10/24/2010,118798100,12-03-2010,3853,205.7,117.11,792562.1,451224.83,341337.27
Central America and the Caribbean,Costa Rica,Office Supplies,Offline,H,12-05-2015,934128272,1/13/2016,8169,651.21,524.96,5319734.49,4288398.24,1031336.25
Central America and the Caribbean,Haiti,Cereal,Offline,H,4/23/2014,339212167,05-01-2014,9273,205.7,117.11,1907456.1,1085961.03,821495.07
Australia and Oceania,Marshall Islands,Meat,Online,L,04-10-2012,130973613,05-03-2012,6857,421.89,364.69,2892899.73,2500679.33,392220.4
Middle East and North Africa,Azerbaijan,Cosmetics,Online,M,3/19/2017,826648938,04-11-2017,2646,437.2,263.33,1156831.2,696771.18,460060.02
Middle East and North Africa,Somalia,Vegetables,Online,C,1/24/2011,313786971,2/28/2011,5393,154.06,90.93,830845.58,490385.49,340460.09
Asia,South Korea,Fruits,Offline,L,9/15/2014,600249040,11-02-2014,5885,9.33,6.92,54907.05,40724.2,14182.85
Sub-Saharan Africa,Sudan,Cereal,Online,M,12/29/2015,164208972,02-09-2016,1939,205.7,117.11,398852.3,227076.29,171776.01
Sub-Saharan Africa,Sierra Leone,Baby Food,Offline,C,06-06-2011,704153096,6/13/2011,3404,255.28,159.42,868973.12,542665.68,326307.44
Central America and the Caribbean,The Bahamas,Beverages,Offline,C,07-04-2017,388880240,7/31/2017,7160,47.45,31.79,339742,227616.4,112125.6
Europe,Kosovo,Snacks,Online,C,12-02-2013,607501733,1/13/2014,2118,152.58,97.44,323164.44,206377.92,116786.52
Middle East and North Africa,Israel,Personal Care,Offline,H,07-07-2015,119441401,08-11-2015,4220,81.73,56.67,344900.6,239147.4,105753.2
Sub-Saharan Africa,Botswana,Snacks,Offline,C,6/20/2015,904435575,6/21/2015,1440,152.58,97.44,219715.2,140313.6,79401.6
Australia and Oceania,Federated States of Micronesia,Meat,Offline,L,10/27/2011,512533080,11/19/2011,8783,421.89,364.69,3705459.87,3203072.27,502387.6
Asia,Brunei,Baby Food,Offline,C,3/31/2011,614095246,5/19/2011,3285,255.28,159.42,838594.8,523694.7,314900.1
Middle East and North Africa,United Arab Emirates,Cereal,Online,C,2/14/2010,249795901,2/26/2010,9013,205.7,117.11,1853974.1,1055512.43,798461.67
Australia and Oceania,Papua New Guinea,Beverages,Offline,H,6/21/2013,780621373,07-02-2013,2066,47.45,31.79,98031.7,65678.14,32353.56
Sub-Saharan Africa,Mali,Fruits,Online,M,01-06-2016,937870490,02-07-2016,5574,9.33,6.92,52005.42,38572.08,13433.34
Europe,Estonia,Cereal,Online,C,7/16/2013,873154580,08-11-2013,4699,205.7,117.11,966584.3,550299.89,416284.41
Europe,Switzerland,Snacks,Offline,L,04-05-2014,808397471,05-05-2014,1631,152.58,97.44,248857.98,158924.64,89933.34
Middle East and North Africa,Egypt,Meat,Online,C,4/22/2012,585835492,06-06-2012,596,421.89,364.69,251446.44,217355.24,34091.2
North America,United States of America,Vegetables,Online,M,3/28/2014,118017470,04-08-2014,2847,154.06,90.93,438608.82,258877.71,179731.11
Sub-Saharan Africa,Guinea,Cosmetics,Online,C,07-10-2012,737804734,08-11-2012,1671,437.2,263.33,730561.2,440024.43,290536.77
Europe,Finland,Cereal,Offline,H,1/26/2012,248371112,3/13/2012,7386,205.7,117.11,1519300.2,864974.46,654325.74
Sub-Saharan Africa,Burkina Faso,Clothes,Online,C,04-07-2011,573202931,4/18/2011,2340,109.28,35.84,255715.2,83865.6,171849.6
Central America and the Caribbean,Costa Rica,Cereal,Offline,H,05-07-2013,106099021,5/25/2013,5913,205.7,117.11,1216304.1,692471.43,523832.67
Sub-Saharan Africa,Comoros,Personal Care,Online,L,1/23/2015,461170709,2/15/2015,9516,81.73,56.67,777742.68,539271.72,238470.96
Middle East and North Africa,Bahrain,Cereal,Online,H,5/31/2010,622841823,6/20/2010,1591,205.7,117.11,327268.7,186322.01,140946.69
Sub-Saharan Africa,Uganda,Beverages,Online,L,3/15/2017,995848691,04-01-2017,2612,47.45,31.79,123939.4,83035.48,40903.92
Europe,Austria,Personal Care,Online,H,8/21/2012,255240142,8/31/2012,85,81.73,56.67,6947.05,4816.95,2130.1
Central America and the Caribbean,Belize,Meat,Offline,M,11-12-2012,296377503,11/20/2012,3544,421.89,364.69,1495178.16,1292461.36,202716.8
Europe,Ireland,Baby Food,Offline,C,2/26/2016,384934604,03-05-2016,9558,255.28,159.42,2439966.24,1523736.36,916229.88
Middle East and North Africa,Tunisia ,Cosmetics,Online,L,04-08-2014,306897771,4/29/2014,6725,437.2,263.33,2940170,1770894.25,1169275.75
Asia,Singapore,Cosmetics,Offline,H,5/26/2011,818565833,07-12-2011,675,437.2,263.33,295110,177747.75,117362.25
Sub-Saharan Africa,Gabon,Cosmetics,Offline,H,10/20/2012,496550118,12-05-2012,9069,437.2,263.33,3964966.8,2388139.77,1576827.03
Europe,Latvia,Cereal,Online,C,06-08-2013,687774455,6/27/2013,6600,205.7,117.11,1357620,772926,584694
Asia,Thailand,Clothes,Online,H,11/23/2016,559475171,12/24/2016,9991,109.28,35.84,1091816.48,358077.44,733739.04
Europe,Malta,Cereal,Offline,M,6/28/2016,249201095,08-01-2016,2997,205.7,117.11,616482.9,350978.67,265504.23
Sub-Saharan Africa,Benin,Clothes,Online,C,2/28/2014,414813554,04-11-2014,1403,109.28,35.84,153319.84,50283.52,103036.32
Central America and the Caribbean,Honduras,Meat,Offline,C,09-10-2016,884486377,9/19/2016,8029,421.89,364.69,3387354.81,2928096.01,459258.8
Australia and Oceania,Fiji,Snacks,Offline,H,10/21/2016,206705892,10/25/2016,7722,152.58,97.44,1178222.76,752431.68,425791.08
Central America and the Caribbean,Trinidad and Tobago,Office Supplies,Offline,L,1/23/2012,600270926,2/22/2012,2361,651.21,524.96,1537506.81,1239430.56,298076.25
Sub-Saharan Africa,Democratic Republic of the Congo,Meat,Online,C,3/25/2016,304292809,3/30/2016,5859,421.89,364.69,2471853.51,2136718.71,335134.8
Europe,Poland,Meat,Online,M,1/28/2010,328195369,03-08-2010,9158,421.89,364.69,3863668.62,3339831.02,523837.6
Asia,Maldives,Clothes,Offline,L,4/15/2013,401714932,06-03-2013,5230,109.28,35.84,571534.4,187443.2,384091.2
Middle East and North Africa,Lebanon,Office Supplies,Online,H,7/17/2012,324900329,8/29/2012,4082,651.21,524.96,2658239.22,2142886.72,515352.5
Europe,Croatia,Personal Care,Offline,L,9/24/2010,418112885,11-08-2010,7749,81.73,56.67,633325.77,439135.83,194189.94
Europe,Croatia,Vegetables,Offline,C,08-03-2015,172026431,8/16/2015,5299,154.06,90.93,816363.94,481838.07,334525.87
Australia and Oceania,Samoa ,Household,Offline,C,3/14/2013,497627294,04-04-2013,7829,668.27,502.54,5231885.83,3934385.66,1297500.17
Europe,Romania,Office Supplies,Online,C,3/24/2017,576214301,4/24/2017,3471,651.21,524.96,2260349.91,1822136.16,438213.75
Sub-Saharan Africa,Seychelles ,Vegetables,Offline,C,02-04-2012,109398782,2/20/2012,2385,154.06,90.93,367433.1,216868.05,150565.05
Central America and the Caribbean,El Salvador,Fruits,Online,L,5/16/2017,669104564,6/27/2017,1764,9.33,6.92,16458.12,12206.88,4251.24
Asia,China,Clothes,Online,C,11-02-2015,747567975,12-03-2015,831,109.28,35.84,90811.68,29783.04,61028.64
Sub-Saharan Africa,Sierra Leone,Meat,Online,H,04-04-2010,707337844,04-05-2010,5841,421.89,364.69,2464259.49,2130154.29,334105.2
Sub-Saharan Africa,The Gambia,Snacks,Online,C,1/15/2012,531275498,2/13/2012,5081,152.58,97.44,775258.98,495092.64,280166.34
Sub-Saharan Africa,Comoros,Vegetables,Online,L,9/21/2014,272554767,10/22/2014,3867,154.06,90.93,595750.02,351626.31,244123.71
Central America and the Caribbean,Nicaragua,Fruits,Offline,M,11/30/2012,504661977,01-05-2013,9548,9.33,6.92,89082.84,66072.16,23010.68
Sub-Saharan Africa,Malawi,Beverages,Offline,M,8/23/2013,971395957,09-04-2013,6505,47.45,31.79,308662.25,206793.95,101868.3
Europe,Malta,Office Supplies,Offline,M,06-06-2017,136868035,7/17/2017,1148,651.21,524.96,747589.08,602654.08,144935
Asia,Laos,Beverages,Online,H,07-02-2014,135502040,08-11-2014,6920,47.45,31.79,328354,219986.8,108367.2
Middle East and North Africa,Kuwait,Office Supplies,Offline,L,4/18/2011,922034299,5/31/2011,9294,651.21,524.96,6052345.74,4878978.24,1173367.5
Sub-Saharan Africa,Burkina Faso,Beverages,Offline,H,7/13/2011,721513640,08-03-2011,775,47.45,31.79,36773.75,24637.25,12136.5
Middle East and North Africa,Tunisia ,Fruits,Offline,C,5/29/2012,979301393,06-05-2012,5899,9.33,6.92,55037.67,40821.08,14216.59
Asia,Kyrgyzstan,Cosmetics,Online,L,12/30/2015,511071383,1/25/2016,6234,437.2,263.33,2725504.8,1641599.22,1083905.58
Asia,Uzbekistan,Meat,Online,M,04-09-2010,452809941,4/19/2010,5379,421.89,364.69,2269346.31,1961667.51,307678.8
Sub-Saharan Africa,Togo,Clothes,Offline,H,10-11-2010,210815894,11/16/2010,3963,109.28,35.84,433076.64,142033.92,291042.72
Central America and the Caribbean,Trinidad and Tobago,Meat,Online,L,06-01-2011,611700570,07-11-2011,4647,421.89,364.69,1960522.83,1694714.43,265808.4
Asia,Sri Lanka,Office Supplies,Offline,C,12-05-2010,752387797,1/21/2011,7124,651.21,524.96,4639220.04,3739815.04,899405
Sub-Saharan Africa,Senegal,Personal Care,Offline,H,09-12-2016,250113904,10/28/2016,3117,81.73,56.67,254752.41,176640.39,78112.02
Sub-Saharan Africa,South Sudan,Personal Care,Online,M,09-05-2010,592427718,9/19/2010,1382,81.73,56.67,112950.86,78317.94,34632.92
Asia,Kazakhstan,Meat,Offline,L,9/25/2013,187190568,11-07-2013,2704,421.89,364.69,1140790.56,986121.76,154668.8
Central America and the Caribbean,Honduras,Household,Offline,M,9/23/2013,212576282,10-03-2013,4900,668.27,502.54,3274523,2462446,812077
Sub-Saharan Africa,Ghana,Baby Food,Online,L,9/24/2014,567071187,10-01-2014,7821,255.28,159.42,1996544.88,1246823.82,749721.06
Asia,Brunei,Household,Online,M,07-10-2010,319474112,7/25/2010,8344,668.27,502.54,5576044.88,4193193.76,1382851.12
Sub-Saharan Africa,Mauritius ,Office Supplies,Online,H,02-01-2011,858896386,2/28/2011,5382,651.21,524.96,3504812.22,2825334.72,679477.5
Australia and Oceania,Tuvalu,Vegetables,Online,H,02-12-2016,944761836,03-07-2016,4877,154.06,90.93,751350.62,443465.61,307885.01
Middle East and North Africa,Turkey,Beverages,Online,C,3/24/2011,756806790,3/26/2011,4802,47.45,31.79,227854.9,152655.58,75199.32
Sub-Saharan Africa,Democratic Republic of the Congo,Cosmetics,Offline,L,03-03-2017,545080077,4/17/2017,163,437.2,263.33,71263.6,42922.79,28340.81
Europe,Ireland,Office Supplies,Online,C,05-02-2010,179943025,6/19/2010,7995,651.21,524.96,5206423.95,4197055.2,1009368.75
Central America and the Caribbean,Nicaragua,Meat,Offline,L,5/20/2017,502069461,07-06-2017,2365,421.89,364.69,997769.85,862491.85,135278
Sub-Saharan Africa,Eritrea,Personal Care,Offline,C,1/17/2013,172445714,2/25/2013,9374,81.73,56.67,766137.02,531224.58,234912.44
Europe,Latvia,Vegetables,Offline,M,10-08-2014,622370612,10/19/2014,2149,154.06,90.93,331074.94,195408.57,135666.37
Middle East and North Africa,Afghanistan,Snacks,Offline,C,10-06-2010,203455483,10/20/2010,5854,152.58,97.44,893203.32,570413.76,322789.56
Australia and Oceania,Federated States of Micronesia,Meat,Offline,L,10/25/2016,937624156,11/29/2016,2679,421.89,364.69,1130243.31,977004.51,153238.8
Central America and the Caribbean,Saint Kitts and Nevis ,Fruits,Offline,H,11/30/2011,867112958,12/25/2011,6848,9.33,6.92,63891.84,47388.16,16503.68
Europe,Norway,Office Supplies,Offline,L,03-08-2010,804470717,3/31/2010,9617,651.21,524.96,6262686.57,5048540.32,1214146.25
Europe,Ukraine,Clothes,Offline,M,09-03-2011,282558763,10-07-2011,4272,109.28,35.84,466844.16,153108.48,313735.68
Europe,Finland,Office Supplies,Offline,C,9/16/2013,704550921,11-03-2013,1129,651.21,524.96,735216.09,592679.84,142536.25
Europe,Estonia,Cereal,Online,C,09-07-2014,393933522,9/25/2014,2538,205.7,117.11,522066.6,297225.18,224841.42
Europe,Belarus,Personal Care,Online,M,04-09-2010,444505393,5/17/2010,7879,81.73,56.67,643950.67,446502.93,197447.74
Sub-Saharan Africa,Togo,Meat,Offline,H,05-05-2012,670377862,5/19/2012,8561,421.89,364.69,3611800.29,3122111.09,489689.2
Middle East and North Africa,Qatar,Personal Care,Offline,C,12-03-2014,955974757,1/14/2015,3029,81.73,56.67,247560.17,171653.43,75906.74
Middle East and North Africa,Turkey,Fruits,Online,C,1/29/2013,806032407,2/24/2013,1756,9.33,6.92,16383.48,12151.52,4231.96
Europe,Czech Republic,Cereal,Offline,C,4/28/2014,695599639,05-11-2014,2246,205.7,117.11,462002.2,263029.06,198973.14
Sub-Saharan Africa,Central African Republic,Fruits,Online,L,1/27/2012,720037782,02-10-2012,4035,9.33,6.92,37646.55,27922.2,9724.35
Asia,Brunei,Fruits,Offline,M,03-03-2012,145020663,3/28/2012,3692,9.33,6.92,34446.36,25548.64,8897.72
Sub-Saharan Africa,Liberia,Cereal,Online,L,12/17/2013,556534612,12/23/2013,9814,205.7,117.11,2018739.8,1149317.54,869422.26
Australia and Oceania,New Zealand,Cereal,Online,C,1/22/2014,910878455,1/29/2014,8031,205.7,117.11,1651976.7,940510.41,711466.29
Europe,Czech Republic,Fruits,Online,M,2/22/2010,684663522,04-04-2010,6006,9.33,6.92,56035.98,41561.52,14474.46
Asia,Nepal,Meat,Offline,L,4/28/2012,324813640,05-04-2012,8429,421.89,364.69,3556110.81,3073972.01,482138.8
Europe,Germany,Clothes,Online,M,8/15/2016,798565137,09-02-2016,2025,109.28,35.84,221292,72576,148716
Central America and the Caribbean,El Salvador,Beverages,Offline,M,05-04-2016,443466842,06-01-2016,548,47.45,31.79,26002.6,17420.92,8581.68
Middle East and North Africa,Israel,Personal Care,Offline,C,06-04-2013,817380082,06-05-2013,9785,81.73,56.67,799728.05,554515.95,245212.1
Sub-Saharan Africa,Sudan,Household,Online,M,8/31/2014,848478686,10/13/2014,2553,668.27,502.54,1706093.31,1282984.62,423108.69
Europe,Germany,Office Supplies,Online,M,10-09-2012,885248982,10/26/2012,3701,651.21,524.96,2410128.21,1942876.96,467251.25
Central America and the Caribbean,Saint Kitts and Nevis ,Household,Offline,L,11/20/2012,446489799,12/22/2012,5108,668.27,502.54,3413523.16,2566974.32,846548.84
Sub-Saharan Africa,Burkina Faso,Household,Offline,L,8/19/2013,471312463,8/23/2013,686,668.27,502.54,458433.22,344742.44,113690.78
Sub-Saharan Africa,Liberia,Snacks,Offline,H,12-01-2010,169140803,01-12-2011,1377,152.58,97.44,210102.66,134174.88,75927.78
Middle East and North Africa,Kuwait,Office Supplies,Offline,M,11-09-2016,169711148,11/22/2016,155,651.21,524.96,100937.55,81368.8,19568.75
Europe,Sweden,Household,Offline,L,7/23/2010,273072326,8/20/2010,7024,668.27,502.54,4693928.48,3529840.96,1164087.52
Middle East and North Africa,Morocco,Personal Care,Offline,H,1/20/2010,799585664,1/27/2010,4021,81.73,56.67,328636.33,227870.07,100766.26
Middle East and North Africa,Morocco,Office Supplies,Offline,M,07-06-2015,339924991,7/17/2015,213,651.21,524.96,138707.73,111816.48,26891.25
Europe,Armenia,Beverages,Offline,M,01-05-2013,705076634,1/18/2013,6699,47.45,31.79,317867.55,212961.21,104906.34
Central America and the Caribbean,Dominican Republic,Cereal,Offline,M,3/20/2016,176339423,4/13/2016,1609,205.7,117.11,330971.3,188429.99,142541.31
Middle East and North Africa,Lebanon,Household,Online,M,2/15/2017,255324685,03-06-2017,5103,668.27,502.54,3410181.81,2564461.62,845720.19
Central America and the Caribbean,Barbados,Meat,Online,H,08-04-2012,713956248,8/14/2012,4374,421.89,364.69,1845346.86,1595154.06,250192.8
Asia,Cambodia,Cereal,Online,L,09-06-2015,944470441,10-01-2015,8647,205.7,117.11,1778687.9,1012650.17,766037.73
Europe,Bosnia and Herzegovina,Cosmetics,Online,C,01-04-2014,409416091,02-01-2014,4174,437.2,263.33,1824872.8,1099139.42,725733.38
Asia,Japan,Baby Food,Offline,H,06-04-2011,891654527,7/20/2011,9244,255.28,159.42,2359808.32,1473678.48,886129.84
Middle East and North Africa,Syria,Vegetables,Offline,H,08-06-2016,644359576,9/21/2016,9173,154.06,90.93,1413192.38,834100.89,579091.49
Sub-Saharan Africa,Mauritius ,Cosmetics,Offline,C,7/28/2016,241017568,08-03-2016,1309,437.2,263.33,572294.8,344698.97,227595.83
Asia,South Korea,Baby Food,Online,H,10/20/2010,325427329,12-06-2010,33,255.28,159.42,8424.24,5260.86,3163.38
Asia,Vietnam,Beverages,Online,M,12/13/2014,261700189,1/28/2015,1756,47.45,31.79,83322.2,55823.24,27498.96
Sub-Saharan Africa,Angola,Cereal,Offline,L,09-03-2011,384259974,9/28/2011,9920,205.7,117.11,2040544,1161731.2,878812.8
Asia,Maldives,Office Supplies,Offline,M,12/25/2014,647843015,01-09-2015,9999,651.21,524.96,6511448.79,5249075.04,1262373.75
Middle East and North Africa,Syria,Baby Food,Online,M,6/13/2013,177498137,7/22/2013,4498,255.28,159.42,1148249.44,717071.16,431178.28
Sub-Saharan Africa,Zimbabwe,Personal Care,Online,L,11-08-2011,418586671,12-06-2011,7953,81.73,56.67,649998.69,450696.51,199302.18
Middle East and North Africa,Qatar,Cereal,Offline,H,04-02-2012,186782443,04-08-2012,1930,205.7,117.11,397001,226022.3,170978.7
Middle East and North Africa,Morocco,Baby Food,Online,H,3/14/2010,618071782,3/23/2010,30,255.28,159.42,7658.4,4782.6,2875.8
Europe,Austria,Fruits,Online,M,09-03-2013,218753516,9/14/2013,2881,9.33,6.92,26879.73,19936.52,6943.21
Sub-Saharan Africa,Ghana,Cosmetics,Online,L,7/25/2016,715438973,09-12-2016,3146,437.2,263.33,1375431.2,828436.18,546995.02
Europe,Finland,Office Supplies,Offline,M,1/19/2010,305051982,03-08-2010,515,651.21,524.96,335373.15,270354.4,65018.75
Central America and the Caribbean,Jamaica,Fruits,Offline,H,8/29/2016,404828870,10/15/2016,6714,9.33,6.92,62641.62,46460.88,16180.74
Central America and the Caribbean,Cuba,Baby Food,Online,H,10-06-2010,702318465,10/29/2010,496,255.28,159.42,126618.88,79072.32,47546.56
Asia,Myanmar,Baby Food,Online,H,3/27/2013,505382096,04-12-2013,2648,255.28,159.42,675981.44,422144.16,253837.28
Europe,Macedonia,Office Supplies,Online,M,12-08-2011,992193591,12/14/2011,987,651.21,524.96,642744.27,518135.52,124608.75
Sub-Saharan Africa,Republic of the Congo,Fruits,Offline,L,12-08-2010,261239278,01-12-2011,5362,9.33,6.92,50027.46,37105.04,12922.42
North America,Canada,Personal Care,Offline,C,08-02-2011,981317985,09-02-2011,2654,81.73,56.67,216911.42,150402.18,66509.24
Europe,Bosnia and Herzegovina,Fruits,Offline,L,4/18/2016,941541039,5/28/2016,1772,9.33,6.92,16532.76,12262.24,4270.52
Sub-Saharan Africa,Senegal,Fruits,Online,L,03-12-2017,701332271,4/22/2017,8659,9.33,6.92,80788.47,59920.28,20868.19
Sub-Saharan Africa,Togo,Fruits,Online,H,01-12-2015,440428006,2/13/2015,1289,9.33,6.92,12026.37,8919.88,3106.49
Central America and the Caribbean,Antigua and Barbuda ,Baby Food,Online,L,06-04-2015,408877074,7/18/2015,4667,255.28,159.42,1191391.76,744013.14,447378.62
Sub-Saharan Africa,Mauritania,Cereal,Online,C,6/19/2017,477040803,7/14/2017,5829,205.7,117.11,1199025.3,682634.19,516391.11
Asia,Kyrgyzstan,Cosmetics,Offline,L,7/17/2017,585593020,7/26/2017,8843,437.2,263.33,3866159.6,2328627.19,1537532.41
Central America and the Caribbean,Cuba,Meat,Online,H,02-04-2013,295520055,3/21/2013,9806,421.89,364.69,4137053.34,3576150.14,560903.2
Asia,North Korea,Household,Offline,M,12/31/2013,138120734,1/19/2014,1849,668.27,502.54,1235631.23,929196.46,306434.77
Asia,Cambodia,Clothes,Online,H,1/13/2016,265006387,2/13/2016,134,109.28,35.84,14643.52,4802.56,9840.96
Europe,Netherlands,Vegetables,Online,C,04-10-2012,898100841,4/28/2012,6851,154.06,90.93,1055465.06,622961.43,432503.63
Middle East and North Africa,Bahrain,Cosmetics,Online,M,12/29/2011,979640424,1/31/2012,6226,437.2,263.33,2722007.2,1639492.58,1082514.62
Europe,Malta,Household,Online,H,03-04-2014,422173964,3/17/2014,9513,668.27,502.54,6357252.51,4780663.02,1576589.49
Europe,Denmark,Personal Care,Online,H,4/17/2011,558562791,05-01-2011,9997,81.73,56.67,817054.81,566529.99,250524.82
Europe,Lithuania,Baby Food,Online,C,10/27/2015,991980731,11/22/2015,7997,255.28,159.42,2041474.16,1274881.74,766592.42
Asia,Kyrgyzstan,Personal Care,Offline,H,01-03-2011,945914113,01-05-2011,5861,81.73,56.67,479019.53,332142.87,146876.66
Asia,Maldives,Fruits,Online,C,3/28/2015,614161765,05-04-2015,2969,9.33,6.92,27700.77,20545.48,7155.29
Middle East and North Africa,Algeria,Personal Care,Online,H,02-06-2010,710835015,3/13/2010,732,81.73,56.67,59826.36,41482.44,18343.92
Europe,Germany,Vegetables,Online,H,4/30/2012,220357692,06-10-2012,7593,154.06,90.93,1169777.58,690431.49,479346.09
Sub-Saharan Africa,Benin,Snacks,Offline,M,01-02-2017,447466123,1/14/2017,4024,152.58,97.44,613981.92,392098.56,221883.36
Europe,Moldova ,Clothes,Offline,C,6/24/2016,967209136,08-08-2016,7532,109.28,35.84,823096.96,269946.88,553150.08
Sub-Saharan Africa,Togo,Cosmetics,Offline,H,10-02-2011,974948060,11/20/2011,7651,437.2,263.33,3345017.2,2014737.83,1330279.37
Sub-Saharan Africa,Comoros,Household,Offline,M,3/27/2016,636356723,4/16/2016,950,668.27,502.54,634856.5,477413,157443.5
Europe,Latvia,Fruits,Offline,H,2/17/2014,637421452,03-08-2014,6028,9.33,6.92,56241.24,41713.76,14527.48
Sub-Saharan Africa,South Sudan,Cosmetics,Offline,L,03-11-2017,834441077,4/27/2017,8513,437.2,263.33,3721883.6,2241728.29,1480155.31
Australia and Oceania,Palau,Meat,Offline,C,7/14/2015,704026925,7/28/2015,6067,421.89,364.69,2559606.63,2212574.23,347032.4
Sub-Saharan Africa,Senegal,Cosmetics,Online,C,09-08-2011,693102824,9/29/2011,3383,437.2,263.33,1479047.6,890845.39,588202.21
Central America and the Caribbean,Saint Vincent and the Grenadines,Baby Food,Offline,H,10/26/2016,868905103,11/28/2016,7184,255.28,159.42,1833931.52,1145273.28,688658.24
Sub-Saharan Africa,Namibia,Baby Food,Offline,C,8/30/2016,468982589,8/30/2016,1225,255.28,159.42,312718,195289.5,117428.5
Sub-Saharan Africa,Ghana,Household,Online,C,03-01-2013,151196610,04-09-2013,1292,668.27,502.54,863404.84,649281.68,214123.16
Middle East and North Africa,Morocco,Baby Food,Online,M,02-09-2013,643720996,02-12-2013,202,255.28,159.42,51566.56,32202.84,19363.72
Sub-Saharan Africa,Rwanda,Fruits,Offline,C,10/14/2016,495042073,10/23/2016,2805,9.33,6.92,26170.65,19410.6,6760.05
Sub-Saharan Africa,Cape Verde,Cosmetics,Online,H,03-09-2014,123958671,3/21/2014,980,437.2,263.33,428456,258063.4,170392.6
Sub-Saharan Africa,Central African Republic,Cereal,Online,C,07-05-2011,469582116,08-05-2011,8638,205.7,117.11,1776836.6,1011596.18,765240.42
Middle East and North Africa,Israel,Office Supplies,Online,H,3/25/2012,741336238,4/17/2012,6722,651.21,524.96,4377433.62,3528781.12,848652.5
Europe,Iceland,Vegetables,Online,H,4/29/2013,668957364,05-05-2013,8205,154.06,90.93,1264062.3,746080.65,517981.65
Sub-Saharan Africa,South Africa,Cosmetics,Online,L,8/14/2016,952494323,9/25/2016,3091,437.2,263.33,1351385.2,813953.03,537432.17
Middle East and North Africa,Iran,Snacks,Online,C,06-04-2017,112308442,7/23/2017,3419,152.58,97.44,521671.02,333147.36,188523.66
Middle East and North Africa,Iran,Household,Offline,C,11/28/2015,339073550,01-06-2016,8253,668.27,502.54,5515232.31,4147462.62,1367769.69
Central America and the Caribbean,Saint Vincent and the Grenadines,Vegetables,Online,H,4/19/2013,743775975,5/23/2013,8694,154.06,90.93,1339397.64,790545.42,548852.22
Sub-Saharan Africa,Guinea-Bissau,Baby Food,Online,H,09-07-2015,507714545,10/23/2015,2871,255.28,159.42,732908.88,457694.82,275214.06
Central America and the Caribbean,Grenada,Fruits,Offline,H,1/23/2015,232500588,3/14/2015,946,9.33,6.92,8826.18,6546.32,2279.86
Central America and the Caribbean,Dominican Republic,Beverages,Offline,H,11-10-2015,590057933,11/17/2015,110,47.45,31.79,5219.5,3496.9,1722.6
Asia,Maldives,Personal Care,Offline,L,12/30/2015,972622907,2/15/2016,9587,81.73,56.67,783545.51,543295.29,240250.22
Sub-Saharan Africa,Malawi,Baby Food,Offline,H,8/31/2010,842744338,10-02-2010,5632,255.28,159.42,1437736.96,897853.44,539883.52
Europe,Italy,Office Supplies,Offline,M,04-12-2011,183283555,5/23/2011,6532,651.21,524.96,4253703.72,3429038.72,824665
Sub-Saharan Africa,Nigeria,Office Supplies,Online,L,5/17/2011,847414386,6/24/2011,7603,651.21,524.96,4951149.63,3991270.88,959878.75
Asia,Laos,Fruits,Offline,C,2/17/2013,708623158,2/22/2013,6195,9.33,6.92,57799.35,42869.4,14929.95
Europe,Hungary,Vegetables,Offline,M,01-02-2016,410708701,01-10-2016,6686,154.06,90.93,1030045.16,607957.98,422087.18
Australia and Oceania,Fiji,Personal Care,Online,C,12-10-2012,217782342,01-09-2013,5489,81.73,56.67,448615.97,311061.63,137554.34
Europe,Czech Republic,Office Supplies,Offline,M,11/22/2016,464267909,12/30/2016,6046,651.21,524.96,3937215.66,3173908.16,763307.5
Asia,China,Personal Care,Online,L,7/28/2011,204901731,8/13/2011,3830,81.73,56.67,313025.9,217046.1,95979.8
Sub-Saharan Africa,South Sudan,Fruits,Offline,H,11-04-2015,364732635,12-08-2015,1347,9.33,6.92,12567.51,9321.24,3246.27
Central America and the Caribbean,Saint Lucia,Cereal,Offline,L,10-08-2011,589121949,11-03-2011,3131,205.7,117.11,644046.7,366671.41,277375.29
Europe,Poland,Cereal,Offline,L,7/21/2016,593743503,08-05-2016,752,205.7,117.11,154686.4,88066.72,66619.68
Europe,France,Clothes,Online,M,08-09-2010,614583623,9/15/2010,7806,109.28,35.84,853039.68,279767.04,573272.64
Sub-Saharan Africa,Djibouti,Beverages,Online,C,1/16/2017,957941138,1/30/2017,4925,47.45,31.79,233691.25,156565.75,77125.5
Australia and Oceania,Fiji,Baby Food,Offline,L,8/14/2014,650427377,9/19/2014,4770,255.28,159.42,1217685.6,760433.4,457252.2
Central America and the Caribbean,Saint Kitts and Nevis ,Household,Online,H,3/22/2017,588966166,4/18/2017,7032,668.27,502.54,4699274.64,3533861.28,1165413.36
Europe,Norway,Baby Food,Online,L,02-03-2017,390793836,03-01-2017,3435,255.28,159.42,876886.8,547607.7,329279.1
Europe,Finland,Household,Online,M,4/29/2011,643459212,05-08-2011,2735,668.27,502.54,1827718.45,1374446.9,453271.55
Middle East and North Africa,Lebanon,Household,Online,C,3/18/2013,654823625,04-05-2013,5717,668.27,502.54,3820499.59,2873021.18,947478.41
Europe,Andorra,Vegetables,Offline,C,8/13/2010,703060901,9/14/2010,199,154.06,90.93,30657.94,18095.07,12562.87
Sub-Saharan Africa,Equatorial Guinea,Personal Care,Offline,L,03-09-2015,686657369,4/19/2015,6029,81.73,56.67,492750.17,341663.43,151086.74
Asia,Taiwan,Household,Online,C,2/13/2013,574411857,03-11-2013,88,668.27,502.54,58807.76,44223.52,14584.24
Sub-Saharan Africa,Senegal,Fruits,Offline,M,5/29/2014,855435693,6/28/2014,1286,9.33,6.92,11998.38,8899.12,3099.26
Sub-Saharan Africa,Kenya,Vegetables,Offline,M,03-04-2011,289152705,04-10-2011,5566,154.06,90.93,857497.96,506116.38,351381.58
Central America and the Caribbean,Haiti,Household,Offline,L,9/27/2011,855299222,11-05-2011,901,668.27,502.54,602111.27,452788.54,149322.73
Europe,Norway,Cereal,Offline,H,2/23/2014,103924071,3/16/2014,2297,205.7,117.11,472492.9,269001.67,203491.23
Europe,Bosnia and Herzegovina,Beverages,Offline,M,07-02-2017,605388581,08-01-2017,6789,47.45,31.79,322138.05,215822.31,106315.74
Central America and the Caribbean,Antigua and Barbuda ,Beverages,Online,H,08-09-2010,500366580,9/28/2010,8445,47.45,31.79,400715.25,268466.55,132248.7
Europe,Serbia,Meat,Offline,M,8/14/2013,249844396,09-12-2013,3364,421.89,364.69,1419237.96,1226817.16,192420.8
Sub-Saharan Africa,Ghana,Cereal,Online,C,9/13/2013,385120856,9/17/2013,4674,205.7,117.11,961441.8,547372.14,414069.66
Australia and Oceania,Nauru,Beverages,Offline,L,3/16/2014,157807290,04-10-2014,7539,47.45,31.79,357725.55,239664.81,118060.74
Asia,Bangladesh,Vegetables,Online,M,10-11-2015,689827525,11-09-2015,4149,154.06,90.93,639194.94,377268.57,261926.37
Sub-Saharan Africa,The Gambia,Vegetables,Offline,H,7/17/2012,923417890,08-04-2012,8729,154.06,90.93,1344789.74,793727.97,551061.77
Europe,Norway,Cereal,Offline,H,1/24/2011,771127212,2/25/2011,2533,205.7,117.11,521038.1,296639.63,224398.47
Middle East and North Africa,Libya,Meat,Online,H,5/21/2011,665816819,6/13/2011,8848,421.89,364.69,3732882.72,3226777.12,506105.6
North America,Canada,Household,Offline,H,11-01-2010,210660541,12-04-2010,7990,668.27,502.54,5339477.3,4015294.6,1324182.7
Sub-Saharan Africa,Rwanda,Fruits,Offline,C,5/17/2015,429144704,06-01-2015,2309,9.33,6.92,21542.97,15978.28,5564.69
Australia and Oceania,East Timor,Cosmetics,Offline,C,02-07-2013,615068137,2/20/2013,1185,437.2,263.33,518082,312046.05,206035.95
Europe,Russia,Beverages,Online,H,11/26/2015,582542169,12/29/2015,6028,47.45,31.79,286028.6,191630.12,94398.48
Central America and the Caribbean,Antigua and Barbuda ,Fruits,Offline,L,3/19/2010,215990626,04-06-2010,5281,9.33,6.92,49271.73,36544.52,12727.21
Asia,Vietnam,Personal Care,Online,M,10/30/2013,820149838,11/25/2013,9418,81.73,56.67,769733.14,533718.06,236015.08
Central America and the Caribbean,Dominican Republic,Personal Care,Online,H,7/16/2011,170068633,7/20/2011,5943,81.73,56.67,485721.39,336789.81,148931.58
Middle East and North Africa,Algeria,Vegetables,Online,C,11/27/2011,161108338,12-07-2011,4392,154.06,90.93,676631.52,399364.56,277266.96
Europe,Romania,Fruits,Offline,L,3/15/2013,958942782,4/27/2013,1334,9.33,6.92,12446.22,9231.28,3214.94
Asia,Kyrgyzstan,Personal Care,Offline,C,10-09-2014,549558293,10/19/2014,5366,81.73,56.67,438563.18,304091.22,134471.96
Sub-Saharan Africa,Senegal,Meat,Offline,C,3/23/2013,589253699,04-06-2013,2119,421.89,364.69,893984.91,772778.11,121206.8
Sub-Saharan Africa,Angola,Beverages,Online,C,10/27/2013,554640328,11-11-2013,9253,47.45,31.79,439054.85,294152.87,144901.98
Sub-Saharan Africa,Burundi,Beverages,Offline,H,07-09-2011,892642009,7/23/2011,1462,47.45,31.79,69371.9,46476.98,22894.92
Asia,Brunei,Office Supplies,Online,M,6/27/2017,770495069,7/23/2017,5468,651.21,524.96,3560816.28,2870481.28,690335
Asia,Thailand,Cosmetics,Online,L,6/17/2017,325748336,6/17/2017,5026,437.2,263.33,2197367.2,1323496.58,873870.62
Europe,Liechtenstein,Baby Food,Online,M,5/17/2013,216263139,5/21/2013,5923,255.28,159.42,1512023.44,944244.66,567778.78
Central America and the Caribbean,Guatemala,Meat,Offline,M,01-11-2012,270213305,2/22/2012,977,421.89,364.69,412186.53,356302.13,55884.4
Europe,Kosovo,Fruits,Offline,C,9/13/2013,836085164,10-12-2013,5035,9.33,6.92,46976.55,34842.2,12134.35
Sub-Saharan Africa,Malawi,Snacks,Online,L,12/16/2015,532677543,01-06-2016,9977,152.58,97.44,1522290.66,972158.88,550131.78
Sub-Saharan Africa,Kenya,Household,Offline,M,06-05-2017,299101769,07-12-2017,9715,668.27,502.54,6492243.05,4882176.1,1610066.95
Central America and the Caribbean,Saint Lucia,Cereal,Online,M,01-06-2014,244781672,02-07-2014,5191,205.7,117.11,1067788.7,607918.01,459870.69
Central America and the Caribbean,Haiti,Office Supplies,Offline,M,04-09-2010,999453580,05-07-2010,9379,651.21,524.96,6107698.59,4923599.84,1184098.75
Europe,Belgium,Clothes,Online,L,08-01-2015,563166320,09-03-2015,2284,109.28,35.84,249595.52,81858.56,167736.96
Middle East and North Africa,Kuwait,Fruits,Offline,H,2/14/2010,156281220,03-04-2010,5941,9.33,6.92,55429.53,41111.72,14317.81
Middle East and North Africa,Kuwait,Cereal,Offline,H,10-11-2016,169472110,11/24/2016,9418,205.7,117.11,1937282.6,1102941.98,834340.62
Asia,Mongolia,Baby Food,Online,H,1/21/2014,613725316,2/22/2014,3814,255.28,159.42,973637.92,608027.88,365610.04
Asia,Cambodia,Cereal,Offline,M,8/15/2015,670339667,9/29/2015,7259,205.7,117.11,1493176.3,850101.49,643074.81
Asia,Laos,Beverages,Offline,M,6/20/2013,940926492,6/27/2013,9913,47.45,31.79,470371.85,315134.27,155237.58
Sub-Saharan Africa,Burundi,Meat,Online,M,01-10-2012,297409617,02-12-2012,8970,421.89,364.69,3784353.3,3271269.3,513084
Middle East and North Africa,Lebanon,Vegetables,Offline,H,10/13/2016,832025372,11/29/2016,3652,154.06,90.93,562627.12,332076.36,230550.76
Europe,Greece,Baby Food,Online,L,5/14/2015,207322585,5/28/2015,215,255.28,159.42,54885.2,34275.3,20609.9
Sub-Saharan Africa,Liberia,Baby Food,Offline,H,08-11-2011,206162583,8/24/2011,6945,255.28,159.42,1772919.6,1107171.9,665747.7
Europe,Slovenia,Clothes,Online,L,3/13/2014,881719195,3/22/2014,9159,109.28,35.84,1000895.52,328258.56,672636.96
Europe,Ireland,Personal Care,Offline,H,03-01-2010,107478749,04-02-2010,4205,81.73,56.67,343674.65,238297.35,105377.3
Sub-Saharan Africa,Ethiopia,Snacks,Online,C,02-09-2014,327240073,3/31/2014,6465,152.58,97.44,986429.7,629949.6,356480.1
Sub-Saharan Africa,Kenya,Meat,Offline,C,5/30/2011,905114495,07-11-2011,2348,421.89,364.69,990597.72,856292.12,134305.6
Asia,North Korea,Beverages,Online,L,01-04-2015,375525844,02-03-2015,5297,47.45,31.79,251342.65,168391.63,82951.02
Asia,India,Beverages,Online,H,3/16/2016,493210446,4/30/2016,786,47.45,31.79,37295.7,24986.94,12308.76
Central America and the Caribbean,Costa Rica,Household,Online,C,2/19/2011,383217132,2/26/2011,1320,668.27,502.54,882116.4,663352.8,218763.6
Europe,Monaco,Snacks,Offline,H,2/27/2012,590907227,2/29/2012,1435,152.58,97.44,218952.3,139826.4,79125.9
Sub-Saharan Africa,Ethiopia,Fruits,Online,M,10-03-2013,831954562,10-04-2013,2698,9.33,6.92,25172.34,18670.16,6502.18
North America,Mexico,Clothes,Online,L,6/26/2011,442345464,08-07-2011,8707,109.28,35.84,951500.96,312058.88,639442.08
Middle East and North Africa,Syria,Snacks,Online,C,4/24/2013,628378760,06-09-2013,94,152.58,97.44,14342.52,9159.36,5183.16
Middle East and North Africa,Bahrain,Cereal,Offline,H,2/22/2013,416665780,2/23/2013,9518,205.7,117.11,1957852.6,1114652.98,843199.62
Australia and Oceania,Vanuatu,Cereal,Offline,H,4/17/2017,704130351,5/21/2017,6673,205.7,117.11,1372636.1,781475.03,591161.07
Europe,Estonia,Cereal,Online,M,06-06-2010,208008801,07-09-2010,3282,205.7,117.11,675107.4,384355.02,290752.38
Middle East and North Africa,Egypt,Meat,Offline,L,05-10-2012,415849959,06-03-2012,8099,421.89,364.69,3416887.11,2953624.31,463262.8
Europe,Hungary,Meat,Offline,C,8/29/2013,635515153,10/17/2013,1911,421.89,364.69,806231.79,696922.59,109309.2
Middle East and North Africa,Lebanon,Office Supplies,Online,C,05-06-2017,245178210,06-09-2017,2536,651.21,524.96,1651468.56,1331298.56,320170
Sub-Saharan Africa,Mauritania,Cosmetics,Offline,M,05-02-2012,943325459,5/26/2012,9821,437.2,263.33,4293741.2,2586163.93,1707577.27
Sub-Saharan Africa,The Gambia,Beverages,Online,M,2/16/2015,898755729,04-06-2015,647,47.45,31.79,30700.15,20568.13,10132.02
Europe,Romania,Office Supplies,Online,L,12/28/2012,600580346,2/16/2013,3925,651.21,524.96,2555999.25,2060468,495531.25
Sub-Saharan Africa,Guinea,Household,Online,M,03-12-2013,608223140,3/21/2013,5598,668.27,502.54,3740975.46,2813218.92,927756.54
Europe,Ireland,Vegetables,Offline,L,6/28/2016,201420438,7/22/2016,3638,154.06,90.93,560470.28,330803.34,229666.94
Europe,Luxembourg,Fruits,Online,C,05-07-2013,530221068,06-03-2013,3052,9.33,6.92,28475.16,21119.84,7355.32
Sub-Saharan Africa,Senegal,Beverages,Offline,H,06-08-2010,564986360,6/21/2010,874,47.45,31.79,41471.3,27784.46,13686.84
Asia,Sri Lanka,Baby Food,Online,C,9/17/2011,246390140,10-06-2011,1172,255.28,159.42,299188.16,186840.24,112347.92
Europe,Netherlands,Clothes,Online,H,8/13/2014,935418736,9/24/2014,46,109.28,35.84,5026.88,1648.64,3378.24
North America,Greenland,Snacks,Online,L,11/15/2013,463370978,12-03-2013,624,152.58,97.44,95209.92,60802.56,34407.36
Australia and Oceania,Federated States of Micronesia,Fruits,Offline,M,11-06-2012,781858193,12/24/2012,8069,9.33,6.92,75283.77,55837.48,19446.29
Central America and the Caribbean,Jamaica,Meat,Offline,M,03-06-2012,312804210,3/24/2012,4572,421.89,364.69,1928881.08,1667362.68,261518.4
Europe,Luxembourg,Personal Care,Offline,H,7/27/2013,698445355,8/29/2013,4357,81.73,56.67,356097.61,246911.19,109186.42
North America,Mexico,Household,Offline,H,01-01-2016,951330459,1/30/2016,8678,668.27,502.54,5799247.06,4361042.12,1438204.94
Asia,Vietnam,Household,Offline,L,12/14/2011,604320847,12/24/2011,823,668.27,502.54,549986.21,413590.42,136395.79
Sub-Saharan Africa,Democratic Republic of the Congo,Personal Care,Online,C,11/22/2013,160590350,12-09-2013,1108,81.73,56.67,90556.84,62790.36,27766.48
Sub-Saharan Africa,Cameroon,Cosmetics,Offline,L,8/23/2012,643625295,8/28/2012,1882,437.2,263.33,822810.4,495587.06,327223.34
Sub-Saharan Africa,Niger,Fruits,Online,C,06-12-2011,447224509,6/29/2011,2525,9.33,6.92,23558.25,17473,6085.25
Sub-Saharan Africa,Sao Tome and Principe,Office Supplies,Offline,L,08-10-2014,285499322,8/18/2014,4449,651.21,524.96,2897233.29,2335547.04,561686.25
Sub-Saharan Africa,Mali,Office Supplies,Online,M,2/21/2016,942873561,3/15/2016,6094,651.21,524.96,3968473.74,3199106.24,769367.5
Sub-Saharan Africa,Burkina Faso,Personal Care,Online,L,2/16/2011,124083554,03-07-2011,7936,81.73,56.67,648609.28,449733.12,198876.16
Sub-Saharan Africa,Mauritius ,Personal Care,Online,L,8/22/2014,104178130,10-03-2014,7479,81.73,56.67,611258.67,423834.93,187423.74
Europe,San Marino,Personal Care,Online,C,07-12-2012,978518617,07-12-2012,4258,81.73,56.67,348006.34,241300.86,106705.48
Europe,Austria,Cereal,Online,H,8/22/2010,212778842,10-05-2010,4843,205.7,117.11,996205.1,567163.73,429041.37
Sub-Saharan Africa,Liberia,Cereal,Online,C,11/20/2015,292945134,12/20/2015,7830,205.7,117.11,1610631,916971.3,693659.7
Sub-Saharan Africa,Togo,Baby Food,Online,L,4/22/2017,175316321,05-02-2017,8850,255.28,159.42,2259228,1410867,848361
Europe,Malta,Meat,Online,C,08-01-2012,236503732,9/15/2012,5565,421.89,364.69,2347817.85,2029499.85,318318
Central America and the Caribbean,Belize,Beverages,Offline,C,10/30/2011,923431193,12-05-2011,2666,47.45,31.79,126501.7,84752.14,41749.56
Europe,Moldova ,Baby Food,Online,L,1/22/2011,503335034,03-10-2011,6877,255.28,159.42,1755560.56,1096331.34,659229.22
Europe,Serbia,Personal Care,Offline,L,2/27/2011,913764083,3/28/2011,1953,81.73,56.67,159618.69,110676.51,48942.18
Asia,Singapore,Office Supplies,Online,H,1/23/2014,112579667,3/13/2014,3680,651.21,524.96,2396452.8,1931852.8,464600
Asia,Kyrgyzstan,Cosmetics,Online,C,06-02-2011,627955615,06-10-2011,4876,437.2,263.33,2131787.2,1283997.08,847790.12
Asia,Bangladesh,Office Supplies,Online,H,02-01-2011,108378255,2/28/2011,389,651.21,524.96,253320.69,204209.44,49111.25
Australia and Oceania,Solomon Islands,Clothes,Online,L,8/19/2010,772646415,8/26/2010,2099,109.28,35.84,229378.72,75228.16,154150.56
Australia and Oceania,Australia,Office Supplies,Online,H,04-01-2016,859871423,4/20/2016,3917,651.21,524.96,2550789.57,2056268.32,494521.25
Middle East and North Africa,Bahrain,Baby Food,Online,H,04-11-2016,479477107,4/30/2016,6786,255.28,159.42,1732330.08,1081824.12,650505.96
Sub-Saharan Africa,Zimbabwe,Household,Online,H,04-05-2015,261199796,05-03-2015,3679,668.27,502.54,2458565.33,1848844.66,609720.67
Sub-Saharan Africa,Liberia,Personal Care,Offline,H,01-07-2015,905088317,01-09-2015,4601,81.73,56.67,376039.73,260738.67,115301.06
Europe,Armenia,Snacks,Offline,M,11/13/2010,931503999,11/28/2010,1588,152.58,97.44,242297.04,154734.72,87562.32
Europe,Austria,Household,Offline,M,7/19/2010,731120669,8/14/2010,3708,668.27,502.54,2477945.16,1863418.32,614526.84
Central America and the Caribbean,Costa Rica,Snacks,Offline,L,4/17/2015,314924657,4/25/2015,2059,152.58,97.44,314162.22,200628.96,113533.26
Europe,Czech Republic,Vegetables,Online,L,1/13/2016,664214789,02-04-2016,4771,154.06,90.93,735020.26,433827.03,301193.23
Central America and the Caribbean,El Salvador,Beverages,Offline,C,05-07-2012,580602395,6/21/2012,2006,47.45,31.79,95184.7,63770.74,31413.96
Sub-Saharan Africa,Niger,Vegetables,Offline,H,3/28/2016,736011302,05-04-2016,955,154.06,90.93,147127.3,86838.15,60289.15
Europe,Kosovo,Fruits,Offline,L,6/22/2010,522677838,7/17/2010,842,9.33,6.92,7855.86,5826.64,2029.22
Australia and Oceania,Tuvalu,Fruits,Offline,L,12/19/2012,303150832,1/13/2013,7923,9.33,6.92,73921.59,54827.16,19094.43
Middle East and North Africa,United Arab Emirates,Clothes,Offline,M,5/31/2012,960291612,6/14/2012,483,109.28,35.84,52782.24,17310.72,35471.52
Middle East and North Africa,Morocco,Fruits,Offline,C,6/29/2017,747274005,07-07-2017,3839,9.33,6.92,35817.87,26565.88,9251.99
Sub-Saharan Africa,The Gambia,Baby Food,Online,L,3/30/2015,237584340,05-06-2015,5341,255.28,159.42,1363450.48,851462.22,511988.26
Middle East and North Africa,Jordan,Meat,Online,C,09-07-2012,975021445,9/25/2012,9368,421.89,364.69,3952265.52,3416415.92,535849.6
Sub-Saharan Africa,Cameroon,Personal Care,Online,C,05-08-2010,523696649,06-09-2010,2331,81.73,56.67,190512.63,132097.77,58414.86
Sub-Saharan Africa,Niger,Household,Offline,H,08-08-2013,118033778,9/26/2013,7673,668.27,502.54,5127635.71,3855989.42,1271646.29
Asia,Nepal,Meat,Online,H,9/27/2013,612769162,9/27/2013,867,421.89,364.69,365778.63,316186.23,49592.4
Europe,Denmark,Fruits,Online,H,6/23/2014,232951629,07-01-2014,4418,9.33,6.92,41219.94,30572.56,10647.38
Europe,Armenia,Household,Offline,C,01-07-2013,423942506,1/13/2013,2863,668.27,502.54,1913257.01,1438772.02,474484.99
Asia,Philippines,Household,Offline,L,06-07-2011,901415622,6/24/2011,7769,668.27,502.54,5191789.63,3904233.26,1287556.37
Sub-Saharan Africa,Malawi,Snacks,Offline,M,10/31/2012,101357305,11/25/2012,2734,152.58,97.44,417153.72,266400.96,150752.76
Sub-Saharan Africa,Mauritius ,Beverages,Online,H,1/21/2010,130066382,1/26/2010,8388,47.45,31.79,398010.6,266654.52,131356.08
Europe,Poland,Vegetables,Offline,C,2/22/2012,914154183,04-08-2012,7392,154.06,90.93,1138811.52,672154.56,466656.96
Europe,Luxembourg,Household,Offline,L,04-07-2010,650544536,4/27/2010,9439,668.27,502.54,6307800.53,4743475.06,1564325.47
Europe,Austria,Fruits,Offline,M,10/23/2011,756473767,11-10-2011,6253,9.33,6.92,58340.49,43270.76,15069.73
Asia,Kyrgyzstan,Meat,Offline,M,11-11-2013,919490706,11/27/2013,6588,421.89,364.69,2779411.32,2402577.72,376833.6
Central America and the Caribbean,Guatemala,Personal Care,Offline,M,08-01-2014,447456681,08-07-2014,1230,81.73,56.67,100527.9,69704.1,30823.8
Middle East and North Africa,Israel,Clothes,Online,C,12/21/2016,518545520,01-05-2017,7997,109.28,35.84,873912.16,286612.48,587299.68
Australia and Oceania,New Zealand,Baby Food,Online,H,7/13/2017,131243550,8/18/2017,6738,255.28,159.42,1720076.64,1074171.96,645904.68
Europe,Romania,Vegetables,Online,C,1/14/2010,154349601,03-04-2010,4332,154.06,90.93,667387.92,393908.76,273479.16
Asia,Vietnam,Clothes,Online,H,1/19/2012,176974999,03-06-2012,9690,109.28,35.84,1058923.2,347289.6,711633.6
Sub-Saharan Africa,Mozambique,Cosmetics,Online,L,09-10-2015,758543574,9/21/2015,8755,437.2,263.33,3827686,2305454.15,1522231.85
Middle East and North Africa,Oman,Cosmetics,Online,C,2/22/2014,278791654,04-01-2014,9501,437.2,263.33,4153837.2,2501898.33,1651938.87
Europe,Monaco,Household,Offline,H,01-07-2013,787768065,1/17/2013,6931,668.27,502.54,4631779.37,3483104.74,1148674.63
Europe,San Marino,Cereal,Online,H,06-02-2011,355834138,6/27/2011,8084,205.7,117.11,1662878.8,946717.24,716161.56
Sub-Saharan Africa,Cote d'Ivoire,Cosmetics,Offline,C,4/16/2013,723663699,05-01-2013,7025,437.2,263.33,3071330,1849893.25,1221436.75
Europe,Russia,Cosmetics,Offline,H,02-01-2016,552243077,03-04-2016,9853,437.2,263.33,4307731.6,2594590.49,1713141.11
Europe,Ireland,Household,Offline,L,07-10-2014,372871100,7/19/2014,9699,668.27,502.54,6481550.73,4874135.46,1607415.27
Asia,Bhutan,Clothes,Offline,L,12/20/2011,337159097,02-07-2012,1724,109.28,35.84,188398.72,61788.16,126610.56
Europe,Bulgaria,Beverages,Online,L,8/17/2016,667030894,9/22/2016,8119,47.45,31.79,385246.55,258103.01,127143.54
Asia,Turkmenistan,Cereal,Online,L,1/25/2015,304722821,2/19/2015,3109,205.7,117.11,639521.3,364094.99,275426.31
Sub-Saharan Africa,Central African Republic,Meat,Online,C,11-03-2013,962783706,11-06-2013,7949,421.89,364.69,3353603.61,2898920.81,454682.8
Asia,Vietnam,Baby Food,Offline,M,12/28/2012,374074876,1/22/2013,5923,255.28,159.42,1512023.44,944244.66,567778.78
Australia and Oceania,Samoa ,Household,Offline,C,06-04-2017,841770160,07-05-2017,7351,668.27,502.54,4912452.77,3694171.54,1218281.23
Central America and the Caribbean,El Salvador,Fruits,Offline,C,5/21/2010,689355885,6/15/2010,4580,9.33,6.92,42731.4,31693.6,11037.8
Sub-Saharan Africa,Mali,Meat,Online,M,04-05-2010,110630881,04-05-2010,6991,421.89,364.69,2949432.99,2549547.79,399885.2
Europe,Belarus,Cereal,Offline,L,10/13/2013,719706475,10/25/2013,5994,205.7,117.11,1232965.8,701957.34,531008.46
Asia,Thailand,Household,Online,L,12/21/2014,601006495,12/27/2014,33,668.27,502.54,22052.91,16583.82,5469.09
Europe,Andorra,Clothes,Offline,H,6/21/2016,159267270,7/31/2016,9579,109.28,35.84,1046793.12,343311.36,703481.76
Asia,Singapore,Clothes,Online,L,8/24/2010,769537627,8/31/2010,2140,109.28,35.84,233859.2,76697.6,157161.6
Sub-Saharan Africa,Senegal,Cereal,Offline,H,8/18/2013,727178895,09-06-2013,7249,205.7,117.11,1491119.3,848930.39,642188.91
Middle East and North Africa,Iran,Cereal,Online,C,2/16/2016,197864902,03-09-2016,1476,205.7,117.11,303613.2,172854.36,130758.84
Central America and the Caribbean,Cuba,Snacks,Offline,H,6/21/2017,767581975,7/19/2017,3419,152.58,97.44,521671.02,333147.36,188523.66
Asia,Bangladesh,Personal Care,Online,M,4/15/2014,492628943,5/19/2014,8707,81.73,56.67,711623.11,493425.69,218197.42
Middle East and North Africa,Tunisia ,Vegetables,Offline,M,10/27/2011,649617135,10/29/2011,5001,154.06,90.93,770454.06,454740.93,315713.13
Europe,United Kingdom,Cosmetics,Offline,H,08-10-2012,785470378,9/15/2012,6995,437.2,263.33,3058214,1841993.35,1216220.65
Sub-Saharan Africa,Zambia,Clothes,Online,M,09-04-2012,967425000,10/20/2012,1411,109.28,35.84,154194.08,50570.24,103623.84
Sub-Saharan Africa,Uganda,Fruits,Offline,C,11/24/2012,433029830,12/30/2012,2004,9.33,6.92,18697.32,13867.68,4829.64
Sub-Saharan Africa,South Africa,Cereal,Online,H,3/22/2015,740146195,04-11-2015,4562,205.7,117.11,938403.4,534255.82,404147.58
Central America and the Caribbean,Cuba,Cereal,Offline,L,4/14/2011,816947925,4/17/2011,1900,205.7,117.11,390830,222509,168321
Sub-Saharan Africa,Burkina Faso,Snacks,Offline,L,07-09-2016,111921346,07-11-2016,8868,152.58,97.44,1353079.44,864097.92,488981.52
Middle East and North Africa,Oman,Snacks,Online,H,05-08-2013,843865287,5/30/2013,7346,152.58,97.44,1120852.68,715794.24,405058.44
Asia,Turkmenistan,Office Supplies,Online,M,7/18/2015,351891076,8/18/2015,1244,651.21,524.96,810105.24,653050.24,157055
Sub-Saharan Africa,Ethiopia,Cereal,Online,H,06-10-2011,545422542,7/15/2011,1505,205.7,117.11,309578.5,176250.55,133327.95
Europe,Armenia,Cereal,Offline,C,2/23/2013,254196012,2/28/2013,1103,205.7,117.11,226887.1,129172.33,97714.77
Europe,Finland,Personal Care,Offline,C,12-04-2014,178260314,12-04-2014,43,81.73,56.67,3514.39,2436.81,1077.58
Europe,Monaco,Household,Offline,H,02-01-2012,637976777,3/13/2012,360,668.27,502.54,240577.2,180914.4,59662.8
Europe,Monaco,Meat,Online,H,5/13/2012,224019229,6/19/2012,1123,421.89,364.69,473782.47,409546.87,64235.6
Asia,Turkmenistan,Snacks,Offline,H,12/30/2016,747373998,01-11-2017,3429,152.58,97.44,523196.82,334121.76,189075.06
Sub-Saharan Africa,Cape Verde,Clothes,Offline,M,12-01-2016,489339911,12/29/2016,5409,109.28,35.84,591095.52,193858.56,397236.96
Middle East and North Africa,Israel,Baby Food,Online,L,9/14/2011,951528298,9/23/2011,7223,255.28,159.42,1843887.44,1151490.66,692396.78
Asia,North Korea,Vegetables,Offline,C,05-08-2013,105862987,5/26/2013,6065,154.06,90.93,934373.9,551490.45,382883.45
Central America and the Caribbean,Panama,Vegetables,Offline,C,3/17/2012,944580304,4/17/2012,1158,154.06,90.93,178401.48,105296.94,73104.54
Sub-Saharan Africa,Burkina Faso,Personal Care,Offline,C,1/16/2011,230229079,1/29/2011,8756,81.73,56.67,715627.88,496202.52,219425.36
Sub-Saharan Africa,Liberia,Household,Offline,L,09-09-2013,645670640,10/22/2013,7145,668.27,502.54,4774789.15,3590648.3,1184140.85
Australia and Oceania,Vanuatu,Beverages,Online,L,09-09-2013,444078814,10/14/2013,1644,47.45,31.79,78007.8,52262.76,25745.04
Middle East and North Africa,Lebanon,Household,Online,M,3/21/2013,198939931,04-10-2013,9601,668.27,502.54,6416060.27,4824886.54,1591173.73
Sub-Saharan Africa,Cape Verde,Vegetables,Online,C,9/27/2011,554052817,10-11-2011,5396,154.06,90.93,831307.76,490658.28,340649.48
Sub-Saharan Africa,Angola,Snacks,Offline,M,05-02-2017,873528802,05-02-2017,5439,152.58,97.44,829882.62,529976.16,299906.46
Sub-Saharan Africa,Burundi,Meat,Online,C,09-01-2012,591791713,10/18/2012,3174,421.89,364.69,1339078.86,1157526.06,181552.8
Middle East and North Africa,Qatar,Fruits,Online,M,10-01-2011,563577878,11-06-2011,4073,9.33,6.92,38001.09,28185.16,9815.93
Middle East and North Africa,Afghanistan,Cereal,Offline,C,9/19/2010,813936126,10/28/2010,642,205.7,117.11,132059.4,75184.62,56874.78
Middle East and North Africa,Kuwait,Clothes,Offline,C,05-10-2014,988227784,6/18/2014,7417,109.28,35.84,810529.76,265825.28,544704.48
Europe,Ukraine,Fruits,Online,H,2/25/2017,802126681,03-07-2017,5965,9.33,6.92,55653.45,41277.8,14375.65
Asia,Thailand,Cosmetics,Offline,M,8/28/2014,491619145,10-04-2014,9885,437.2,263.33,4321722,2603017.05,1718704.95
Europe,Poland,Cosmetics,Online,L,11-05-2014,363004004,12/19/2014,9807,437.2,263.33,4287620.4,2582477.31,1705143.09
Sub-Saharan Africa,Mauritania,Household,Offline,H,8/13/2011,342892587,8/30/2011,8391,668.27,502.54,5607453.57,4216813.14,1390640.43
Sub-Saharan Africa,Tanzania,Office Supplies,Offline,M,4/14/2011,428208720,5/18/2011,5331,651.21,524.96,3471600.51,2798561.76,673038.75
Europe,Bosnia and Herzegovina,Household,Offline,L,8/30/2013,236188733,9/30/2013,2350,668.27,502.54,1570434.5,1180969,389465.5
Asia,Brunei,Clothes,Offline,M,11-04-2015,354381453,12-11-2015,8202,109.28,35.84,896314.56,293959.68,602354.88
Sub-Saharan Africa,Uganda,Snacks,Offline,H,12/23/2015,990648210,02-03-2016,3674,152.58,97.44,560578.92,357994.56,202584.36
Middle East and North Africa,Saudi Arabia,Fruits,Offline,M,1/26/2017,623162829,2/19/2017,6584,9.33,6.92,61428.72,45561.28,15867.44
Middle East and North Africa,Bahrain,Beverages,Offline,M,8/18/2015,950411641,9/13/2015,6780,47.45,31.79,321711,215536.2,106174.8
Middle East and North Africa,Saudi Arabia,Baby Food,Online,C,12/29/2012,141193473,1/25/2013,1141,255.28,159.42,291274.48,181898.22,109376.26
Sub-Saharan Africa,Sudan,Vegetables,Offline,C,08-01-2011,484619653,8/23/2011,8579,154.06,90.93,1321680.74,780088.47,541592.27
Australia and Oceania,Kiribati,Snacks,Online,M,02-02-2011,740114009,3/15/2011,5037,152.58,97.44,768545.46,490805.28,277740.18
Asia,Taiwan,Fruits,Online,M,04-09-2012,187412869,05-09-2012,8488,9.33,6.92,79193.04,58736.96,20456.08
Europe,United Kingdom,Fruits,Online,L,03-01-2013,876565062,3/23/2013,3936,9.33,6.92,36722.88,27237.12,9485.76
Middle East and North Africa,Algeria,Meat,Online,M,11/14/2012,877931916,11/28/2012,8418,421.89,364.69,3551470.02,3069960.42,481509.6
Europe,Lithuania,Personal Care,Offline,H,05-06-2015,132187259,6/16/2015,6002,81.73,56.67,490543.46,340133.34,150410.12
Central America and the Caribbean,The Bahamas,Clothes,Offline,L,6/15/2010,900317418,6/15/2010,2786,109.28,35.84,304454.08,99850.24,204603.84
Europe,Andorra,Household,Online,H,8/24/2015,113621222,9/22/2015,1899,668.27,502.54,1269044.73,954323.46,314721.27
Asia,Thailand,Meat,Offline,C,7/23/2011,623710000,8/19/2011,8504,421.89,364.69,3587752.56,3101323.76,486428.8
Asia,South Korea,Meat,Offline,H,12/23/2013,852507579,1/24/2014,4792,421.89,364.69,2021696.88,1747594.48,274102.4
Sub-Saharan Africa,Zambia,Clothes,Online,M,1/15/2017,642250287,03-01-2017,4987,109.28,35.84,544979.36,178734.08,366245.28
Sub-Saharan Africa,Zimbabwe,Meat,Online,L,2/25/2012,805486953,03-02-2012,344,421.89,364.69,145130.16,125453.36,19676.8
Middle East and North Africa,Libya,Personal Care,Online,M,07-04-2014,875078904,7/22/2014,4149,81.73,56.67,339097.77,235123.83,103973.94
Europe,Austria,Baby Food,Offline,H,11-10-2013,454199969,12-02-2013,6719,255.28,159.42,1715226.32,1071142.98,644083.34
Central America and the Caribbean,Belize,Meat,Offline,M,03-04-2016,566336476,3/26/2016,403,421.89,364.69,170021.67,146970.07,23051.6
Sub-Saharan Africa,Nigeria,Beverages,Online,H,2/13/2017,505287253,2/24/2017,4582,47.45,31.79,217415.9,145661.78,71754.12
Sub-Saharan Africa,Madagascar,Beverages,Online,L,06-07-2013,985163629,7/22/2013,665,47.45,31.79,31554.25,21140.35,10413.9
Europe,Sweden,Cosmetics,Offline,H,04-10-2014,990389430,4/28/2014,7096,437.2,263.33,3102371.2,1868589.68,1233781.52
Australia and Oceania,Marshall Islands,Cereal,Offline,C,9/19/2014,925700986,10/28/2014,4348,205.7,117.11,894383.6,509194.28,385189.32
Europe,Poland,Cosmetics,Online,C,09-11-2014,366147124,09-12-2014,9926,437.2,263.33,4339647.2,2613813.58,1725833.62
Europe,Bosnia and Herzegovina,Clothes,Offline,C,3/15/2015,307089173,3/31/2015,3365,109.28,35.84,367727.2,120601.6,247125.6
Asia,Tajikistan,Fruits,Offline,H,07-06-2014,914200961,08-05-2014,1235,9.33,6.92,11522.55,8546.2,2976.35
Europe,Monaco,Clothes,Online,C,12/17/2011,173468816,12/20/2011,2132,109.28,35.84,232984.96,76410.88,156574.08
Middle East and North Africa,Egypt,Meat,Offline,L,9/27/2011,641191565,11-02-2011,1688,421.89,364.69,712150.32,615596.72,96553.6
Asia,Uzbekistan,Vegetables,Offline,H,7/13/2011,893980538,8/21/2011,7562,154.06,90.93,1165001.72,687612.66,477389.06
North America,Greenland,Meat,Offline,M,11-11-2013,478759562,11/24/2013,4448,421.89,364.69,1876566.72,1622141.12,254425.6
Europe,Poland,Clothes,Online,M,10-07-2014,362764966,10/30/2014,9070,109.28,35.84,991169.6,325068.8,666100.8
Europe,Italy,Baby Food,Offline,L,02-12-2015,683545577,03-04-2015,5181,255.28,159.42,1322605.68,825955.02,496650.66
Sub-Saharan Africa,Central African Republic,Beverages,Offline,M,11-07-2016,298962724,11/28/2016,8568,47.45,31.79,406551.6,272376.72,134174.88
Middle East and North Africa,Azerbaijan,Cosmetics,Offline,C,8/15/2011,837190234,09-11-2011,2049,437.2,263.33,895822.8,539563.17,356259.63
Europe,Luxembourg,Vegetables,Online,M,11-08-2014,846714437,11/14/2014,472,154.06,90.93,72716.32,42918.96,29797.36
Europe,Ukraine,Cereal,Offline,L,7/17/2016,746334159,08-01-2016,5718,205.7,117.11,1176192.6,669634.98,506557.62
Europe,Liechtenstein,Personal Care,Offline,L,4/25/2015,575160729,5/15/2015,1696,81.73,56.67,138614.08,96112.32,42501.76
Europe,Kosovo,Office Supplies,Online,M,8/24/2014,442617976,9/22/2014,9350,651.21,524.96,6088813.5,4908376,1180437.5
Sub-Saharan Africa,Comoros,Household,Offline,H,07-06-2011,978442227,7/17/2011,1653,668.27,502.54,1104650.31,830698.62,273951.69
Australia and Oceania,New Zealand,Clothes,Online,C,4/23/2015,182682311,5/19/2015,8610,109.28,35.84,940900.8,308582.4,632318.4
Central America and the Caribbean,Saint Lucia,Household,Offline,H,10-10-2013,175699555,11/24/2013,2258,668.27,502.54,1508953.66,1134735.32,374218.34
Central America and the Caribbean,Saint Lucia,Office Supplies,Online,H,8/27/2014,448167788,9/22/2014,1663,651.21,524.96,1082962.23,873008.48,209953.75
Sub-Saharan Africa,Gabon,Baby Food,Online,H,08-09-2011,111073338,9/24/2011,7924,255.28,159.42,2022838.72,1263244.08,759594.64
Asia,Thailand,Office Supplies,Offline,M,9/14/2010,145715034,9/26/2010,9171,651.21,524.96,5972246.91,4814408.16,1157838.75
Sub-Saharan Africa,Niger,Vegetables,Online,L,7/13/2011,253704202,7/14/2011,5566,154.06,90.93,857497.96,506116.38,351381.58
Europe,Denmark,Meat,Online,H,12-09-2010,206964671,01-06-2011,4300,421.89,364.69,1814127,1568167,245960
Australia and Oceania,Federated States of Micronesia,Personal Care,Offline,H,06-01-2014,297732770,6/16/2014,4598,81.73,56.67,375794.54,260568.66,115225.88
Europe,Malta,Fruits,Offline,M,03-01-2017,888557326,04-01-2017,2713,9.33,6.92,25312.29,18773.96,6538.33
Europe,Italy,Clothes,Online,M,06-10-2015,162299668,06-10-2015,6933,109.28,35.84,757638.24,248478.72,509159.52
Sub-Saharan Africa,Rwanda,Snacks,Offline,M,05-11-2010,872133624,6/21/2010,2575,152.58,97.44,392893.5,250908,141985.5
Sub-Saharan Africa,Central African Republic,Personal Care,Offline,L,09-03-2011,891545522,10-04-2011,6987,81.73,56.67,571047.51,395953.29,175094.22
Middle East and North Africa,Turkey,Vegetables,Online,M,04-06-2011,864334189,5/16/2011,4549,154.06,90.93,700818.94,413640.57,287178.37
Sub-Saharan Africa,Cape Verde,Fruits,Online,H,3/22/2017,154610955,05-08-2017,1672,9.33,6.92,15599.76,11570.24,4029.52
Central America and the Caribbean,El Salvador,Personal Care,Offline,H,3/17/2012,896799647,04-08-2012,1799,81.73,56.67,147032.27,101949.33,45082.94
Europe,Macedonia,Cosmetics,Online,C,3/25/2010,345636594,5/13/2010,404,437.2,263.33,176628.8,106385.32,70243.48
Asia,India,Cereal,Offline,L,01-02-2015,326170623,2/18/2015,9990,205.7,117.11,2054943,1169928.9,885014.1
Middle East and North Africa,Iran,Cereal,Offline,H,03-01-2016,483763062,4/20/2016,5095,205.7,117.11,1048041.5,596675.45,451366.05
Australia and Oceania,Tuvalu,Cereal,Offline,C,10-10-2015,534087741,11-10-2015,7286,205.7,117.11,1498730.2,853263.46,645466.74
Europe,Switzerland,Household,Online,L,12/14/2016,713130986,01-09-2017,161,668.27,502.54,107591.47,80908.94,26682.53
Middle East and North Africa,Algeria,Personal Care,Online,L,7/15/2012,427191627,7/24/2012,4350,81.73,56.67,355525.5,246514.5,109011
Middle East and North Africa,Qatar,Vegetables,Offline,L,7/24/2011,502880990,08-10-2011,2515,154.06,90.93,387460.9,228688.95,158771.95
Europe,Montenegro,Office Supplies,Offline,M,10-10-2012,937122905,11-04-2012,4347,651.21,524.96,2830809.87,2282001.12,548808.75
Europe,Ireland,Cosmetics,Offline,M,12/28/2015,447153699,1/19/2016,1571,437.2,263.33,686841.2,413691.43,273149.77
Asia,India,Cereal,Offline,L,9/21/2010,520522201,10/27/2010,2941,205.7,117.11,604963.7,344420.51,260543.19
Middle East and North Africa,United Arab Emirates,Fruits,Offline,H,04-10-2010,465089738,4/16/2010,9244,9.33,6.92,86246.52,63968.48,22278.04
Europe,Finland,Beverages,Offline,H,1/27/2010,559030139,02-07-2010,8296,47.45,31.79,393645.2,263729.84,129915.36
Europe,Moldova ,Cereal,Online,C,3/14/2014,700829732,4/28/2014,9947,205.7,117.11,2046097.9,1164893.17,881204.73
Asia,Laos,Snacks,Offline,H,06-03-2016,859287345,07-07-2016,1075,152.58,97.44,164023.5,104748,59275.5
Sub-Saharan Africa,Burundi,Cereal,Online,C,08-03-2011,623514306,8/28/2011,594,205.7,117.11,122185.8,69563.34,52622.46
Asia,Taiwan,Clothes,Offline,H,7/14/2014,552934443,09-01-2014,4444,109.28,35.84,485640.32,159272.96,326367.36
Asia,Malaysia,Office Supplies,Offline,H,11/14/2010,827284085,01-03-2011,600,651.21,524.96,390726,314976,75750
Sub-Saharan Africa,Benin,Cereal,Offline,H,10/13/2013,796612060,10/25/2013,4066,205.7,117.11,836376.2,476169.26,360206.94
Sub-Saharan Africa,Togo,Cereal,Online,H,10/19/2014,331279695,11/20/2014,1878,205.7,117.11,386304.6,219932.58,166372.02
Middle East and North Africa,Algeria,Cereal,Offline,C,4/19/2010,271960818,06-02-2010,8105,205.7,117.11,1667198.5,949176.55,718021.95
Sub-Saharan Africa,Comoros,Personal Care,Offline,H,11/13/2012,179641759,12/30/2012,8843,81.73,56.67,722738.39,501132.81,221605.58
Middle East and North Africa,Syria,Beverages,Offline,L,3/28/2017,585621345,4/24/2017,7225,47.45,31.79,342826.25,229682.75,113143.5
Europe,Bulgaria,Office Supplies,Online,L,8/16/2011,741510903,9/19/2011,8409,651.21,524.96,5476024.89,4414388.64,1061636.25
Sub-Saharan Africa,Sierra Leone,Fruits,Online,C,10/20/2011,869234263,10/25/2011,4590,9.33,6.92,42824.7,31762.8,11061.9
Sub-Saharan Africa,Gabon,Household,Online,H,11/30/2011,811027753,1/13/2012,9990,668.27,502.54,6676017.3,5020374.6,1655642.7
Middle East and North Africa,Kuwait,Household,Offline,C,12-08-2010,479440200,1/14/2011,5864,668.27,502.54,3918735.28,2946894.56,971840.72
Europe,Denmark,Fruits,Offline,L,6/29/2016,307332932,08-07-2016,5499,9.33,6.92,51305.67,38053.08,13252.59
Sub-Saharan Africa,Angola,Office Supplies,Online,L,10-07-2010,797879779,11/17/2010,9212,651.21,524.96,5998946.52,4835931.52,1163015
Central America and the Caribbean,Grenada,Beverages,Offline,H,11-11-2014,274567067,12/28/2014,9352,47.45,31.79,443752.4,297300.08,146452.32
Australia and Oceania,Kiribati,Personal Care,Online,M,11/17/2016,731193625,01-06-2017,5297,81.73,56.67,432923.81,300180.99,132742.82
Europe,Greece,Baby Food,Online,H,7/22/2013,181870782,7/27/2013,8461,255.28,159.42,2159924.08,1348852.62,811071.46
Australia and Oceania,Federated States of Micronesia,Snacks,Offline,C,1/18/2014,311022365,1/26/2014,7284,152.58,97.44,1111392.72,709752.96,401639.76
Sub-Saharan Africa,Benin,Personal Care,Online,H,06-08-2013,623384702,6/23/2013,2241,81.73,56.67,183156.93,126997.47,56159.46
Sub-Saharan Africa,South Africa,Clothes,Online,M,8/24/2011,694006621,9/16/2011,836,109.28,35.84,91358.08,29962.24,61395.84
Sub-Saharan Africa,Mauritania,Household,Online,C,3/31/2017,618249452,05-11-2017,2606,668.27,502.54,1741511.62,1309619.24,431892.38
Asia,Turkmenistan,Household,Online,L,5/15/2013,561787021,5/30/2013,4118,668.27,502.54,2751935.86,2069459.72,682476.14
Europe,Georgia,Snacks,Offline,C,6/30/2014,310605657,07-06-2014,3971,152.58,97.44,605895.18,386934.24,218960.94
Europe,Liechtenstein,Meat,Offline,H,3/28/2017,621004188,04-12-2017,7794,421.89,364.69,3288210.66,2842393.86,445816.8
Asia,Myanmar,Personal Care,Online,H,9/17/2011,969593942,9/19/2011,3249,81.73,56.67,265540.77,184120.83,81419.94
Central America and the Caribbean,Haiti,Cereal,Offline,H,08-05-2015,903298747,8/24/2015,5027,205.7,117.11,1034053.9,588711.97,445341.93
Asia,Laos,Beverages,Offline,L,05-01-2017,489354932,5/30/2017,9854,47.45,31.79,467572.3,313258.66,154313.64
Australia and Oceania,Fiji,Baby Food,Offline,L,3/26/2010,765311324,4/29/2010,1483,255.28,159.42,378580.24,236419.86,142160.38
Central America and the Caribbean,Dominican Republic,Beverages,Offline,H,5/21/2011,589029252,07-09-2011,5700,47.45,31.79,270465,181203,89262
Sub-Saharan Africa,Madagascar,Office Supplies,Offline,H,06-06-2012,688682544,07-04-2012,5324,651.21,524.96,3467042.04,2794887.04,672155
Middle East and North Africa,Morocco,Cereal,Online,L,8/29/2013,512757527,10-07-2013,5202,205.7,117.11,1070051.4,609206.22,460845.18
Sub-Saharan Africa,South Sudan,Meat,Online,L,8/20/2012,480053031,9/25/2012,7215,421.89,364.69,3043936.35,2631238.35,412698
Sub-Saharan Africa,Djibouti,Beverages,Offline,M,7/22/2015,629680383,8/29/2015,5273,47.45,31.79,250203.85,167628.67,82575.18
Asia,Philippines,Snacks,Offline,C,10-02-2010,171063411,10-02-2010,319,152.58,97.44,48673.02,31083.36,17589.66
Middle East and North Africa,Lebanon,Meat,Online,L,05-07-2010,633938443,6/22/2010,5328,421.89,364.69,2247829.92,1943068.32,304761.6
Central America and the Caribbean,Saint Kitts and Nevis ,Cosmetics,Offline,M,2/29/2016,918354308,3/30/2016,302,437.2,263.33,132034.4,79525.66,52508.74
Sub-Saharan Africa,Zimbabwe,Snacks,Online,M,12-10-2015,444672334,01-05-2016,7280,152.58,97.44,1110782.4,709363.2,401419.2
Australia and Oceania,Australia,Personal Care,Offline,M,06-02-2017,503566348,7/16/2017,5328,81.73,56.67,435457.44,301937.76,133519.68
Europe,Monaco,Office Supplies,Online,L,04-03-2014,206022679,04-08-2014,5544,651.21,524.96,3610308.24,2910378.24,699930
Central America and the Caribbean,Jamaica,Fruits,Online,C,7/14/2012,533340156,08-07-2012,6059,9.33,6.92,56530.47,41928.28,14602.19
Central America and the Caribbean,Antigua and Barbuda ,Clothes,Offline,H,10/31/2011,287130105,11/23/2011,7034,109.28,35.84,768675.52,252098.56,516576.96
Sub-Saharan Africa,Botswana,Snacks,Offline,L,7/27/2016,139316356,08-11-2016,5660,152.58,97.44,863602.8,551510.4,312092.4
Europe,Cyprus,Baby Food,Online,L,02-05-2017,382135236,03-05-2017,1163,255.28,159.42,296890.64,185405.46,111485.18
Middle East and North Africa,Saudi Arabia,Baby Food,Online,H,03-08-2016,478135573,04-02-2016,9796,255.28,159.42,2500722.88,1561678.32,939044.56
Asia,Japan,Cereal,Online,M,02-02-2010,410178697,03-09-2010,9846,205.7,117.11,2025322.2,1153065.06,872257.14
Sub-Saharan Africa,Ethiopia,Beverages,Offline,L,1/28/2015,231438434,2/21/2015,6630,47.45,31.79,314593.5,210767.7,103825.8
Middle East and North Africa,Yemen,Personal Care,Offline,H,08-06-2010,515401113,8/26/2010,7497,81.73,56.67,612729.81,424854.99,187874.82
Sub-Saharan Africa,Sudan,Personal Care,Offline,H,04-05-2011,105865561,5/18/2011,6827,81.73,56.67,557970.71,386886.09,171084.62
Sub-Saharan Africa,Madagascar,Beverages,Online,M,01-03-2010,166943109,1/24/2010,1031,47.45,31.79,48920.95,32775.49,16145.46
Central America and the Caribbean,Belize,Snacks,Online,M,3/21/2012,133057582,4/16/2012,3550,152.58,97.44,541659,345912,195747
Sub-Saharan Africa,Burkina Faso,Fruits,Online,L,10-03-2016,858945310,11-12-2016,9860,9.33,6.92,91993.8,68231.2,23762.6
Australia and Oceania,Samoa ,Fruits,Online,C,03-11-2012,569655120,04-12-2012,2464,9.33,6.92,22989.12,17050.88,5938.24
Middle East and North Africa,Morocco,Meat,Online,C,11/16/2010,710548341,12/25/2010,5899,421.89,364.69,2488729.11,2151306.31,337422.8
North America,Canada,Baby Food,Offline,H,11/14/2014,997298800,12/15/2014,1732,255.28,159.42,442144.96,276115.44,166029.52
Australia and Oceania,New Zealand,Vegetables,Online,M,2/25/2012,765892827,04-10-2012,3562,154.06,90.93,548761.72,323892.66,224869.06
Sub-Saharan Africa,Zimbabwe,Cosmetics,Online,L,9/13/2010,322629249,9/16/2010,2019,437.2,263.33,882706.8,531663.27,351043.53
Sub-Saharan Africa,Comoros,Cereal,Online,M,12/25/2011,494119393,02-08-2012,9764,205.7,117.11,2008454.8,1143462.04,864992.76
Asia,Kazakhstan,Personal Care,Online,L,9/27/2014,377287089,11-11-2014,6489,81.73,56.67,530345.97,367731.63,162614.34
Europe,Ukraine,Baby Food,Online,M,3/21/2011,489368665,05-02-2011,3918,255.28,159.42,1000187.04,624607.56,375579.48
Asia,Singapore,Household,Offline,M,8/25/2013,517912948,09-07-2013,805,668.27,502.54,537957.35,404544.7,133412.65
Sub-Saharan Africa,Burundi,Snacks,Offline,M,08-12-2012,670781266,9/30/2012,7938,152.58,97.44,1211180.04,773478.72,437701.32
Europe,Ukraine,Clothes,Online,H,2/14/2011,326147449,3/13/2011,3133,109.28,35.84,342374.24,112286.72,230087.52
Sub-Saharan Africa,The Gambia,Office Supplies,Online,L,3/29/2013,282497823,05-09-2013,6238,651.21,524.96,4062247.98,3274700.48,787547.5
Australia and Oceania,New Zealand,Beverages,Online,C,10-01-2012,508631217,10/20/2012,4135,47.45,31.79,196205.75,131451.65,64754.1
North America,United States of America,Baby Food,Online,M,1/25/2012,593658959,1/31/2012,5733,255.28,159.42,1463520.24,913954.86,549565.38
Europe,Georgia,Snacks,Offline,M,11/17/2010,197004878,12/22/2010,6976,152.58,97.44,1064398.08,679741.44,384656.64
Asia,Nepal,Snacks,Online,H,07-08-2017,398405301,8/25/2017,5837,152.58,97.44,890609.46,568757.28,321852.18
Sub-Saharan Africa,South Sudan,Baby Food,Offline,M,11/16/2014,547909057,12/16/2014,7320,255.28,159.42,1868649.6,1166954.4,701695.2
Sub-Saharan Africa,Chad,Snacks,Online,H,3/14/2017,515877473,04-11-2017,8463,152.58,97.44,1291284.54,824634.72,466649.82
Australia and Oceania,New Zealand,Beverages,Online,C,4/19/2013,242984378,5/14/2013,3332,47.45,31.79,158103.4,105924.28,52179.12
Australia and Oceania,East Timor,Personal Care,Offline,H,10-05-2015,190216100,10/27/2015,8026,81.73,56.67,655964.98,454833.42,201131.56
Europe,Albania,Vegetables,Online,L,9/26/2011,888871467,9/29/2011,5675,154.06,90.93,874290.5,516027.75,358262.75
Central America and the Caribbean,The Bahamas,Meat,Offline,C,2/28/2012,690561807,3/18/2012,1439,421.89,364.69,607099.71,524788.91,82310.8
Sub-Saharan Africa,Equatorial Guinea,Fruits,Online,H,02-05-2010,717210948,02-12-2010,7512,9.33,6.92,70086.96,51983.04,18103.92
Central America and the Caribbean,Trinidad and Tobago,Clothes,Online,L,10/31/2014,811055219,11/20/2014,8118,109.28,35.84,887135.04,290949.12,596185.92
North America,Mexico,Cereal,Offline,H,03-12-2010,884643447,4/27/2010,4510,205.7,117.11,927707,528166.1,399540.9
Europe,United Kingdom,Cosmetics,Online,M,5/19/2011,470836961,6/27/2011,9975,437.2,263.33,4361070,2626716.75,1734353.25
Asia,Singapore,Cereal,Online,M,9/19/2015,972809588,10/28/2015,4830,205.7,117.11,993531,565641.3,427889.7
Sub-Saharan Africa,Central African Republic,Personal Care,Offline,M,01-09-2014,714047658,01-09-2014,1425,81.73,56.67,116465.25,80754.75,35710.5
Asia,Philippines,Office Supplies,Offline,L,02-11-2017,788349997,2/28/2017,9138,651.21,524.96,5950756.98,4797084.48,1153672.5
Australia and Oceania,Tuvalu,Cosmetics,Online,C,2/25/2014,109827935,04-10-2014,9381,437.2,263.33,4101373.2,2470298.73,1631074.47
Europe,Poland,Household,Online,C,4/19/2014,362905299,5/15/2014,597,668.27,502.54,398957.19,300016.38,98940.81
Europe,Norway,Fruits,Online,M,8/16/2012,152318418,09-05-2012,3259,9.33,6.92,30406.47,22552.28,7854.19
Europe,France,Meat,Online,M,8/22/2016,853116118,9/14/2016,4872,421.89,364.69,2055448.08,1776769.68,278678.4
Europe,Ireland,Household,Offline,H,03-12-2012,760659730,4/25/2012,4972,668.27,502.54,3322638.44,2498628.88,824009.56
Middle East and North Africa,Lebanon,Cosmetics,Offline,M,9/13/2012,940623080,10-11-2012,127,437.2,263.33,55524.4,33442.91,22081.49
Europe,Denmark,Cereal,Offline,H,07-02-2017,278992497,08-10-2017,8935,205.7,117.11,1837929.5,1046377.85,791551.65
Sub-Saharan Africa,Cape Verde,Clothes,Online,H,8/22/2015,432066810,9/14/2015,7025,109.28,35.84,767692,251776,515916
Asia,Philippines,Beverages,Offline,L,5/14/2012,876457345,6/28/2012,2060,47.45,31.79,97747,65487.4,32259.6
Sub-Saharan Africa,Ethiopia,Snacks,Offline,H,3/22/2010,259087932,3/25/2010,8731,152.58,97.44,1332175.98,850748.64,481427.34
Sub-Saharan Africa,Equatorial Guinea,Fruits,Offline,M,10/17/2012,447194898,10/29/2012,3763,9.33,6.92,35108.79,26039.96,9068.83
North America,Mexico,Cosmetics,Online,C,5/24/2013,678327071,6/18/2013,909,437.2,263.33,397414.8,239366.97,158047.83
North America,Mexico,Cereal,Offline,H,12/17/2013,710345780,12/22/2013,5957,205.7,117.11,1225354.9,697624.27,527730.63
Europe,Sweden,Beverages,Online,C,9/18/2013,371424853,9/25/2013,1723,47.45,31.79,81756.35,54774.17,26982.18
Asia,Malaysia,Baby Food,Online,H,12-09-2012,910050618,1/28/2013,3056,255.28,159.42,780135.68,487187.52,292948.16
Europe,Bosnia and Herzegovina,Cereal,Online,C,10-09-2016,945021903,11/13/2016,1836,205.7,117.11,377665.2,215013.96,162651.24
Asia,Thailand,Office Supplies,Online,L,04-08-2016,515450036,05-11-2016,1975,651.21,524.96,1286139.75,1036796,249343.75
Sub-Saharan Africa,South Africa,Meat,Offline,C,11/27/2014,630758845,11/27/2014,4414,421.89,364.69,1862222.46,1609741.66,252480.8
Sub-Saharan Africa,Gabon,Meat,Online,M,3/25/2017,120684659,04-01-2017,2127,421.89,364.69,897360.03,775695.63,121664.4
Europe,Ireland,Clothes,Online,H,6/29/2017,585276305,07-11-2017,5120,109.28,35.84,559513.6,183500.8,376012.8
Middle East and North Africa,Turkey,Cosmetics,Online,H,01-02-2011,544895112,02-07-2011,5427,437.2,263.33,2372684.4,1429091.91,943592.49
Middle East and North Africa,United Arab Emirates,Baby Food,Offline,H,1/30/2013,390214908,03-10-2013,2117,255.28,159.42,540427.76,337492.14,202935.62
Middle East and North Africa,Iraq,Baby Food,Online,H,5/19/2017,132222020,07-03-2017,6289,255.28,159.42,1605455.92,1002592.38,602863.54
Middle East and North Africa,Iraq,Fruits,Online,M,11-03-2014,752215278,11/17/2014,6071,9.33,6.92,56642.43,42011.32,14631.11
Europe,Denmark,Meat,Offline,C,08-09-2012,151806008,8/31/2012,1626,421.89,364.69,685993.14,592985.94,93007.2
Asia,Malaysia,Office Supplies,Online,M,02-07-2015,802918040,03-11-2015,146,651.21,524.96,95076.66,76644.16,18432.5
Sub-Saharan Africa,The Gambia,Household,Online,L,09-06-2012,297787702,9/25/2012,853,668.27,502.54,570034.31,428666.62,141367.69
Asia,Sri Lanka,Beverages,Online,H,09-06-2015,798963820,10/25/2015,4,47.45,31.79,189.8,127.16,62.64
Sub-Saharan Africa,The Gambia,Personal Care,Offline,L,10/14/2012,489307725,12-02-2012,5884,81.73,56.67,480899.32,333446.28,147453.04
Sub-Saharan Africa,Democratic Republic of the Congo,Cosmetics,Offline,H,09-09-2012,321993243,10/14/2012,3811,437.2,263.33,1666169.2,1003550.63,662618.57
Sub-Saharan Africa,Tanzania,Snacks,Offline,C,7/26/2017,870506703,09-02-2017,1133,152.58,97.44,172873.14,110399.52,62473.62
Central America and the Caribbean,Costa Rica,Baby Food,Online,H,9/24/2011,978646934,10/17/2011,2230,255.28,159.42,569274.4,355506.6,213767.8
Australia and Oceania,Nauru,Clothes,Offline,L,11-04-2010,910525262,11/28/2010,3514,109.28,35.84,384009.92,125941.76,258068.16
Central America and the Caribbean,Guatemala,Vegetables,Offline,H,9/14/2012,100565516,9/22/2012,8426,154.06,90.93,1298109.56,766176.18,531933.38
Australia and Oceania,Vanuatu,Personal Care,Online,L,03-08-2016,303504025,3/16/2016,2441,81.73,56.67,199502.93,138331.47,61171.46
Australia and Oceania,Solomon Islands,Personal Care,Online,M,06-04-2017,644389617,7/21/2017,8062,81.73,56.67,658907.26,456873.54,202033.72
Europe,Croatia,Cosmetics,Online,C,8/19/2013,768583619,8/24/2013,9827,437.2,263.33,4296364.4,2587743.91,1708620.49
Asia,Uzbekistan,Cosmetics,Online,L,06-09-2014,391759860,6/17/2014,9303,437.2,263.33,4067271.6,2449758.99,1617512.61
Europe,Romania,Cosmetics,Offline,M,5/25/2015,649904668,07-04-2015,88,437.2,263.33,38473.6,23173.04,15300.56
Sub-Saharan Africa,Equatorial Guinea,Baby Food,Offline,H,11/28/2016,949316871,12/23/2016,2813,255.28,159.42,718102.64,448448.46,269654.18
Middle East and North Africa,Tunisia ,Cereal,Offline,M,11/14/2012,316607797,11/15/2012,138,205.7,117.11,28386.6,16161.18,12225.42
Sub-Saharan Africa,Republic of the Congo,Beverages,Offline,M,03-06-2017,548701274,4/18/2017,1755,47.45,31.79,83274.75,55791.45,27483.3
Sub-Saharan Africa,Democratic Republic of the Congo,Beverages,Offline,L,6/28/2014,362833631,08-07-2014,9389,47.45,31.79,445508.05,298476.31,147031.74
Middle East and North Africa,Syria,Office Supplies,Offline,H,1/17/2017,346553695,02-04-2017,1794,651.21,524.96,1168270.74,941778.24,226492.5
Middle East and North Africa,Egypt,Household,Online,H,06-06-2015,707722795,6/25/2015,9757,668.27,502.54,6520310.39,4903282.78,1617027.61
Sub-Saharan Africa,Gabon,Snacks,Offline,M,8/22/2012,824514758,09-11-2012,1094,152.58,97.44,166922.52,106599.36,60323.16
Middle East and North Africa,Algeria,Beverages,Online,L,10-04-2012,595415914,10/19/2012,5655,47.45,31.79,268329.75,179772.45,88557.3
Sub-Saharan Africa,Zimbabwe,Cereal,Offline,L,2/15/2017,889225089,3/20/2017,319,205.7,117.11,65618.3,37358.09,28260.21
Europe,Russia,Cosmetics,Online,H,01-06-2013,395053613,1/22/2013,3998,437.2,263.33,1747925.6,1052793.34,695132.26
Central America and the Caribbean,Trinidad and Tobago,Cereal,Offline,H,04-08-2015,572325313,5/27/2015,2633,205.7,117.11,541608.1,308350.63,233257.47
Middle East and North Africa,Iraq,Meat,Online,L,1/23/2017,700776517,2/16/2017,4199,421.89,364.69,1771516.11,1531333.31,240182.8
Middle East and North Africa,Afghanistan,Cosmetics,Online,L,06-10-2016,130456054,07-06-2016,3700,437.2,263.33,1617640,974321,643319
Central America and the Caribbean,Belize,Clothes,Online,M,07-02-2012,531725251,07-03-2012,8173,109.28,35.84,893145.44,292920.32,600225.12
Sub-Saharan Africa,Namibia,Snacks,Offline,H,10-08-2016,945257937,11-12-2016,1684,152.58,97.44,256944.72,164088.96,92855.76
Middle East and North Africa,Kuwait,Clothes,Online,M,7/20/2011,932040441,8/14/2011,333,109.28,35.84,36390.24,11934.72,24455.52
Europe,Germany,Baby Food,Offline,H,04-11-2014,123371589,4/18/2014,7250,255.28,159.42,1850780,1155795,694985
Sub-Saharan Africa,Sierra Leone,Clothes,Offline,H,03-03-2013,470862710,04-04-2013,7594,109.28,35.84,829872.32,272168.96,557703.36
Sub-Saharan Africa,Botswana,Office Supplies,Offline,L,06-10-2016,396437633,7/18/2016,3560,651.21,524.96,2318307.6,1868857.6,449450
Central America and the Caribbean,Jamaica,Baby Food,Online,H,8/26/2010,642332684,9/20/2010,9370,255.28,159.42,2391973.6,1493765.4,898208.2
Australia and Oceania,Federated States of Micronesia,Household,Offline,C,07-01-2017,221096694,08-03-2017,6280,668.27,502.54,4196735.6,3155951.2,1040784.4
Sub-Saharan Africa,Guinea,Fruits,Offline,M,4/25/2014,465590989,05-11-2014,7575,9.33,6.92,70674.75,52419,18255.75
Central America and the Caribbean,Grenada,Beverages,Offline,L,7/27/2013,978989398,08-10-2013,3573,47.45,31.79,169538.85,113585.67,55953.18
Sub-Saharan Africa,Senegal,Vegetables,Online,L,8/28/2013,984778249,9/29/2013,6623,154.06,90.93,1020339.38,602229.39,418109.99
Europe,Cyprus,Office Supplies,Offline,M,04-01-2010,676756370,4/13/2010,6104,651.21,524.96,3974985.84,3204355.84,770630
Sub-Saharan Africa,Burundi,Personal Care,Online,C,3/23/2015,769035089,04-02-2015,3427,81.73,56.67,280088.71,194208.09,85880.62
Asia,China,Clothes,Offline,M,01-07-2015,246038234,1/29/2015,7036,109.28,35.84,768894.08,252170.24,516723.84
Europe,Bosnia and Herzegovina,Cosmetics,Online,M,4/16/2012,412502133,4/19/2012,7403,437.2,263.33,3236591.6,1949431.99,1287159.61
Sub-Saharan Africa,Sudan,Meat,Online,L,7/16/2014,843475615,7/17/2014,2033,421.89,364.69,857702.37,741414.77,116287.6
Asia,Brunei,Beverages,Online,C,03-10-2015,734320008,04-03-2015,464,47.45,31.79,22016.8,14750.56,7266.24
Europe,Estonia,Beverages,Online,L,07-04-2012,250709140,7/24/2012,9261,47.45,31.79,439434.45,294407.19,145027.26
Europe,Hungary,Personal Care,Online,C,5/30/2013,978629338,7/18/2013,7023,81.73,56.67,573989.79,397993.41,175996.38
Asia,Kazakhstan,Cereal,Offline,H,07-06-2014,974379432,7/15/2014,9382,205.7,117.11,1929877.4,1098726.02,831151.38
Middle East and North Africa,Egypt,Meat,Online,M,6/30/2013,614570748,7/15/2013,3996,421.89,364.69,1685872.44,1457301.24,228571.2
Australia and Oceania,Federated States of Micronesia,Snacks,Offline,M,11/22/2012,346127116,12-07-2012,5560,152.58,97.44,848344.8,541766.4,306578.4
Europe,Romania,Snacks,Offline,M,4/21/2016,236284863,5/15/2016,797,152.58,97.44,121606.26,77659.68,43946.58
Middle East and North Africa,Morocco,Meat,Offline,M,01-11-2017,422592818,2/24/2017,3461,421.89,364.69,1460161.29,1262192.09,197969.2
Central America and the Caribbean,The Bahamas,Meat,Offline,M,01-05-2017,662912309,2/14/2017,9338,421.89,364.69,3939608.82,3405475.22,534133.6
Europe,Albania,Personal Care,Online,C,6/22/2015,785417163,07-07-2015,1247,81.73,56.67,101917.31,70667.49,31249.82
Australia and Oceania,Vanuatu,Cosmetics,Offline,C,09-10-2012,238593709,10/18/2012,4035,437.2,263.33,1764102,1062536.55,701565.45
Sub-Saharan Africa,Liberia,Beverages,Offline,M,10/24/2013,341240775,11-05-2013,9583,47.45,31.79,454713.35,304643.57,150069.78
Central America and the Caribbean,Dominica,Cosmetics,Offline,C,6/16/2017,232469689,6/22/2017,1802,437.2,263.33,787834.4,474520.66,313313.74
Sub-Saharan Africa,Chad,Vegetables,Online,H,12/17/2011,921704280,1/15/2012,1634,154.06,90.93,251734.04,148579.62,103154.42
Europe,Hungary,Household,Offline,M,01-05-2017,338680875,2/22/2017,2052,668.27,502.54,1371290.04,1031212.08,340077.96
Middle East and North Africa,Israel,Meat,Offline,H,9/21/2011,983448302,10/13/2011,3062,421.89,364.69,1291827.18,1116680.78,175146.4
Central America and the Caribbean,Saint Vincent and the Grenadines,Household,Online,H,02-11-2014,476367890,03-07-2014,6700,668.27,502.54,4477409,3367018,1110391
Sub-Saharan Africa,Angola,Meat,Online,C,10/16/2016,108113467,10/29/2016,2032,421.89,364.69,857280.48,741050.08,116230.4
Australia and Oceania,Tonga,Clothes,Offline,H,5/29/2013,789671361,06-09-2013,159,109.28,35.84,17375.52,5698.56,11676.96
Sub-Saharan Africa,Malawi,Meat,Offline,M,1/17/2010,802340400,2/18/2010,9209,421.89,364.69,3885185.01,3358430.21,526754.8
Middle East and North Africa,Egypt,Vegetables,Online,C,11-07-2013,747731912,12/27/2013,9344,154.06,90.93,1439536.64,849649.92,589886.72
North America,Greenland,Cosmetics,Offline,L,02-10-2014,397769725,03-08-2014,7756,437.2,263.33,3390923.2,2042387.48,1348535.72
Middle East and North Africa,Turkey,Meat,Offline,C,4/23/2016,944690167,5/31/2016,3669,421.89,364.69,1547914.41,1338047.61,209866.8
Asia,Kazakhstan,Cereal,Offline,L,8/25/2015,951042068,10/14/2015,3337,205.7,117.11,686420.9,390796.07,295624.83
North America,Mexico,Fruits,Offline,M,12/16/2015,399686753,1/25/2016,5047,9.33,6.92,47088.51,34925.24,12163.27
Sub-Saharan Africa,Gabon,Personal Care,Online,H,10-12-2010,243798053,11-06-2010,4116,81.73,56.67,336400.68,233253.72,103146.96
Central America and the Caribbean,Cuba,Fruits,Offline,C,06-10-2017,156862294,7/13/2017,7894,9.33,6.92,73651.02,54626.48,19024.54
Europe,Denmark,Personal Care,Online,L,09-03-2012,782678306,10-06-2012,758,81.73,56.67,61951.34,42955.86,18995.48
Middle East and North Africa,Iran,Clothes,Offline,M,2/24/2012,585357415,2/28/2012,9122,109.28,35.84,996852.16,326932.48,669919.68
Sub-Saharan Africa,Chad,Beverages,Offline,M,8/31/2013,799323451,9/18/2013,6427,47.45,31.79,304961.15,204314.33,100646.82
Europe,Iceland,Cereal,Offline,H,02-01-2016,479312741,02-07-2016,8146,205.7,117.11,1675632.2,953978.06,721654.14
Asia,North Korea,Cosmetics,Offline,M,7/23/2015,550374114,8/31/2015,6786,437.2,263.33,2966839.2,1786957.38,1179881.82
Europe,San Marino,Baby Food,Offline,H,11-10-2016,657868897,11-10-2016,6881,255.28,159.42,1756581.68,1096969.02,659612.66
Sub-Saharan Africa,Malawi,Meat,Online,M,6/24/2014,517470920,07-07-2014,9999,421.89,364.69,4218478.11,3646535.31,571942.8
Asia,Japan,Fruits,Online,L,7/17/2011,365166509,7/31/2011,9740,9.33,6.92,90874.2,67400.8,23473.4
Central America and the Caribbean,Jamaica,Baby Food,Offline,C,01-08-2016,507254493,02-03-2016,6732,255.28,159.42,1718544.96,1073215.44,645329.52
Sub-Saharan Africa,Senegal,Fruits,Offline,L,3/28/2014,870346200,05-03-2014,3636,9.33,6.92,33923.88,25161.12,8762.76
Europe,Netherlands,Meat,Online,M,07-07-2012,551365458,7/26/2012,147,421.89,364.69,62017.83,53609.43,8408.4
Australia and Oceania,Solomon Islands,Cereal,Online,H,8/31/2010,967548596,9/15/2010,7986,205.7,117.11,1642720.2,935240.46,707479.74
Europe,Norway,Office Supplies,Offline,M,05-07-2013,906444442,05-08-2013,5908,651.21,524.96,3847348.68,3101463.68,745885
Sub-Saharan Africa,Republic of the Congo,Household,Online,H,2/22/2011,575914323,03-11-2011,4701,668.27,502.54,3141537.27,2362440.54,779096.73
Asia,North Korea,Cereal,Online,H,8/21/2014,254132068,10-02-2014,2181,205.7,117.11,448631.7,255416.91,193214.79
Central America and the Caribbean,Guatemala,Household,Online,H,9/30/2012,739584004,10/17/2012,8197,668.27,502.54,5477809.19,4119320.38,1358488.81
Australia and Oceania,Fiji,Meat,Offline,C,5/28/2014,201068961,6/21/2014,9629,421.89,364.69,4062378.81,3511600.01,550778.8
Europe,Portugal,Office Supplies,Online,H,06-11-2014,927698266,6/15/2014,5387,651.21,524.96,3508068.27,2827959.52,680108.75
Asia,Cambodia,Meat,Online,C,7/23/2012,778895747,09-02-2012,1415,421.89,364.69,596974.35,516036.35,80938
Europe,Czech Republic,Fruits,Online,M,1/30/2017,834397733,2/27/2017,5686,9.33,6.92,53050.38,39347.12,13703.26
Europe,Serbia,Personal Care,Online,M,11/27/2010,444253051,11/27/2010,3205,81.73,56.67,261944.65,181627.35,80317.3
Europe,Spain,Beverages,Offline,H,11-06-2015,378823029,11-09-2015,1008,47.45,31.79,47829.6,32044.32,15785.28
Sub-Saharan Africa,The Gambia,Baby Food,Online,L,2/22/2013,578781497,3/17/2013,3162,255.28,159.42,807195.36,504086.04,303109.32
North America,Greenland,Cereal,Offline,H,5/21/2015,605114781,5/26/2015,5766,205.7,117.11,1186066.2,675256.26,510809.94
Europe,Switzerland,Clothes,Online,L,4/16/2017,989121711,5/26/2017,1950,109.28,35.84,213096,69888,143208
Middle East and North Africa,Somalia,Cosmetics,Offline,C,8/27/2014,982413613,9/19/2014,6874,437.2,263.33,3005312.8,1810130.42,1195182.38
Sub-Saharan Africa,Botswana,Clothes,Offline,M,09-07-2015,806914317,10/23/2015,2733,109.28,35.84,298662.24,97950.72,200711.52
Central America and the Caribbean,Saint Vincent and the Grenadines,Office Supplies,Online,H,07-07-2014,304860150,7/14/2014,3748,651.21,524.96,2440735.08,1967550.08,473185
Europe,Luxembourg,Office Supplies,Offline,H,2/16/2010,288799941,04-06-2010,1175,651.21,524.96,765171.75,616828,148343.75
Asia,Mongolia,Personal Care,Offline,L,2/23/2010,291595017,3/16/2010,8300,81.73,56.67,678359,470361,207998
Middle East and North Africa,Egypt,Baby Food,Offline,H,11/24/2011,816419208,12-11-2011,5441,255.28,159.42,1388978.48,867404.22,521574.26
Asia,Maldives,Vegetables,Online,M,10-07-2013,186758840,11/18/2013,4946,154.06,90.93,761980.76,449739.78,312240.98
Central America and the Caribbean,Grenada,Personal Care,Offline,M,06-06-2011,396412742,07-11-2011,6194,81.73,56.67,506235.62,351013.98,155221.64
Europe,Monaco,Fruits,Online,H,10-06-2016,359492242,10-11-2016,598,9.33,6.92,5579.34,4138.16,1441.18
Central America and the Caribbean,Saint Vincent and the Grenadines,Baby Food,Online,H,3/19/2016,860421168,05-05-2016,6599,255.28,159.42,1684592.72,1052012.58,632580.14
Middle East and North Africa,Morocco,Fruits,Online,M,06-05-2012,503935849,6/20/2012,4671,9.33,6.92,43580.43,32323.32,11257.11
Europe,Serbia,Household,Offline,H,11/28/2012,665085113,12-05-2012,2319,668.27,502.54,1549718.13,1165390.26,384327.87
Sub-Saharan Africa,Comoros,Vegetables,Offline,C,1/30/2011,539230287,03-05-2011,9080,154.06,90.93,1398864.8,825644.4,573220.4
North America,Canada,Beverages,Offline,C,10/13/2012,292045199,11/22/2012,1519,47.45,31.79,72076.55,48289.01,23787.54
Europe,San Marino,Fruits,Online,L,5/13/2017,609516179,6/19/2017,8237,9.33,6.92,76851.21,57000.04,19851.17
Europe,Romania,Clothes,Offline,L,11-10-2013,447942054,12-04-2013,4863,109.28,35.84,531428.64,174289.92,357138.72
Europe,Bulgaria,Fruits,Offline,M,02-05-2015,183934152,2/18/2015,9058,9.33,6.92,84511.14,62681.36,21829.78
Middle East and North Africa,Morocco,Beverages,Online,C,1/16/2016,264416301,1/21/2016,5514,47.45,31.79,261639.3,175290.06,86349.24
Middle East and North Africa,United Arab Emirates,Personal Care,Offline,L,9/18/2012,756624829,10-02-2012,956,81.73,56.67,78133.88,54176.52,23957.36
Australia and Oceania,Federated States of Micronesia,Cereal,Online,M,7/26/2013,898108565,09-05-2013,9137,205.7,117.11,1879480.9,1070034.07,809446.83
Central America and the Caribbean,Saint Kitts and Nevis ,Cereal,Offline,C,12/19/2012,446728837,12/21/2012,5845,205.7,117.11,1202316.5,684507.95,517808.55
Asia,Philippines,Vegetables,Offline,H,2/17/2010,130659472,2/18/2010,3896,154.06,90.93,600217.76,354263.28,245954.48
Australia and Oceania,Tonga,Office Supplies,Offline,C,12-02-2012,298386800,12-06-2012,8140,651.21,524.96,5300849.4,4273174.4,1027675
Europe,Finland,Beverages,Offline,M,4/29/2011,468709647,5/16/2011,455,47.45,31.79,21589.75,14464.45,7125.3
Asia,Singapore,Cereal,Online,L,7/19/2011,680739343,7/27/2011,4754,205.7,117.11,977897.8,556740.94,421156.86
Central America and the Caribbean,Grenada,Office Supplies,Online,L,1/22/2017,143899714,2/26/2017,1978,651.21,524.96,1288093.38,1038370.88,249722.5
Asia,Kazakhstan,Cereal,Offline,C,04-09-2017,387927091,4/25/2017,5102,205.7,117.11,1049481.4,597495.22,451986.18
Asia,North Korea,Office Supplies,Online,M,12/30/2013,312870299,01-09-2014,4129,651.21,524.96,2688846.09,2167559.84,521286.25
Asia,Taiwan,Office Supplies,Online,M,2/16/2010,239090669,3/28/2010,1097,651.21,524.96,714377.37,575881.12,138496.25
Asia,Tajikistan,Fruits,Offline,H,5/27/2013,557262027,06-10-2013,5072,9.33,6.92,47321.76,35098.24,12223.52
Sub-Saharan Africa,Senegal,Clothes,Online,M,6/24/2017,378370702,6/30/2017,7154,109.28,35.84,781789.12,256399.36,525389.76
Europe,Serbia,Snacks,Online,L,4/18/2013,683715522,5/17/2013,5471,152.58,97.44,834765.18,533094.24,301670.94
Asia,Malaysia,Office Supplies,Online,H,7/29/2015,274907815,08-02-2015,186,651.21,524.96,121125.06,97642.56,23482.5
Asia,Laos,Cereal,Online,H,08-04-2013,723871409,9/21/2013,8491,205.7,117.11,1746598.7,994381.01,752217.69
Sub-Saharan Africa,Mauritania,Personal Care,Offline,L,11-02-2012,522842633,12-07-2012,9609,81.73,56.67,785343.57,544542.03,240801.54
Asia,Kazakhstan,Office Supplies,Offline,M,02-02-2016,934370315,03-02-2016,9795,651.21,524.96,6378601.95,5141983.2,1236618.75
Europe,Italy,Cosmetics,Online,H,01-11-2012,141315782,1/20/2012,7335,437.2,263.33,3206862,1931525.55,1275336.45
Sub-Saharan Africa,Rwanda,Cosmetics,Offline,H,11/30/2016,896852862,01-12-2017,7547,437.2,263.33,3299548.4,1987351.51,1312196.89
Europe,Estonia,Snacks,Offline,M,3/19/2010,174467885,3/25/2010,7779,152.58,97.44,1186919.82,757985.76,428934.06
Asia,Vietnam,Office Supplies,Online,M,02-02-2014,417959678,2/22/2014,2411,651.21,524.96,1570067.31,1265678.56,304388.75
Europe,Portugal,Baby Food,Offline,M,12-05-2013,991439568,12/18/2013,7855,255.28,159.42,2005224.4,1252244.1,752980.3
Sub-Saharan Africa,Sierra Leone,Clothes,Online,L,02-05-2015,429331386,02-11-2015,7553,109.28,35.84,825391.84,270699.52,554692.32
Sub-Saharan Africa,Mauritius ,Clothes,Offline,C,6/17/2016,486371457,7/18/2016,6977,109.28,35.84,762446.56,250055.68,512390.88
Middle East and North Africa,Israel,Beverages,Online,M,03-02-2014,287608611,03-11-2014,8634,47.45,31.79,409683.3,274474.86,135208.44
Sub-Saharan Africa,Chad,Baby Food,Offline,C,12/27/2012,378404176,1/20/2013,7059,255.28,159.42,1802021.52,1125345.78,676675.74
Europe,Vatican City,Baby Food,Offline,M,12/30/2014,474431979,2/16/2015,3820,255.28,159.42,975169.6,608984.4,366185.2
Sub-Saharan Africa,Burkina Faso,Meat,Offline,H,9/25/2015,811678349,10-11-2015,2516,421.89,364.69,1061475.24,917560.04,143915.2
Central America and the Caribbean,Belize,Fruits,Offline,H,08-09-2015,796442115,8/13/2015,3775,9.33,6.92,35220.75,26123,9097.75
Europe,Vatican City,Personal Care,Offline,M,1/29/2016,355334603,3/17/2016,260,81.73,56.67,21249.8,14734.2,6515.6
Middle East and North Africa,Somalia,Cosmetics,Online,L,11/25/2015,385279643,12/18/2015,1663,437.2,263.33,727063.6,437917.79,289145.81
Europe,Bulgaria,Vegetables,Online,H,11/19/2014,503513562,12-08-2014,9707,154.06,90.93,1495460.42,882657.51,612802.91
Sub-Saharan Africa,Comoros,Meat,Online,H,2/13/2010,397585189,2/25/2010,3147,421.89,364.69,1327687.83,1147679.43,180008.4
Europe,Czech Republic,Snacks,Offline,M,11/27/2014,275355851,01-10-2015,2770,152.58,97.44,422646.6,269908.8,152737.8
Europe,Luxembourg,Meat,Offline,H,02-07-2017,414999377,3/21/2017,6393,421.89,364.69,2697142.77,2331463.17,365679.6
Asia,Thailand,Meat,Offline,C,3/18/2013,715002095,05-06-2013,3864,421.89,364.69,1630182.96,1409162.16,221020.8
Asia,Brunei,Cereal,Offline,M,2/25/2012,244162833,04-08-2012,2063,205.7,117.11,424359.1,241597.93,182761.17
Europe,Switzerland,Beverages,Offline,M,05-04-2016,391592919,5/24/2016,9902,47.45,31.79,469849.9,314784.58,155065.32
Europe,Netherlands,Cereal,Online,H,4/28/2010,816716182,05-09-2010,3322,205.7,117.11,683335.4,389039.42,294295.98
North America,Canada,Fruits,Online,L,01-01-2010,799268949,01-12-2010,298,9.33,6.92,2780.34,2062.16,718.18
Sub-Saharan Africa,Sudan,Cereal,Offline,M,06-02-2013,589300048,06-04-2013,5835,205.7,117.11,1200259.5,683336.85,516922.65
Europe,Slovenia,Fruits,Offline,C,02-05-2012,957170808,03-10-2012,6967,9.33,6.92,65002.11,48211.64,16790.47
Sub-Saharan Africa,Ethiopia,Vegetables,Online,L,7/25/2017,943555057,09-02-2017,7764,154.06,90.93,1196121.84,705980.52,490141.32
Australia and Oceania,Kiribati,Household,Online,C,2/14/2012,109439122,2/29/2012,4323,668.27,502.54,2888931.21,2172480.42,716450.79
Sub-Saharan Africa,Cote d'Ivoire,Clothes,Online,L,3/16/2013,786121833,05-05-2013,9775,109.28,35.84,1068212,350336,717876
Sub-Saharan Africa,Botswana,Snacks,Offline,C,08-11-2016,425214517,9/23/2016,9280,152.58,97.44,1415942.4,904243.2,511699.2
Sub-Saharan Africa,Djibouti,Fruits,Online,L,5/27/2015,148641002,6/28/2015,5030,9.33,6.92,46929.9,34807.6,12122.3
Sub-Saharan Africa,Eritrea,Baby Food,Online,M,4/13/2011,698637616,05-01-2011,1251,255.28,159.42,319355.28,199434.42,119920.86
Australia and Oceania,Marshall Islands,Vegetables,Offline,M,10/22/2010,187753188,12-03-2010,9196,154.06,90.93,1416735.76,836192.28,580543.48
Europe,Poland,Baby Food,Offline,H,01-10-2014,848849046,1/15/2014,2151,255.28,159.42,549107.28,342912.42,206194.86
Sub-Saharan Africa,Liberia,Fruits,Offline,C,09-11-2010,485099017,10/31/2010,434,9.33,6.92,4049.22,3003.28,1045.94
Europe,Germany,Personal Care,Online,L,05-07-2014,119989430,06-05-2014,6394,81.73,56.67,522581.62,362347.98,160233.64
Australia and Oceania,Nauru,Baby Food,Offline,C,1/31/2013,847319114,03-09-2013,9410,255.28,159.42,2402184.8,1500142.2,902042.6
Middle East and North Africa,Turkey,Baby Food,Offline,C,3/18/2011,681199395,4/16/2011,894,255.28,159.42,228220.32,142521.48,85698.84
Europe,Finland,Office Supplies,Offline,H,4/24/2010,406054103,06-12-2010,9287,651.21,524.96,6047787.27,4875303.52,1172483.75
Middle East and North Africa,Jordan,Meat,Online,L,1/14/2013,426619565,1/18/2013,5065,421.89,364.69,2136872.85,1847154.85,289718
Middle East and North Africa,Afghanistan,Baby Food,Offline,C,10-03-2011,317944610,11/15/2011,5730,255.28,159.42,1462754.4,913476.6,549277.8
Europe,Romania,Baby Food,Offline,H,01-07-2015,175390565,1/28/2015,821,255.28,159.42,209584.88,130883.82,78701.06
Sub-Saharan Africa,Liberia,Baby Food,Online,L,7/15/2013,164631259,8/22/2013,6903,255.28,159.42,1762197.84,1100476.26,661721.58
Central America and the Caribbean,Saint Kitts and Nevis ,Cereal,Offline,C,3/21/2014,971653020,3/23/2014,2576,205.7,117.11,529883.2,301675.36,228207.84
Australia and Oceania,Marshall Islands,Meat,Offline,M,09-05-2013,652754676,9/21/2013,3469,421.89,364.69,1463536.41,1265109.61,198426.8
Europe,Switzerland,Cosmetics,Online,L,03-05-2017,484547555,4/14/2017,7244,437.2,263.33,3167076.8,1907562.52,1259514.28
North America,Greenland,Fruits,Online,C,02-03-2012,913955485,2/26/2012,8593,9.33,6.92,80172.69,59463.56,20709.13
Asia,Tajikistan,Meat,Offline,H,03-04-2017,208214795,04-05-2017,4240,421.89,364.69,1788813.6,1546285.6,242528
Sub-Saharan Africa,Eritrea,Snacks,Online,L,7/30/2010,304874312,8/15/2010,7939,152.58,97.44,1211332.62,773576.16,437756.46
Sub-Saharan Africa,Kenya,Snacks,Offline,C,12/18/2016,961795365,1/30/2017,5477,152.58,97.44,835680.66,533678.88,302001.78
Australia and Oceania,Tuvalu,Office Supplies,Offline,C,11-01-2012,207151782,11/16/2012,9671,651.21,524.96,6297851.91,5076888.16,1220963.75
Asia,Indonesia,Beverages,Online,M,8/15/2013,189429891,10-04-2013,5369,47.45,31.79,254759.05,170680.51,84078.54
Australia and Oceania,Nauru,Cereal,Online,M,11/19/2016,427428519,11/19/2016,4452,205.7,117.11,915776.4,521373.72,394402.68
Sub-Saharan Africa,Cameroon,Cosmetics,Offline,L,09-05-2013,960258996,10/14/2013,831,437.2,263.33,363313.2,218827.23,144485.97
Central America and the Caribbean,The Bahamas,Personal Care,Online,M,1/23/2015,997345149,02-11-2015,5448,81.73,56.67,445265.04,308738.16,136526.88
Sub-Saharan Africa,Lesotho,Household,Offline,L,06-05-2010,268423306,6/17/2010,1276,668.27,502.54,852712.52,641241.04,211471.48
Australia and Oceania,Solomon Islands,Personal Care,Offline,H,9/29/2016,373542296,10/26/2016,8321,81.73,56.67,680075.33,471551.07,208524.26
Central America and the Caribbean,Panama,Vegetables,Online,C,03-09-2014,733063447,4/13/2014,8619,154.06,90.93,1327843.14,783725.67,544117.47
Central America and the Caribbean,Saint Lucia,Cosmetics,Online,L,6/27/2010,837660586,08-11-2010,1237,437.2,263.33,540816.4,325739.21,215077.19
Sub-Saharan Africa,Lesotho,Snacks,Offline,C,6/14/2014,698320043,7/14/2014,7274,152.58,97.44,1109866.92,708778.56,401088.36
Middle East and North Africa,Qatar,Office Supplies,Offline,M,01-08-2017,396340644,01-11-2017,4859,651.21,524.96,3164229.39,2550780.64,613448.75
Asia,Indonesia,Personal Care,Online,C,03-12-2010,533333718,4/19/2010,4154,81.73,56.67,339506.42,235407.18,104099.24
Sub-Saharan Africa,Angola,Fruits,Offline,C,7/17/2013,881223094,09-04-2013,2351,9.33,6.92,21934.83,16268.92,5665.91
Europe,Montenegro,Clothes,Offline,M,5/31/2017,832245099,06-09-2017,8674,109.28,35.84,947894.72,310876.16,637018.56
Asia,Sri Lanka,Baby Food,Online,M,01-01-2017,748948562,02-07-2017,9378,255.28,159.42,2394015.84,1495040.76,898975.08
Europe,Belarus,Fruits,Offline,M,2/23/2016,614194810,03-01-2016,2748,9.33,6.92,25638.84,19016.16,6622.68
Asia,Bangladesh,Baby Food,Online,L,12/14/2015,481157672,1/22/2016,4102,255.28,159.42,1047158.56,653940.84,393217.72
Middle East and North Africa,Afghanistan,Personal Care,Online,H,01-12-2011,923323476,1/20/2011,790,81.73,56.67,64566.7,44769.3,19797.4
Asia,China,Vegetables,Online,M,12/25/2015,784491050,1/30/2016,7190,154.06,90.93,1107691.4,653786.7,453904.7
Sub-Saharan Africa,Mauritania,Vegetables,Offline,L,03-07-2016,328771722,03-07-2016,9713,154.06,90.93,1496384.78,883203.09,613181.69
Asia,Myanmar,Snacks,Online,M,01-01-2017,790589320,1/24/2017,1803,152.58,97.44,275101.74,175684.32,99417.42
Europe,Czech Republic,Personal Care,Offline,C,4/23/2017,324680173,5/28/2017,8933,81.73,56.67,730094.09,506233.11,223860.98
Europe,Ireland,Snacks,Offline,C,3/31/2013,756093108,04-07-2013,3608,152.58,97.44,550508.64,351563.52,198945.12
Australia and Oceania,Vanuatu,Fruits,Online,L,03-02-2017,830189454,3/27/2017,363,9.33,6.92,3386.79,2511.96,874.83
Europe,Croatia,Clothes,Online,C,12/26/2015,262643039,01-04-2016,767,109.28,35.84,83817.76,27489.28,56328.48
Europe,Iceland,Beverages,Online,H,10/27/2012,189440190,12/13/2012,8417,47.45,31.79,399386.65,267576.43,131810.22
Central America and the Caribbean,Cuba,Personal Care,Offline,L,8/29/2015,916879737,09-08-2015,3944,81.73,56.67,322343.12,223506.48,98836.64
Middle East and North Africa,Turkey,Cereal,Online,M,10/25/2010,571573007,12-03-2010,9,205.7,117.11,1851.3,1053.99,797.31
Asia,Philippines,Cereal,Online,H,03-09-2012,950443828,3/14/2012,6304,205.7,117.11,1296732.8,738261.44,558471.36
Sub-Saharan Africa,Central African Republic,Beverages,Offline,M,01-03-2012,770728528,01-04-2012,4554,47.45,31.79,216087.3,144771.66,71315.64
Asia,Japan,Snacks,Online,C,12-09-2014,619975936,12-11-2014,3512,152.58,97.44,535860.96,342209.28,193651.68
Australia and Oceania,Vanuatu,Cosmetics,Offline,C,7/27/2011,706047379,9/14/2011,3964,437.2,263.33,1733060.8,1043840.12,689220.68
Sub-Saharan Africa,Niger,Cereal,Online,M,6/21/2012,407116687,07-11-2012,3730,205.7,117.11,767261,436820.3,330440.7
Sub-Saharan Africa,Chad,Personal Care,Online,C,2/24/2014,521670186,03-03-2014,2656,81.73,56.67,217074.88,150515.52,66559.36
Middle East and North Africa,Azerbaijan,Snacks,Online,M,5/17/2010,118506705,6/27/2010,7622,152.58,97.44,1162964.76,742687.68,420277.08
Central America and the Caribbean,Jamaica,Household,Online,H,2/20/2011,586737573,03-06-2011,7541,668.27,502.54,5039424.07,3789654.14,1249769.93
Australia and Oceania,Kiribati,Beverages,Online,L,2/18/2016,685786616,2/27/2016,8354,47.45,31.79,396397.3,265573.66,130823.64
Sub-Saharan Africa,Mali,Vegetables,Offline,C,12/20/2010,595390164,01-10-2011,8035,154.06,90.93,1237872.1,730622.55,507249.55
Europe,Finland,Snacks,Online,L,5/27/2016,565597045,6/30/2016,1589,152.58,97.44,242449.62,154832.16,87617.46
North America,United States of America,Clothes,Online,H,5/22/2016,466768586,07-03-2016,6052,109.28,35.84,661362.56,216903.68,444458.88
Sub-Saharan Africa,Mali,Snacks,Offline,C,11/19/2014,239578616,12/21/2014,5491,152.58,97.44,837816.78,535043.04,302773.74
Europe,Liechtenstein,Vegetables,Online,H,11/25/2016,345013463,11/27/2016,6006,154.06,90.93,925284.36,546125.58,379158.78
Asia,Bangladesh,Beverages,Offline,C,03-02-2017,414371955,04-10-2017,725,47.45,31.79,34401.25,23047.75,11353.5
Middle East and North Africa,Egypt,Household,Online,H,6/21/2011,599265420,08-01-2011,4810,668.27,502.54,3214378.7,2417217.4,797161.3
Sub-Saharan Africa,Sao Tome and Principe,Baby Food,Online,C,08-04-2015,221617686,9/20/2015,453,255.28,159.42,115641.84,72217.26,43424.58
Sub-Saharan Africa,Togo,Snacks,Offline,C,02-04-2016,923665082,02-11-2016,1878,152.58,97.44,286545.24,182992.32,103552.92
North America,Greenland,Office Supplies,Online,H,12/16/2011,817956435,12/29/2011,341,651.21,524.96,222062.61,179011.36,43051.25
Sub-Saharan Africa,Tanzania,Household,Offline,H,10/22/2010,337353074,11-08-2010,9126,668.27,502.54,6098632.02,4586180.04,1512451.98
Europe,Serbia,Personal Care,Offline,H,7/17/2017,885028827,7/26/2017,8552,81.73,56.67,698954.96,484641.84,214313.12
Sub-Saharan Africa,Chad,Beverages,Online,C,5/28/2015,784470021,07-12-2015,967,47.45,31.79,45884.15,30740.93,15143.22
Europe,Germany,Personal Care,Online,L,3/19/2015,229475486,04-04-2015,5751,81.73,56.67,470029.23,325909.17,144120.06
Asia,Turkmenistan,Baby Food,Offline,C,09-12-2013,834156548,10-12-2013,4314,255.28,159.42,1101277.92,687737.88,413540.04
Asia,Philippines,Baby Food,Online,M,6/14/2012,682937037,7/13/2012,5101,255.28,159.42,1302183.28,813201.42,488981.86
Middle East and North Africa,Qatar,Baby Food,Offline,M,2/15/2014,180553281,03-09-2014,8583,255.28,159.42,2191068.24,1368301.86,822766.38
Sub-Saharan Africa,South Africa,Meat,Online,C,1/26/2011,702054107,1/30/2011,2266,421.89,364.69,956002.74,826387.54,129615.2
Europe,Austria,Snacks,Online,L,11-10-2011,542800843,12/16/2011,5687,152.58,97.44,867722.46,554141.28,313581.18
Asia,Sri Lanka,Vegetables,Online,L,10-05-2014,768467319,10/18/2014,5411,154.06,90.93,833618.66,492022.23,341596.43
Sub-Saharan Africa,South Africa,Cereal,Offline,M,7/19/2011,265039861,09-05-2011,39,205.7,117.11,8022.3,4567.29,3455.01
Europe,Slovakia,Meat,Offline,M,12/21/2013,688817298,1/27/2014,5200,421.89,364.69,2193828,1896388,297440
Sub-Saharan Africa,Guinea,Vegetables,Offline,M,2/25/2012,616410958,04-10-2012,8555,154.06,90.93,1317983.3,777906.15,540077.15
Australia and Oceania,East Timor,Clothes,Offline,H,03-08-2016,494744670,3/28/2016,4797,109.28,35.84,524216.16,171924.48,352291.68
Asia,Japan,Personal Care,Offline,C,7/13/2014,391054761,08-10-2014,649,81.73,56.67,53042.77,36778.83,16263.94
Central America and the Caribbean,Grenada,Clothes,Online,H,8/20/2015,442890059,09-09-2015,9865,109.28,35.84,1078047.2,353561.6,724485.6
Australia and Oceania,Solomon Islands,Clothes,Offline,H,11-11-2013,408111894,11/23/2013,8233,109.28,35.84,899702.24,295070.72,604631.52
Australia and Oceania,Marshall Islands,Personal Care,Online,C,01-06-2016,114894092,01-12-2016,8570,81.73,56.67,700426.1,485661.9,214764.2
Middle East and North Africa,Afghanistan,Personal Care,Online,C,10/17/2014,811722981,11-08-2014,5723,81.73,56.67,467740.79,324322.41,143418.38
Central America and the Caribbean,Nicaragua,Office Supplies,Online,C,05-06-2015,217397391,5/18/2015,1574,651.21,524.96,1025004.54,826287.04,198717.5
Europe,Denmark,Office Supplies,Online,C,4/15/2016,171028649,06-01-2016,33,651.21,524.96,21489.93,17323.68,4166.25
Central America and the Caribbean,Cuba,Baby Food,Online,L,7/15/2013,782040584,8/16/2013,2042,255.28,159.42,521281.76,325535.64,195746.12
Central America and the Caribbean,Dominican Republic,Office Supplies,Offline,L,8/18/2011,880169522,9/24/2011,576,651.21,524.96,375096.96,302376.96,72720
Australia and Oceania,Papua New Guinea,Snacks,Offline,C,5/23/2012,265464293,6/14/2012,5638,152.58,97.44,860246.04,549366.72,310879.32
Middle East and North Africa,Pakistan,Office Supplies,Online,C,2/21/2011,158286225,2/27/2011,9266,651.21,524.96,6034111.86,4864279.36,1169832.5
Middle East and North Africa,Saudi Arabia,Fruits,Offline,L,8/13/2015,949309146,8/15/2015,527,9.33,6.92,4916.91,3646.84,1270.07
Sub-Saharan Africa,Kenya,Cosmetics,Offline,C,11/24/2011,849519383,12/26/2011,519,437.2,263.33,226906.8,136668.27,90238.53
Asia,Japan,Fruits,Online,H,8/24/2013,840215766,8/29/2013,7371,9.33,6.92,68771.43,51007.32,17764.11
Asia,Laos,Baby Food,Offline,C,11-10-2012,623009622,12/30/2012,1247,255.28,159.42,318334.16,198796.74,119537.42
Europe,Bulgaria,Meat,Offline,C,12/20/2013,869824779,1/16/2014,9336,421.89,364.69,3938765.04,3404745.84,534019.2
Asia,Thailand,Cosmetics,Offline,L,11/21/2014,972897565,12-03-2014,864,437.2,263.33,377740.8,227517.12,150223.68
Middle East and North Africa,Saudi Arabia,Household,Online,C,10/26/2010,394776809,11/17/2010,2085,668.27,502.54,1393342.95,1047795.9,345547.05
Middle East and North Africa,United Arab Emirates,Meat,Online,H,2/28/2013,918323838,04-03-2013,1286,421.89,364.69,542550.54,468991.34,73559.2
Middle East and North Africa,Pakistan,Baby Food,Online,M,6/18/2015,796712481,6/30/2015,3783,255.28,159.42,965724.24,603085.86,362638.38
Asia,India,Personal Care,Online,H,4/27/2012,603429067,06-05-2012,6925,81.73,56.67,565980.25,392439.75,173540.5
Australia and Oceania,Palau,Meat,Offline,L,10-09-2010,982272422,11-07-2010,5093,421.89,364.69,2148685.77,1857366.17,291319.6
Middle East and North Africa,Oman,Beverages,Online,M,05-03-2011,397353875,5/18/2011,4697,47.45,31.79,222872.65,149317.63,73555.02
Europe,Iceland,Baby Food,Offline,M,10/23/2011,983097255,11-09-2011,9179,255.28,159.42,2343215.12,1463316.18,879898.94
Sub-Saharan Africa,Tanzania,Household,Offline,M,1/22/2011,894238889,02-07-2011,4014,668.27,502.54,2682435.78,2017195.56,665240.22
Central America and the Caribbean,Panama,Beverages,Online,L,10/19/2012,155827605,11/22/2012,1706,47.45,31.79,80949.7,54233.74,26715.96
Europe,France,Household,Offline,C,3/30/2014,213224732,04-03-2014,6791,668.27,502.54,4538221.57,3412749.14,1125472.43
Middle East and North Africa,Egypt,Household,Offline,M,06-12-2017,782104098,08-01-2017,838,668.27,502.54,560010.26,421128.52,138881.74
Asia,Turkmenistan,Personal Care,Online,H,5/22/2010,298452031,5/27/2010,7443,81.73,56.67,608316.39,421794.81,186521.58
Central America and the Caribbean,Trinidad and Tobago,Cosmetics,Online,H,03-10-2016,868567359,4/24/2016,7238,437.2,263.33,3164453.6,1905982.54,1258471.06
Asia,North Korea,Snacks,Online,L,08-08-2013,619061410,8/15/2013,2883,152.58,97.44,439888.14,280919.52,158968.62
Asia,Cambodia,Fruits,Offline,H,07-07-2016,446858012,7/23/2016,4071,9.33,6.92,37982.43,28171.32,9811.11
Middle East and North Africa,Afghanistan,Personal Care,Online,C,03-04-2017,869193494,3/15/2017,2525,81.73,56.67,206368.25,143091.75,63276.5
Europe,Moldova ,Vegetables,Offline,H,8/28/2012,673616683,9/17/2012,7001,154.06,90.93,1078574.06,636600.93,441973.13
Sub-Saharan Africa,Djibouti,Clothes,Offline,L,04-11-2016,967988908,5/13/2016,8284,109.28,35.84,905275.52,296898.56,608376.96
Europe,Cyprus,Beverages,Offline,H,11/20/2015,230483996,12/16/2015,4191,47.45,31.79,198862.95,133231.89,65631.06
Europe,France,Beverages,Online,M,7/24/2015,159588277,09-06-2015,4572,47.45,31.79,216941.4,145343.88,71597.52
Europe,Greece,Snacks,Online,M,8/23/2016,724100577,09-08-2016,6307,152.58,97.44,962322.06,614554.08,347767.98
Sub-Saharan Africa,Malawi,Meat,Offline,H,12/25/2013,613132226,1/31/2014,8306,421.89,364.69,3504218.34,3029115.14,475103.2
Europe,Slovakia,Beverages,Offline,M,11-04-2014,386107051,12-10-2014,6511,47.45,31.79,308946.95,206984.69,101962.26
Asia,Uzbekistan,Clothes,Offline,L,5/29/2012,222761380,06-08-2012,8897,109.28,35.84,972264.16,318868.48,653395.68
Sub-Saharan Africa,Sierra Leone,Clothes,Offline,H,4/15/2012,373144042,5/27/2012,469,109.28,35.84,51252.32,16808.96,34443.36
Sub-Saharan Africa,Benin,Office Supplies,Online,C,08-02-2013,707616364,8/31/2013,8262,651.21,524.96,5380297.02,4337219.52,1043077.5
Australia and Oceania,East Timor,Meat,Online,M,09-04-2012,266852176,09-08-2012,6344,421.89,364.69,2676470.16,2313593.36,362876.8
Australia and Oceania,East Timor,Fruits,Online,L,08-02-2014,411837804,8/20/2014,813,9.33,6.92,7585.29,5625.96,1959.33
Europe,Finland,Fruits,Online,M,01-11-2014,773872077,1/16/2014,4800,9.33,6.92,44784,33216,11568
Sub-Saharan Africa,Cote d'Ivoire,Household,Offline,C,5/16/2014,604566323,06-01-2014,3465,668.27,502.54,2315555.55,1741301.1,574254.45
Asia,Japan,Snacks,Online,L,04-02-2016,125844371,05-11-2016,9001,152.58,97.44,1373372.58,877057.44,496315.14
Asia,Taiwan,Snacks,Offline,L,10/21/2013,979942548,11/15/2013,5631,152.58,97.44,859177.98,548684.64,310493.34
Middle East and North Africa,Jordan,Clothes,Online,H,08-01-2013,379409682,8/14/2013,4611,109.28,35.84,503890.08,165258.24,338631.84
Europe,Latvia,Meat,Offline,M,8/20/2015,557107102,8/27/2015,9227,421.89,364.69,3892779.03,3364994.63,527784.4
Middle East and North Africa,Saudi Arabia,Fruits,Offline,L,4/15/2017,216208636,06-02-2017,9795,9.33,6.92,91387.35,67781.4,23605.95
Asia,Taiwan,Meat,Offline,L,12-06-2016,380200612,1/14/2017,8665,421.89,364.69,3655676.85,3160038.85,495638
Sub-Saharan Africa,Niger,Vegetables,Offline,M,3/28/2010,342881858,4/21/2010,5216,154.06,90.93,803576.96,474290.88,329286.08
Asia,Malaysia,Cosmetics,Online,H,8/29/2016,818363702,09-06-2016,860,437.2,263.33,375992,226463.8,149528.2
Sub-Saharan Africa,Zimbabwe,Snacks,Offline,H,1/25/2015,791069972,03-04-2015,4039,152.58,97.44,616270.62,393560.16,222710.46
Europe,Czech Republic,Personal Care,Offline,M,09-07-2015,665736997,9/25/2015,5226,81.73,56.67,427120.98,296157.42,130963.56
Sub-Saharan Africa,Angola,Cosmetics,Offline,M,11-11-2010,917413604,12/27/2010,1927,437.2,263.33,842484.4,507436.91,335047.49
Middle East and North Africa,Egypt,Clothes,Online,M,9/29/2016,741461122,10/29/2016,3678,109.28,35.84,401931.84,131819.52,270112.32
Europe,Slovenia,Snacks,Offline,H,6/17/2016,303553378,07-04-2016,7045,152.58,97.44,1074926.1,686464.8,388461.3
Middle East and North Africa,Azerbaijan,Vegetables,Online,M,12-02-2016,289676702,12/22/2016,628,154.06,90.93,96749.68,57104.04,39645.64
Asia,Myanmar,Household,Online,C,9/27/2014,556129920,11-02-2014,57,668.27,502.54,38091.39,28644.78,9446.61
Asia,Nepal,Household,Offline,M,03-04-2015,579524362,3/31/2015,2992,668.27,502.54,1999463.84,1503599.68,495864.16
Europe,Iceland,Meat,Offline,L,03-07-2013,806783854,4/21/2013,4126,421.89,364.69,1740718.14,1504710.94,236007.2
Asia,China,Snacks,Offline,H,05-11-2012,405144727,5/13/2012,183,152.58,97.44,27922.14,17831.52,10090.62
Europe,United Kingdom,Snacks,Offline,C,08-03-2013,412155807,08-04-2013,4917,152.58,97.44,750235.86,479112.48,271123.38
Middle East and North Africa,Tunisia ,Beverages,Online,L,3/27/2011,585678422,04-04-2011,4115,47.45,31.79,195256.75,130815.85,64440.9
Australia and Oceania,Palau,Baby Food,Offline,H,02-03-2012,753886401,03-01-2012,594,255.28,159.42,151636.32,94695.48,56940.84
Europe,Cyprus,Meat,Offline,H,06-10-2016,365266072,07-03-2016,9203,421.89,364.69,3882653.67,3356242.07,526411.6
Europe,Greece,Baby Food,Online,C,04-11-2014,738616263,4/13/2014,1821,255.28,159.42,464864.88,290303.82,174561.06
Asia,Japan,Beverages,Offline,L,10/18/2011,113048303,11/20/2011,2360,47.45,31.79,111982,75024.4,36957.6
Sub-Saharan Africa,Angola,Personal Care,Online,H,6/25/2012,397986018,7/17/2012,1762,81.73,56.67,144008.26,99852.54,44155.72
Europe,Poland,Vegetables,Offline,C,4/22/2013,423165738,06-01-2013,3000,154.06,90.93,462180,272790,189390
Asia,China,Vegetables,Online,H,02-02-2016,888636291,3/18/2016,6081,154.06,90.93,936838.86,552945.33,383893.53
Sub-Saharan Africa,South Africa,Clothes,Online,H,2/23/2016,314759004,03-01-2016,3039,109.28,35.84,332101.92,108917.76,223184.16
Sub-Saharan Africa,Sudan,Personal Care,Offline,C,8/24/2013,892207705,10-02-2013,2942,81.73,56.67,240449.66,166723.14,73726.52
Sub-Saharan Africa,Nigeria,Household,Online,C,5/23/2017,831968724,06-03-2017,6889,668.27,502.54,4603712.03,3461998.06,1141713.97
Sub-Saharan Africa,Zambia,Cosmetics,Online,M,9/29/2010,215340888,11-05-2010,3009,437.2,263.33,1315534.8,792359.97,523174.83
Middle East and North Africa,Algeria,Household,Online,H,01-01-2016,543935525,02-10-2016,1464,668.27,502.54,978347.28,735718.56,242628.72
Asia,India,Baby Food,Online,M,11/14/2014,689676463,12/17/2014,9446,255.28,159.42,2411374.88,1505881.32,905493.56
Sub-Saharan Africa,South Africa,Clothes,Offline,H,11-02-2012,944800031,12/16/2012,6179,109.28,35.84,675241.12,221455.36,453785.76
Europe,Macedonia,Personal Care,Online,M,09-05-2012,771855056,10-11-2012,7918,81.73,56.67,647138.14,448713.06,198425.08
Europe,Belarus,Beverages,Offline,C,8/26/2010,153702867,10-03-2010,2949,47.45,31.79,139930.05,93748.71,46181.34
Europe,Sweden,Fruits,Online,L,06-12-2015,943517291,6/26/2015,6588,9.33,6.92,61466.04,45588.96,15877.08
Australia and Oceania,Palau,Clothes,Offline,M,02-01-2014,114784657,3/20/2014,6186,109.28,35.84,676006.08,221706.24,454299.84
Australia and Oceania,Palau,Beverages,Offline,H,08-11-2013,111303794,08-11-2013,6121,47.45,31.79,290441.45,194586.59,95854.86
Sub-Saharan Africa,Cape Verde,Household,Offline,M,7/14/2014,297186028,7/23/2014,2805,668.27,502.54,1874497.35,1409624.7,464872.65
Sub-Saharan Africa,Cote d'Ivoire,Office Supplies,Online,L,8/29/2014,106855189,10-08-2014,9680,651.21,524.96,6303712.8,5081612.8,1222100
Europe,Vatican City,Beverages,Online,C,11-07-2012,395047605,12-03-2012,2220,47.45,31.79,105339,70573.8,34765.2
Australia and Oceania,Nauru,Fruits,Online,C,10/29/2012,286812102,12-07-2012,2930,9.33,6.92,27336.9,20275.6,7061.3
Sub-Saharan Africa,Ghana,Fruits,Online,M,10/17/2011,327510011,10/28/2011,6345,9.33,6.92,59198.85,43907.4,15291.45
Asia,Mongolia,Clothes,Online,M,10/22/2011,232815158,11-08-2011,4034,109.28,35.84,440835.52,144578.56,296256.96
Australia and Oceania,Nauru,Office Supplies,Offline,L,12/31/2015,238713872,02-11-2016,9594,651.21,524.96,6247708.74,5036466.24,1211242.5
Sub-Saharan Africa,Liberia,Beverages,Offline,M,03-11-2017,651504981,3/18/2017,3657,47.45,31.79,173524.65,116256.03,57268.62
Sub-Saharan Africa,Uganda,Clothes,Online,M,11-10-2016,497799813,11/13/2016,8882,109.28,35.84,970624.96,318330.88,652294.08
Australia and Oceania,Vanuatu,Meat,Online,M,9/30/2013,674522197,10-04-2013,4962,421.89,364.69,2093418.18,1809591.78,283826.4
Sub-Saharan Africa,Angola,Meat,Offline,L,3/29/2015,798908460,5/18/2015,3622,421.89,364.69,1528085.58,1320907.18,207178.4
Sub-Saharan Africa,Sudan,Cereal,Offline,L,11-07-2010,558507430,11/22/2010,3615,205.7,117.11,743605.5,423352.65,320252.85
North America,Canada,Office Supplies,Offline,C,11/19/2013,161180436,01-01-2014,5728,651.21,524.96,3730130.88,3006970.88,723160
Sub-Saharan Africa,Sierra Leone,Beverages,Offline,C,3/14/2012,785101306,3/24/2012,7778,47.45,31.79,369066.1,247262.62,121803.48
Asia,South Korea,Vegetables,Online,H,06-10-2017,528756368,6/19/2017,9614,154.06,90.93,1481132.84,874201.02,606931.82
Central America and the Caribbean,Panama,Baby Food,Offline,C,10/24/2015,260944449,11/13/2015,8116,255.28,159.42,2071852.48,1293852.72,777999.76
Asia,Japan,Personal Care,Offline,M,4/20/2017,470776879,5/27/2017,2195,81.73,56.67,179397.35,124390.65,55006.7
Asia,Singapore,Cereal,Online,L,01-10-2014,817677485,2/20/2014,7793,205.7,117.11,1603020.1,912638.23,690381.87
North America,Greenland,Fruits,Offline,L,4/28/2014,581382596,5/25/2014,2885,9.33,6.92,26917.05,19964.2,6952.85
Europe,Norway,Snacks,Online,H,3/21/2016,911941039,4/19/2016,2474,152.58,97.44,377482.92,241066.56,136416.36
Sub-Saharan Africa,Rwanda,Vegetables,Online,L,04-03-2011,779714143,5/16/2011,3597,154.06,90.93,554153.82,327075.21,227078.61
Asia,Singapore,Office Supplies,Offline,H,12-11-2010,125375735,12/15/2010,321,651.21,524.96,209038.41,168512.16,40526.25
Europe,Ukraine,Office Supplies,Offline,L,9/27/2012,309912145,10-08-2012,8745,651.21,524.96,5694831.45,4590775.2,1104056.25
Sub-Saharan Africa,Eritrea,Snacks,Offline,M,5/14/2011,964622199,07-03-2011,2000,152.58,97.44,305160,194880,110280
Europe,France,Beverages,Online,C,03-06-2010,441117227,3/26/2010,5245,47.45,31.79,248875.25,166738.55,82136.7
Europe,Armenia,Beverages,Offline,L,5/22/2017,761321055,5/31/2017,673,47.45,31.79,31933.85,21394.67,10539.18
Europe,Latvia,Baby Food,Online,C,12/28/2011,867470014,1/17/2012,2509,255.28,159.42,640497.52,399984.78,240512.74
Sub-Saharan Africa,Zambia,Fruits,Offline,L,09-06-2015,672112929,10/17/2015,2006,9.33,6.92,18715.98,13881.52,4834.46
Australia and Oceania,New Zealand,Personal Care,Offline,C,05-12-2013,608111131,06-06-2013,2452,81.73,56.67,200401.96,138954.84,61447.12
Asia,Kazakhstan,Baby Food,Offline,M,07-04-2017,278638446,7/17/2017,4163,255.28,159.42,1062730.64,663665.46,399065.18
Central America and the Caribbean,Dominica,Fruits,Online,L,05-12-2011,707181203,5/23/2011,9488,9.33,6.92,88523.04,65656.96,22866.08
Europe,Greece,Fruits,Offline,C,4/24/2013,287538230,05-03-2013,7807,9.33,6.92,72839.31,54024.44,18814.87
Asia,Maldives,Meat,Online,C,07-11-2012,633820855,7/27/2012,531,421.89,364.69,224023.59,193650.39,30373.2
Sub-Saharan Africa,Madagascar,Clothes,Offline,C,08-02-2010,730452907,8/26/2010,6102,109.28,35.84,666826.56,218695.68,448130.88
Europe,Slovakia,Office Supplies,Online,C,2/21/2010,982170712,04-04-2010,4995,651.21,524.96,3252793.95,2622175.2,630618.75
Europe,Ukraine,Cereal,Online,H,2/15/2011,964023101,03-01-2011,4713,205.7,117.11,969464.1,551939.43,417524.67
Asia,Taiwan,Baby Food,Offline,L,7/13/2014,771371400,7/14/2014,4794,255.28,159.42,1223812.32,764259.48,459552.84
Australia and Oceania,Marshall Islands,Meat,Offline,L,1/22/2011,569889438,3/13/2011,1804,421.89,364.69,761089.56,657900.76,103188.8
Europe,Ukraine,Clothes,Offline,M,03-12-2015,145563542,04-01-2015,4342,109.28,35.84,474493.76,155617.28,318876.48
Sub-Saharan Africa,The Gambia,Baby Food,Online,L,12/24/2015,254692542,01-05-2016,8038,255.28,159.42,2051940.64,1281417.96,770522.68
Europe,Serbia,Cosmetics,Online,L,02-04-2011,373887765,3/14/2011,553,437.2,263.33,241771.6,145621.49,96150.11
Sub-Saharan Africa,Swaziland,Vegetables,Online,L,8/25/2010,950073039,10-12-2010,6580,154.06,90.93,1013714.8,598319.4,415395.4
Asia,Laos,Vegetables,Online,L,8/31/2010,250484693,09-04-2010,2842,154.06,90.93,437838.52,258423.06,179415.46
Europe,Sweden,Cereal,Offline,H,01-08-2012,212671554,1/19/2012,3094,205.7,117.11,636435.8,362338.34,274097.46
Central America and the Caribbean,Costa Rica,Fruits,Online,L,8/26/2016,594494950,9/29/2016,3122,9.33,6.92,29128.26,21604.24,7524.02
Asia,Japan,Personal Care,Online,L,3/19/2016,324128711,4/13/2016,5743,81.73,56.67,469375.39,325455.81,143919.58
Central America and the Caribbean,Antigua and Barbuda ,Meat,Online,M,12/27/2010,650059163,12/29/2010,5807,421.89,364.69,2449915.23,2117754.83,332160.4
Middle East and North Africa,Bahrain,Clothes,Online,C,09-06-2013,191085135,9/26/2013,5193,109.28,35.84,567491.04,186117.12,381373.92
Sub-Saharan Africa,Mali,Meat,Offline,M,05-09-2015,786317956,6/26/2015,7812,421.89,364.69,3295804.68,2848958.28,446846.4
Sub-Saharan Africa,Mali,Office Supplies,Online,C,11/26/2011,745181453,01-06-2012,4606,651.21,524.96,2999473.26,2417965.76,581507.5
Europe,Italy,Meat,Online,L,6/16/2015,697411954,07-07-2015,8550,421.89,364.69,3607159.5,3118099.5,489060
Asia,Vietnam,Cereal,Online,C,09-07-2012,443058288,10/23/2012,9648,205.7,117.11,1984593.6,1129877.28,854716.32
Central America and the Caribbean,Cuba,Cosmetics,Offline,L,1/19/2014,302481782,2/24/2014,9936,437.2,263.33,4344019.2,2616446.88,1727572.32
Central America and the Caribbean,El Salvador,Baby Food,Online,M,2/24/2012,666356265,2/26/2012,8482,255.28,159.42,2165284.96,1352200.44,813084.52
Australia and Oceania,New Zealand,Office Supplies,Offline,M,10/13/2015,645668065,10/31/2015,6383,651.21,524.96,4156673.43,3350819.68,805853.75
Sub-Saharan Africa,Nigeria,Vegetables,Offline,H,11/21/2015,321716010,01-06-2016,1771,154.06,90.93,272840.26,161037.03,111803.23
Europe,Bosnia and Herzegovina,Office Supplies,Offline,L,1/16/2012,296111428,1/23/2012,4807,651.21,524.96,3130366.47,2523482.72,606883.75
Sub-Saharan Africa,Mali,Household,Online,C,3/29/2016,340778148,4/16/2016,2682,668.27,502.54,1792300.14,1347812.28,444487.86
Sub-Saharan Africa,Burundi,Meat,Offline,C,04-06-2011,747952497,04-09-2011,4620,421.89,364.69,1949131.8,1684867.8,264264
Sub-Saharan Africa,Benin,Household,Online,M,01-05-2015,980183303,02-02-2015,6876,668.27,502.54,4595024.52,3455465.04,1139559.48
Europe,Italy,Meat,Offline,H,03-10-2016,120331895,3/29/2016,7737,421.89,364.69,3264162.93,2821606.53,442556.4
Sub-Saharan Africa,Sao Tome and Principe,Personal Care,Online,C,11/25/2015,921572101,01-09-2016,2519,81.73,56.67,205877.87,142751.73,63126.14
Australia and Oceania,Papua New Guinea,Cereal,Offline,H,4/29/2016,357390248,06-01-2016,8571,205.7,117.11,1763054.7,1003749.81,759304.89
Asia,Indonesia,Office Supplies,Offline,H,12-02-2016,871585166,12-02-2016,274,651.21,524.96,178431.54,143839.04,34592.5
Middle East and North Africa,Qatar,Household,Offline,L,8/20/2010,928268182,9/19/2010,4038,668.27,502.54,2698474.26,2029256.52,669217.74
Asia,Uzbekistan,Baby Food,Offline,H,5/31/2010,861863124,07-11-2010,3306,255.28,159.42,843955.68,527042.52,316913.16
Middle East and North Africa,Oman,Vegetables,Offline,C,2/13/2015,627106320,2/27/2015,3551,154.06,90.93,547067.06,322892.43,224174.63
Europe,Estonia,Clothes,Offline,H,4/29/2013,249046599,5/21/2013,7278,109.28,35.84,795339.84,260843.52,534496.32
Middle East and North Africa,Somalia,Baby Food,Offline,M,5/22/2017,273045289,07-09-2017,9024,255.28,159.42,2303646.72,1438606.08,865040.64
Asia,Kyrgyzstan,Baby Food,Offline,C,3/20/2014,414776217,04-02-2014,355,255.28,159.42,90624.4,56594.1,34030.3
Sub-Saharan Africa,Nigeria,Office Supplies,Offline,L,07-05-2014,910225713,07-11-2014,4870,651.21,524.96,3171392.7,2556555.2,614837.5
Australia and Oceania,Tuvalu,Snacks,Offline,L,02-05-2011,265692603,3/26/2011,3200,152.58,97.44,488256,311808,176448
Sub-Saharan Africa,Mozambique,Snacks,Offline,H,01-07-2013,207788217,02-05-2013,8006,152.58,97.44,1221555.48,780104.64,441450.84
Asia,Kazakhstan,Baby Food,Offline,C,6/15/2011,733436381,07-06-2011,8979,255.28,159.42,2292159.12,1431432.18,860726.94
Middle East and North Africa,Somalia,Meat,Offline,C,10-12-2013,559873425,10/28/2013,7843,421.89,364.69,3308883.27,2860263.67,448619.6
Europe,Latvia,Baby Food,Offline,M,02-02-2017,274648177,3/14/2017,3354,255.28,159.42,856209.12,534694.68,321514.44
Europe,Kosovo,Vegetables,Offline,M,12/20/2011,985621964,1/21/2012,6297,154.06,90.93,970115.82,572586.21,397529.61
Europe,San Marino,Cereal,Online,H,7/24/2016,270968616,8/15/2016,4490,205.7,117.11,923593,525823.9,397769.1
Sub-Saharan Africa,Mozambique,Baby Food,Online,C,3/23/2012,729174458,3/25/2012,7781,255.28,159.42,1986333.68,1240447.02,745886.66
Australia and Oceania,Palau,Vegetables,Offline,L,6/16/2015,529038321,6/17/2015,3051,154.06,90.93,470037.06,277427.43,192609.63
Europe,Finland,Snacks,Offline,C,07-09-2013,159671533,7/24/2013,9210,152.58,97.44,1405261.8,897422.4,507839.4
Sub-Saharan Africa,Kenya,Meat,Online,C,09-07-2013,180497920,9/30/2013,2200,421.89,364.69,928158,802318,125840
Australia and Oceania,Vanuatu,Baby Food,Offline,C,9/15/2016,771253812,10-07-2016,9997,255.28,159.42,2552034.16,1593721.74,958312.42
Asia,Philippines,Cereal,Online,M,1/19/2013,381988036,03-04-2013,7603,205.7,117.11,1563937.1,890387.33,673549.77
Asia,Myanmar,Office Supplies,Online,C,12/19/2016,683061921,1/24/2017,2056,651.21,524.96,1338887.76,1079317.76,259570
Europe,France,Meat,Online,M,04-04-2017,715149295,05-07-2017,7423,421.89,364.69,3131689.47,2707093.87,424595.6
Middle East and North Africa,Bahrain,Household,Offline,L,5/16/2011,939236485,6/18/2011,9803,668.27,502.54,6551050.81,4926399.62,1624651.19
Middle East and North Africa,Libya,Personal Care,Offline,L,9/29/2016,986622321,10/22/2016,2325,81.73,56.67,190022.25,131757.75,58264.5
Asia,India,Vegetables,Online,H,01-10-2014,108918130,01-11-2014,150,154.06,90.93,23109,13639.5,9469.5
Central America and the Caribbean,El Salvador,Fruits,Online,H,06-05-2011,328047740,6/13/2011,5471,9.33,6.92,51044.43,37859.32,13185.11
Sub-Saharan Africa,Equatorial Guinea,Vegetables,Online,M,8/25/2010,586247479,10-08-2010,2512,154.06,90.93,386998.72,228416.16,158582.56
Sub-Saharan Africa,Cape Verde,Beverages,Offline,H,09-05-2010,796066176,10/22/2010,2527,47.45,31.79,119906.15,80333.33,39572.82
Central America and the Caribbean,Cuba,Clothes,Online,L,7/25/2011,490365159,8/15/2011,8802,109.28,35.84,961882.56,315463.68,646418.88
Australia and Oceania,Australia,Baby Food,Offline,M,8/17/2010,172318255,8/24/2010,1656,255.28,159.42,422743.68,263999.52,158744.16
Asia,Taiwan,Fruits,Online,C,11-01-2013,865411794,11-12-2013,3436,9.33,6.92,32057.88,23777.12,8280.76
Australia and Oceania,Palau,Office Supplies,Online,M,11-10-2016,963444602,12-04-2016,3522,651.21,524.96,2293561.62,1848909.12,444652.5
Asia,Vietnam,Cereal,Offline,L,06-08-2016,280528008,06-09-2016,3327,205.7,117.11,684363.9,389624.97,294738.93
Sub-Saharan Africa,Equatorial Guinea,Beverages,Online,H,2/23/2014,501085841,04-03-2014,1290,47.45,31.79,61210.5,41009.1,20201.4
Sub-Saharan Africa,Republic of the Congo,Meat,Online,M,8/23/2012,229854428,10-06-2012,7888,421.89,364.69,3327868.32,2876674.72,451193.6
Europe,Moldova ,Cosmetics,Offline,H,11-11-2011,841882598,11/22/2011,624,437.2,263.33,272812.8,164317.92,108494.88
Asia,Thailand,Vegetables,Offline,H,10/15/2012,632531678,10/15/2012,9035,154.06,90.93,1391932.1,821552.55,570379.55
Europe,Norway,Vegetables,Online,L,9/14/2013,667475497,9/23/2013,9687,154.06,90.93,1492379.22,880838.91,611540.31
Australia and Oceania,Fiji,Vegetables,Online,C,12-10-2013,732700383,1/28/2014,1180,154.06,90.93,181790.8,107297.4,74493.4
Europe,Slovakia,Meat,Online,L,2/13/2010,684505164,03-02-2010,9144,421.89,364.69,3857762.16,3334725.36,523036.8
Australia and Oceania,Fiji,Snacks,Offline,H,1/24/2015,899501168,2/20/2015,1239,152.58,97.44,189046.62,120728.16,68318.46
Europe,Portugal,Office Supplies,Offline,C,2/29/2016,924612224,3/28/2016,2159,651.21,524.96,1405962.39,1133388.64,272573.75
Middle East and North Africa,Iran,Baby Food,Online,M,01-05-2017,827074658,02-09-2017,8626,255.28,159.42,2202045.28,1375156.92,826888.36
Central America and the Caribbean,Antigua and Barbuda ,Personal Care,Offline,L,12-03-2010,744437301,1/22/2011,4395,81.73,56.67,359203.35,249064.65,110138.7
Australia and Oceania,Papua New Guinea,Clothes,Offline,L,12/21/2014,434561479,1/27/2015,5253,109.28,35.84,574047.84,188267.52,385780.32
Middle East and North Africa,Iraq,Vegetables,Offline,L,3/29/2013,625621020,3/30/2013,4017,154.06,90.93,618859.02,365265.81,253593.21
Sub-Saharan Africa,Senegal,Clothes,Offline,C,7/31/2013,766102254,08-09-2013,5536,109.28,35.84,604974.08,198410.24,406563.84
Asia,India,Household,Online,M,7/24/2013,374804008,08-09-2013,1690,668.27,502.54,1129376.3,849292.6,280083.7
Central America and the Caribbean,Saint Kitts and Nevis ,Office Supplies,Online,L,10/22/2011,390837609,12-01-2011,6389,651.21,524.96,4160580.69,3353969.44,806611.25
Asia,Cambodia,Vegetables,Online,C,10/19/2011,923626887,11/26/2011,576,154.06,90.93,88738.56,52375.68,36362.88
Europe,Iceland,Clothes,Online,L,07-04-2010,802908170,08-03-2010,7225,109.28,35.84,789548,258944,530604
Europe,Cyprus,Beverages,Online,L,4/29/2017,728730285,5/23/2017,6340,47.45,31.79,300833,201548.6,99284.4
Europe,Germany,Snacks,Offline,M,06-05-2012,121454560,7/18/2012,9958,152.58,97.44,1519391.64,970307.52,549084.12
Europe,Hungary,Household,Online,H,2/16/2011,271754825,04-02-2011,7146,668.27,502.54,4775457.42,3591150.84,1184306.58
Asia,Uzbekistan,Fruits,Online,M,8/25/2014,290617406,8/29/2014,9003,9.33,6.92,83997.99,62300.76,21697.23
Sub-Saharan Africa,Niger,Household,Offline,C,12-07-2013,259341132,01-08-2014,3659,668.27,502.54,2445199.93,1838793.86,606406.07
Europe,United Kingdom,Office Supplies,Offline,L,2/17/2016,779537332,2/20/2016,1274,651.21,524.96,829641.54,668799.04,160842.5
Central America and the Caribbean,Saint Lucia,Personal Care,Offline,C,07-08-2010,723129832,08-08-2010,9042,81.73,56.67,739002.66,512410.14,226592.52
Central America and the Caribbean,The Bahamas,Meat,Offline,H,2/26/2010,382354962,04-08-2010,6185,421.89,364.69,2609389.65,2255607.65,353782
Australia and Oceania,Solomon Islands,Baby Food,Online,L,04-01-2010,119761550,5/19/2010,8959,255.28,159.42,2287053.52,1428243.78,858809.74
North America,Mexico,Vegetables,Online,L,8/17/2014,818210923,9/16/2014,5649,154.06,90.93,870284.94,513663.57,356621.37
Middle East and North Africa,United Arab Emirates,Cosmetics,Offline,L,10/30/2016,730876910,11-01-2016,1574,437.2,263.33,688152.8,414481.42,273671.38
Asia,Indonesia,Household,Online,H,6/19/2011,431245839,08-05-2011,4082,668.27,502.54,2727878.14,2051368.28,676509.86
Middle East and North Africa,Azerbaijan,Cosmetics,Offline,M,2/17/2013,563116538,3/18/2013,7552,437.2,263.33,3301734.4,1988668.16,1313066.24
Sub-Saharan Africa,Namibia,Clothes,Online,H,10-12-2014,490600335,11-11-2014,8396,109.28,35.84,917514.88,300912.64,616602.24
Central America and the Caribbean,Guatemala,Clothes,Online,H,3/18/2014,548121058,04-06-2014,57,109.28,35.84,6228.96,2042.88,4186.08
Australia and Oceania,Samoa ,Beverages,Offline,M,4/16/2010,690415036,5/16/2010,8007,47.45,31.79,379932.15,254542.53,125389.62
Sub-Saharan Africa,Kenya,Office Supplies,Offline,C,4/20/2014,942531096,5/23/2014,4751,651.21,524.96,3093898.71,2494084.96,599813.75
Sub-Saharan Africa,Kenya,Baby Food,Offline,M,11/19/2015,949830567,11/30/2015,4827,255.28,159.42,1232236.56,769520.34,462716.22
Asia,Singapore,Meat,Online,M,02-04-2017,427987277,3/14/2017,9801,421.89,364.69,4134943.89,3574326.69,560617.2
Sub-Saharan Africa,Lesotho,Personal Care,Online,L,6/29/2013,512987554,8/17/2013,3272,81.73,56.67,267420.56,185424.24,81996.32
Middle East and North Africa,Tunisia ,Baby Food,Offline,M,1/17/2013,611130225,02-04-2013,5869,255.28,159.42,1498238.32,935635.98,562602.34
Sub-Saharan Africa,Malawi,Cosmetics,Online,M,3/23/2017,649026620,4/24/2017,254,437.2,263.33,111048.8,66885.82,44162.98
Middle East and North Africa,Afghanistan,Household,Offline,L,3/16/2017,623600566,04-01-2017,6120,668.27,502.54,4089812.4,3075544.8,1014267.6
Sub-Saharan Africa,South Sudan,Snacks,Offline,M,10/17/2012,152088391,10/27/2012,5190,152.58,97.44,791890.2,505713.6,286176.6
Australia and Oceania,Samoa ,Baby Food,Offline,L,3/25/2016,722038924,05-06-2016,6218,255.28,159.42,1587331.04,991273.56,596057.48
Europe,Bulgaria,Meat,Offline,M,07-10-2010,741313493,8/29/2010,9991,421.89,364.69,4215102.99,3643617.79,571485.2
Middle East and North Africa,Algeria,Office Supplies,Offline,L,10/27/2013,488085925,11-08-2013,4326,651.21,524.96,2817134.46,2270976.96,546157.5
Central America and the Caribbean,Saint Vincent and the Grenadines,Snacks,Offline,M,1/21/2015,760842549,2/13/2015,9073,152.58,97.44,1384358.34,884073.12,500285.22
Europe,Germany,Snacks,Online,C,7/28/2015,628382194,08-09-2015,1110,152.58,97.44,169363.8,108158.4,61205.4
Sub-Saharan Africa,Chad,Fruits,Online,C,3/18/2010,579816186,04-08-2010,9349,9.33,6.92,87226.17,64695.08,22531.09
Europe,United Kingdom,Cereal,Offline,L,10/25/2013,274568355,11/28/2013,9732,205.7,117.11,2001872.4,1139714.52,862157.88
Europe,Ukraine,Beverages,Offline,L,12/30/2011,792375028,2/13/2012,234,47.45,31.79,11103.3,7438.86,3664.44
Sub-Saharan Africa,Mali,Personal Care,Offline,C,05-11-2010,583285033,6/17/2010,5858,81.73,56.67,478774.34,331972.86,146801.48
Europe,Kosovo,Household,Online,M,08-01-2015,417659699,08-07-2015,3641,668.27,502.54,2433171.07,1829748.14,603422.93
Central America and the Caribbean,Trinidad and Tobago,Clothes,Offline,L,6/21/2016,236172854,7/30/2016,7651,109.28,35.84,836101.28,274211.84,561889.44
Sub-Saharan Africa,South Sudan,Cosmetics,Online,H,6/22/2010,499810826,7/25/2010,3985,437.2,263.33,1742242,1049370.05,692871.95
Sub-Saharan Africa,Djibouti,Meat,Offline,H,01-10-2015,839872443,02-03-2015,5775,421.89,364.69,2436414.75,2106084.75,330330
Sub-Saharan Africa,Kenya,Beverages,Online,L,10-11-2010,507969033,10/23/2010,8180,47.45,31.79,388141,260042.2,128098.8
Australia and Oceania,Palau,Household,Offline,L,07-05-2013,626024425,08-09-2013,3394,668.27,502.54,2268108.38,1705620.76,562487.62
Asia,Vietnam,Beverages,Online,H,05-09-2017,136274945,6/23/2017,5639,47.45,31.79,267570.55,179263.81,88306.74
North America,Greenland,Snacks,Online,H,9/21/2013,751269423,10/22/2013,6172,152.58,97.44,941723.76,601399.68,340324.08
Europe,Albania,Cosmetics,Offline,C,3/27/2010,203869187,05-12-2010,8278,437.2,263.33,3619141.6,2179845.74,1439295.86
Sub-Saharan Africa,Seychelles ,Cosmetics,Online,L,10/17/2011,797248065,11/16/2011,2274,437.2,263.33,994192.8,598812.42,395380.38
Sub-Saharan Africa,Republic of the Congo,Vegetables,Offline,L,10/13/2016,854892385,11/22/2016,509,154.06,90.93,78416.54,46283.37,32133.17
Central America and the Caribbean,Jamaica,Clothes,Online,M,4/22/2013,570600974,05-07-2013,2363,109.28,35.84,258228.64,84689.92,173538.72
Europe,Albania,Clothes,Online,C,3/30/2013,658485162,4/14/2013,9247,109.28,35.84,1010512.16,331412.48,679099.68
Sub-Saharan Africa,Eritrea,Vegetables,Offline,C,08-10-2010,102968776,09-11-2010,9604,154.06,90.93,1479592.24,873291.72,606300.52
Asia,Bangladesh,Household,Offline,M,8/16/2015,208788144,09-09-2015,3906,668.27,502.54,2610262.62,1962921.24,647341.38
Europe,Liechtenstein,Office Supplies,Online,L,1/26/2013,550992095,03-03-2013,9660,651.21,524.96,6290688.6,5071113.6,1219575
Middle East and North Africa,Kuwait,Beverages,Online,C,07-10-2011,324941956,08-08-2011,6401,47.45,31.79,303727.45,203487.79,100239.66
Asia,China,Office Supplies,Offline,C,10/27/2016,596311557,12/15/2016,696,651.21,524.96,453242.16,365372.16,87870
Europe,Lithuania,Cereal,Offline,C,2/28/2013,251087224,03-05-2013,1144,205.7,117.11,235320.8,133973.84,101346.96
Europe,Andorra,Fruits,Online,C,4/21/2012,945567786,4/21/2012,3375,9.33,6.92,31488.75,23355,8133.75
Europe,Netherlands,Clothes,Online,H,12-07-2011,356364572,1/20/2012,5051,109.28,35.84,551973.28,181027.84,370945.44
Asia,Philippines,Household,Online,M,7/30/2014,730401408,09-05-2014,863,668.27,502.54,576717.01,433692.02,143024.99
Europe,France,Snacks,Offline,L,04-07-2016,334914624,5/21/2016,7535,152.58,97.44,1149690.3,734210.4,415479.9
Sub-Saharan Africa,Angola,Fruits,Online,M,4/19/2010,207453048,05-04-2010,8822,9.33,6.92,82309.26,61048.24,21261.02
Europe,Macedonia,Meat,Offline,H,10-06-2013,105878007,10/24/2013,510,421.89,364.69,215163.9,185991.9,29172
Europe,Italy,Vegetables,Offline,L,9/27/2010,758363330,10-02-2010,5417,154.06,90.93,834543.02,492567.81,341975.21
Middle East and North Africa,Oman,Cosmetics,Online,C,8/24/2016,713395345,10-08-2016,8391,437.2,263.33,3668545.2,2209602.03,1458943.17
Australia and Oceania,Nauru,Snacks,Offline,H,11/30/2013,389772880,01-09-2014,1312,152.58,97.44,200184.96,127841.28,72343.68
North America,Greenland,Office Supplies,Offline,M,4/22/2016,726607263,05-02-2016,8091,651.21,524.96,5268940.11,4247451.36,1021488.75
Europe,Austria,Meat,Offline,M,03-01-2012,933322322,3/13/2012,9670,421.89,364.69,4079676.3,3526552.3,553124
Europe,Moldova ,Fruits,Offline,C,08-08-2013,739654386,8/25/2013,9024,9.33,6.92,84193.92,62446.08,21747.84
Central America and the Caribbean,Barbados,Baby Food,Online,C,11/13/2014,845652282,12/14/2014,6157,255.28,159.42,1571758.96,981548.94,590210.02
Middle East and North Africa,Jordan,Clothes,Online,L,4/13/2011,671677339,05-10-2011,3106,109.28,35.84,339423.68,111319.04,228104.64
Middle East and North Africa,Libya,Personal Care,Offline,H,7/30/2010,608403384,8/14/2010,8936,81.73,56.67,730339.28,506403.12,223936.16
Europe,Ireland,Vegetables,Offline,M,12/27/2013,666816747,1/14/2014,4748,154.06,90.93,731476.88,431735.64,299741.24
Sub-Saharan Africa,Tanzania,Cosmetics,Online,H,6/14/2012,928216254,08-01-2012,8672,437.2,263.33,3791398.4,2283597.76,1507800.64
Sub-Saharan Africa,Malawi,Personal Care,Online,C,02-12-2013,194213235,03-11-2013,867,81.73,56.67,70859.91,49132.89,21727.02
Central America and the Caribbean,Antigua and Barbuda ,Personal Care,Online,M,11-01-2012,936731517,11/23/2012,8527,81.73,56.67,696911.71,483225.09,213686.62
Europe,Slovenia,Household,Online,L,02-05-2017,748007428,02-11-2017,875,668.27,502.54,584736.25,439722.5,145013.75
Europe,Georgia,Office Supplies,Offline,M,07-12-2013,890589797,8/27/2013,4167,651.21,524.96,2713592.07,2187508.32,526083.75
Sub-Saharan Africa,Ghana,Vegetables,Online,M,7/15/2013,447339951,08-02-2013,6687,154.06,90.93,1030199.22,608048.91,422150.31
Sub-Saharan Africa,Djibouti,Beverages,Online,L,8/29/2010,371431720,10-08-2010,3755,47.45,31.79,178174.75,119371.45,58803.3
Middle East and North Africa,Azerbaijan,Vegetables,Offline,M,8/25/2014,336351430,10-03-2014,2717,154.06,90.93,418581.02,247056.81,171524.21
Europe,Georgia,Cereal,Offline,H,5/22/2017,985897910,6/26/2017,7955,205.7,117.11,1636343.5,931610.05,704733.45
Europe,Slovakia,Cereal,Online,H,10/30/2011,784182488,11-06-2011,5879,205.7,117.11,1209310.3,688489.69,520820.61
Middle East and North Africa,Afghanistan,Household,Online,M,11/29/2010,965628993,12/25/2010,9932,668.27,502.54,6637257.64,4991227.28,1646030.36
Sub-Saharan Africa,Liberia,Clothes,Online,C,07-03-2013,584973752,7/27/2013,5587,109.28,35.84,610547.36,200238.08,410309.28
Europe,Austria,Fruits,Online,C,10-01-2015,567265594,10/23/2015,5350,9.33,6.92,49915.5,37022,12893.5
Europe,Ireland,Cereal,Online,C,11-08-2014,557865846,11-11-2014,3756,205.7,117.11,772609.2,439865.16,332744.04
Middle East and North Africa,Libya,Cosmetics,Online,M,11/17/2012,272448337,12/28/2012,2372,437.2,263.33,1037038.4,624618.76,412419.64
Sub-Saharan Africa,Madagascar,Beverages,Online,H,12/13/2012,846999394,01-02-2013,4798,47.45,31.79,227665.1,152528.42,75136.68
Central America and the Caribbean,Costa Rica,Fruits,Offline,M,6/21/2015,787817847,07-06-2015,1663,9.33,6.92,15515.79,11507.96,4007.83
Sub-Saharan Africa,Rwanda,Personal Care,Offline,H,05-01-2014,921515023,5/14/2014,5628,81.73,56.67,459976.44,318938.76,141037.68
Europe,Cyprus,Meat,Online,C,11-09-2015,345014750,12/19/2015,6387,421.89,364.69,2694611.43,2329275.03,365336.4
Central America and the Caribbean,Cuba,Fruits,Online,H,04-12-2012,475553357,5/15/2012,5661,9.33,6.92,52817.13,39174.12,13643.01
Central America and the Caribbean,Haiti,Vegetables,Offline,H,11-05-2015,100679671,11/27/2015,2207,154.06,90.93,340010.42,200682.51,139327.91
Europe,Belarus,Clothes,Offline,M,2/14/2017,328255021,3/31/2017,6810,109.28,35.84,744196.8,244070.4,500126.4
Sub-Saharan Africa,Swaziland,Baby Food,Online,L,7/23/2011,536453235,8/23/2011,7288,255.28,159.42,1860480.64,1161852.96,698627.68
North America,United States of America,Snacks,Online,C,10/14/2010,623760640,11-06-2010,3490,152.58,97.44,532504.2,340065.6,192438.6
Sub-Saharan Africa,Mauritania,Personal Care,Online,H,2/28/2016,558976066,4/18/2016,2294,81.73,56.67,187488.62,130000.98,57487.64
Asia,Turkmenistan,Snacks,Offline,H,12/13/2014,831210839,12/19/2014,2614,152.58,97.44,398844.12,254708.16,144135.96
Europe,Cyprus,Snacks,Online,C,06-02-2014,199888789,6/25/2014,390,152.58,97.44,59506.2,38001.6,21504.6
Asia,Philippines,Baby Food,Offline,L,4/30/2015,644746243,6/15/2015,3596,255.28,159.42,917986.88,573274.32,344712.56
Central America and the Caribbean,Cuba,Fruits,Offline,C,9/17/2015,615832030,9/24/2015,7238,9.33,6.92,67530.54,50086.96,17443.58
Sub-Saharan Africa,The Gambia,Cereal,Offline,H,09-02-2014,883507478,09-07-2014,8351,205.7,117.11,1717800.7,977985.61,739815.09
Asia,China,Cosmetics,Online,L,2/28/2016,488446414,3/23/2016,1003,437.2,263.33,438511.6,264119.99,174391.61
Central America and the Caribbean,Trinidad and Tobago,Snacks,Online,C,1/18/2010,791635167,1/28/2010,1293,152.58,97.44,197285.94,125989.92,71296.02
Europe,Cyprus,Personal Care,Online,C,10/13/2013,524372565,10/15/2013,2350,81.73,56.67,192065.5,133174.5,58891
Central America and the Caribbean,Dominica,Household,Offline,M,7/29/2015,738269937,7/29/2015,9335,668.27,502.54,6238300.45,4691210.9,1547089.55
Europe,Liechtenstein,Vegetables,Offline,L,1/25/2016,755251109,03-05-2016,4441,154.06,90.93,684180.46,403820.13,280360.33
Central America and the Caribbean,Guatemala,Household,Online,M,12/16/2016,417552411,01-10-2017,1892,668.27,502.54,1264366.84,950805.68,313561.16
Europe,Montenegro,Snacks,Offline,M,3/29/2017,537722671,05-11-2017,2942,152.58,97.44,448890.36,286668.48,162221.88
Asia,Cambodia,Clothes,Online,M,12/15/2016,648623216,02-01-2017,878,109.28,35.84,95947.84,31467.52,64480.32
Sub-Saharan Africa,Seychelles ,Meat,Offline,M,06-06-2013,353427875,07-07-2013,6017,421.89,364.69,2538512.13,2194339.73,344172.4
Europe,Hungary,Household,Offline,L,8/19/2012,675622975,10-04-2012,707,668.27,502.54,472466.89,355295.78,117171.11
Europe,Finland,Fruits,Offline,L,3/25/2010,909007346,4/30/2010,4329,9.33,6.92,40389.57,29956.68,10432.89
Europe,Romania,Household,Offline,M,07-12-2010,867692315,7/18/2010,8293,668.27,502.54,5541963.11,4167564.22,1374398.89
Sub-Saharan Africa,Mauritania,Snacks,Online,L,02-12-2015,436101710,2/14/2015,1042,152.58,97.44,158988.36,101532.48,57455.88
Europe,Georgia,Cereal,Online,L,07-02-2011,918971860,08-03-2011,3050,205.7,117.11,627385,357185.5,270199.5
Europe,Montenegro,Beverages,Offline,H,10-03-2014,991351592,11-12-2014,1821,47.45,31.79,86406.45,57889.59,28516.86
Europe,Denmark,Household,Offline,H,9/24/2010,748602235,10/29/2010,6892,668.27,502.54,4605716.84,3463505.68,1142211.16
Central America and the Caribbean,Trinidad and Tobago,Household,Online,L,11-03-2012,356397616,11/18/2012,4829,668.27,502.54,3227075.83,2426765.66,800310.17
Australia and Oceania,Nauru,Cereal,Offline,C,11-09-2012,500724065,12/20/2012,4233,205.7,117.11,870728.1,495726.63,375001.47
Asia,Turkmenistan,Cosmetics,Offline,L,12/19/2014,137880408,12/30/2014,732,437.2,263.33,320030.4,192757.56,127272.84
Asia,Cambodia,Clothes,Online,M,11-06-2016,544477975,12/15/2016,1987,109.28,35.84,217139.36,71214.08,145925.28
Sub-Saharan Africa,Malawi,Cereal,Offline,H,6/19/2013,367440593,7/13/2013,2692,205.7,117.11,553744.4,315260.12,238484.28
Central America and the Caribbean,Cuba,Beverages,Online,H,12/28/2015,574004590,1/27/2016,9569,47.45,31.79,454049.05,304198.51,149850.54
Sub-Saharan Africa,Niger,Cosmetics,Offline,M,2/23/2010,401718795,03-04-2010,6373,437.2,263.33,2786275.6,1678202.09,1108073.51
Australia and Oceania,Kiribati,Vegetables,Offline,C,01-11-2013,508444535,02-08-2013,8892,154.06,90.93,1369901.52,808549.56,561351.96
Central America and the Caribbean,Trinidad and Tobago,Office Supplies,Online,M,4/13/2016,722355639,5/22/2016,9941,651.21,524.96,6473678.61,5218627.36,1255051.25
Central America and the Caribbean,Saint Kitts and Nevis ,Snacks,Offline,H,08-12-2012,491938436,8/20/2012,4370,152.58,97.44,666774.6,425812.8,240961.8
Australia and Oceania,Marshall Islands,Cereal,Online,H,9/27/2014,235991752,11-08-2014,4058,205.7,117.11,834730.6,475232.38,359498.22
Europe,Slovenia,Personal Care,Online,H,9/16/2013,893626916,9/25/2013,2918,81.73,56.67,238488.14,165363.06,73125.08
Central America and the Caribbean,Honduras,Snacks,Offline,H,01-02-2013,774267756,1/18/2013,1890,152.58,97.44,288376.2,184161.6,104214.6
North America,Mexico,Baby Food,Offline,M,03-03-2017,507650601,04-04-2017,3949,255.28,159.42,1008100.72,629549.58,378551.14
Sub-Saharan Africa,Sierra Leone,Fruits,Online,M,11/19/2012,793824279,12-05-2012,9099,9.33,6.92,84893.67,62965.08,21928.59
Asia,Myanmar,Clothes,Offline,C,08-09-2010,153150117,9/19/2010,9378,109.28,35.84,1024827.84,336107.52,688720.32
Asia,Singapore,Personal Care,Offline,L,07-02-2010,776301944,7/16/2010,3851,81.73,56.67,314742.23,218236.17,96506.06
Sub-Saharan Africa,Cameroon,Personal Care,Online,C,10/19/2013,874266088,10/29/2013,3618,81.73,56.67,295699.14,205032.06,90667.08
Asia,Brunei,Snacks,Online,M,06-12-2011,528341376,7/23/2011,6809,152.58,97.44,1038917.22,663468.96,375448.26
Asia,Uzbekistan,Baby Food,Offline,M,7/30/2010,340139138,8/29/2010,3584,255.28,159.42,914923.52,571361.28,343562.24
Europe,Ukraine,Snacks,Offline,C,8/18/2015,981583201,9/28/2015,1137,152.58,97.44,173483.46,110789.28,62694.18
Europe,Slovakia,Baby Food,Online,M,12-09-2016,944909894,1/28/2017,8690,255.28,159.42,2218383.2,1385359.8,833023.4
Sub-Saharan Africa,Liberia,Cereal,Offline,M,4/14/2017,592668044,05-06-2017,2499,205.7,117.11,514044.3,292657.89,221386.41
Asia,Kazakhstan,Meat,Offline,M,12-02-2012,807718980,01-06-2013,850,421.89,364.69,358606.5,309986.5,48620
Middle East and North Africa,United Arab Emirates,Snacks,Online,H,7/14/2012,743236529,7/18/2012,9060,152.58,97.44,1382374.8,882806.4,499568.4
Europe,France,Fruits,Online,C,9/25/2010,972707021,10-04-2010,4478,9.33,6.92,41779.74,30987.76,10791.98
Central America and the Caribbean,Grenada,Cosmetics,Offline,C,7/19/2014,339929282,08-07-2014,1483,437.2,263.33,648367.6,390518.39,257849.21
Middle East and North Africa,Libya,Personal Care,Offline,H,12-02-2016,909014642,12/15/2016,6488,81.73,56.67,530264.24,367674.96,162589.28
Sub-Saharan Africa,Eritrea,Snacks,Offline,C,8/28/2015,314386928,09-08-2015,2933,152.58,97.44,447517.14,285791.52,161725.62
Sub-Saharan Africa,Botswana,Household,Online,C,03-11-2017,310782468,4/27/2017,6293,668.27,502.54,4205423.11,3162484.22,1042938.89
Sub-Saharan Africa,Senegal,Vegetables,Offline,M,02-04-2010,923250091,3/15/2010,9073,154.06,90.93,1397786.38,825007.89,572778.49
Asia,Kazakhstan,Office Supplies,Online,L,4/18/2014,897151124,05-11-2014,5809,651.21,524.96,3782878.89,3049492.64,733386.25
Europe,Hungary,Baby Food,Offline,L,9/15/2016,848159396,10-06-2016,8068,255.28,159.42,2059599.04,1286200.56,773398.48
Sub-Saharan Africa,South Africa,Meat,Online,C,11/18/2012,112261235,12-07-2012,9449,421.89,364.69,3986438.61,3445955.81,540482.8
Australia and Oceania,New Zealand,Clothes,Online,L,10/17/2010,795755469,11/26/2010,582,109.28,35.84,63600.96,20858.88,42742.08
Australia and Oceania,Nauru,Fruits,Offline,C,11/29/2011,125253427,12/21/2011,4127,9.33,6.92,38504.91,28558.84,9946.07
North America,United States of America,Meat,Offline,H,12/24/2014,797678935,02-03-2015,9778,421.89,364.69,4125240.42,3565938.82,559301.6
Europe,Finland,Beverages,Online,H,3/29/2012,630268323,05-02-2012,9258,47.45,31.79,439292.1,294311.82,144980.28
Europe,Croatia,Clothes,Online,C,12-06-2015,210570418,01-05-2016,1321,109.28,35.84,144358.88,47344.64,97014.24
Europe,Finland,Fruits,Online,C,8/16/2016,646446549,09-03-2016,6754,9.33,6.92,63014.82,46737.68,16277.14
Sub-Saharan Africa,Burundi,Clothes,Online,C,05-03-2017,416070544,5/31/2017,3375,109.28,35.84,368820,120960,247860
Europe,Spain,Cereal,Offline,C,7/25/2014,317928731,7/25/2014,1031,205.7,117.11,212076.7,120740.41,91336.29
Europe,Denmark,Office Supplies,Online,C,3/22/2017,320819938,04-07-2017,6604,651.21,524.96,4300590.84,3466835.84,833755
Central America and the Caribbean,Honduras,Household,Online,L,08-02-2012,913855493,8/21/2012,9003,668.27,502.54,6016434.81,4524367.62,1492067.19
Middle East and North Africa,Israel,Clothes,Online,H,07-01-2015,856459224,08-11-2015,4172,109.28,35.84,455916.16,149524.48,306391.68
Sub-Saharan Africa,Ethiopia,Fruits,Offline,C,7/24/2011,328367459,8/18/2011,83,9.33,6.92,774.39,574.36,200.03
Europe,Macedonia,Cereal,Online,C,12/17/2013,479629027,12/24/2013,1742,205.7,117.11,358329.4,204005.62,154323.78
Middle East and North Africa,Jordan,Clothes,Online,H,3/26/2014,280605256,4/28/2014,6186,109.28,35.84,676006.08,221706.24,454299.84
Europe,Poland,Snacks,Online,L,4/26/2016,571969974,06-01-2016,7480,152.58,97.44,1141298.4,728851.2,412447.2
Europe,Slovenia,Household,Offline,H,02-05-2010,914709508,2/21/2010,1725,668.27,502.54,1152765.75,866881.5,285884.25
Australia and Oceania,Samoa ,Beverages,Online,C,01-04-2013,940122687,1/14/2013,2050,47.45,31.79,97272.5,65169.5,32103
Europe,Poland,Personal Care,Online,L,04-09-2013,799820840,4/25/2013,3615,81.73,56.67,295453.95,204862.05,90591.9
Sub-Saharan Africa,Togo,Cosmetics,Online,H,07-10-2011,715727794,08-02-2011,8614,437.2,263.33,3766040.8,2268324.62,1497716.18
Asia,Uzbekistan,Personal Care,Online,L,1/14/2017,530079877,2/16/2017,1270,81.73,56.67,103797.1,71970.9,31826.2
Europe,Lithuania,Cereal,Online,C,8/29/2013,155425918,10-01-2013,2838,205.7,117.11,583776.6,332358.18,251418.42
Sub-Saharan Africa,Niger,Personal Care,Offline,H,7/29/2016,924627244,8/26/2016,6604,81.73,56.67,539744.92,374248.68,165496.24
Australia and Oceania,East Timor,Baby Food,Online,M,7/18/2015,640857684,7/27/2015,2885,255.28,159.42,736482.8,459926.7,276556.1
Asia,Nepal,Cosmetics,Online,C,07-11-2016,327603566,08-10-2016,4030,437.2,263.33,1761916,1061219.9,700696.1
Asia,Thailand,Beverages,Offline,H,3/13/2015,178663718,4/16/2015,9419,47.45,31.79,446931.55,299430.01,147501.54
Sub-Saharan Africa,Democratic Republic of the Congo,Snacks,Online,M,11-10-2015,908149468,12-07-2015,464,152.58,97.44,70797.12,45212.16,25584.96
Australia and Oceania,Marshall Islands,Personal Care,Online,C,07-11-2012,600484645,7/13/2012,5605,81.73,56.67,458096.65,317635.35,140461.3
Sub-Saharan Africa,Ghana,Household,Offline,M,06-05-2015,560405576,6/23/2015,5318,668.27,502.54,3553859.86,2672507.72,881352.14
North America,Mexico,Personal Care,Offline,H,11/29/2016,362961089,12/20/2016,7107,81.73,56.67,580855.11,402753.69,178101.42
Europe,Vatican City,Personal Care,Offline,L,5/29/2010,103512513,6/16/2010,508,81.73,56.67,41518.84,28788.36,12730.48
Europe,Georgia,Cereal,Offline,L,11/27/2016,847733676,12-06-2016,2088,205.7,117.11,429501.6,244525.68,184975.92
Central America and the Caribbean,Antigua and Barbuda ,Fruits,Online,M,01-09-2013,581610906,01-12-2013,447,9.33,6.92,4170.51,3093.24,1077.27
Asia,North Korea,Fruits,Online,L,07-11-2010,961443030,07-11-2010,1213,9.33,6.92,11317.29,8393.96,2923.33
Central America and the Caribbean,Trinidad and Tobago,Baby Food,Online,C,8/31/2014,563841378,09-12-2014,2048,255.28,159.42,522813.44,326492.16,196321.28
Central America and the Caribbean,Barbados,Clothes,Offline,H,10/29/2012,735729777,12-07-2012,7646,109.28,35.84,835554.88,274032.64,561522.24
Sub-Saharan Africa,South Africa,Cosmetics,Offline,C,03-09-2016,644344556,4/23/2016,4728,437.2,263.33,2067081.6,1245024.24,822057.36
Asia,Laos,Cosmetics,Offline,C,6/21/2010,427234542,7/23/2010,7050,437.2,263.33,3082260,1856476.5,1225783.5
Europe,Ukraine,Office Supplies,Offline,H,10-07-2012,742261064,10/22/2012,398,651.21,524.96,259181.58,208934.08,50247.5
Australia and Oceania,Solomon Islands,Clothes,Online,H,9/22/2014,517597949,11-11-2014,7590,109.28,35.84,829435.2,272025.6,557409.6
Asia,Thailand,Personal Care,Online,C,8/17/2016,101731526,10-06-2016,3474,81.73,56.67,283930.02,196871.58,87058.44
Australia and Oceania,Tuvalu,Personal Care,Online,M,1/15/2016,813460624,02-06-2016,9930,81.73,56.67,811578.9,562733.1,248845.8
Europe,Switzerland,Baby Food,Online,M,08-02-2011,891896569,09-07-2011,870,255.28,159.42,222093.6,138695.4,83398.2
Asia,Brunei,Office Supplies,Offline,H,4/27/2014,446463191,6/13/2014,7234,651.21,524.96,4710853.14,3797560.64,913292.5
Sub-Saharan Africa,Democratic Republic of the Congo,Snacks,Online,M,8/22/2013,106896817,9/16/2013,1999,152.58,97.44,305007.42,194782.56,110224.86
Middle East and North Africa,Saudi Arabia,Clothes,Offline,M,5/17/2011,573246276,6/16/2011,5167,109.28,35.84,564649.76,185185.28,379464.48
Asia,North Korea,Baby Food,Online,C,5/27/2010,365872895,6/28/2010,8775,255.28,159.42,2240082,1398910.5,841171.5
Asia,Laos,Snacks,Offline,M,11/24/2010,775450503,01-04-2011,1891,152.58,97.44,288528.78,184259.04,104269.74
Asia,Kyrgyzstan,Cereal,Offline,L,02-01-2014,912965428,03-03-2014,5613,205.7,117.11,1154594.1,657338.43,497255.67
Middle East and North Africa,Kuwait,Clothes,Online,M,11/28/2010,859716498,12-10-2010,8072,109.28,35.84,882108.16,289300.48,592807.68
North America,Mexico,Meat,Online,M,02-01-2016,317315042,02-11-2016,9427,421.89,364.69,3977157.03,3437932.63,539224.4
North America,United States of America,Fruits,Online,C,4/28/2011,857684886,06-05-2011,6872,9.33,6.92,64115.76,47554.24,16561.52
Central America and the Caribbean,Antigua and Barbuda ,Meat,Offline,M,04-03-2017,973062360,4/25/2017,9631,421.89,364.69,4063222.59,3512329.39,550893.2
Europe,Austria,Beverages,Online,L,12-09-2013,125996291,01-04-2014,3957,47.45,31.79,187759.65,125793.03,61966.62
Europe,Italy,Beverages,Offline,C,10-10-2012,999348008,11-08-2012,8138,47.45,31.79,386148.1,258707.02,127441.08
Sub-Saharan Africa,Senegal,Baby Food,Offline,L,11/19/2014,946291339,01-05-2015,7491,255.28,159.42,1912302.48,1194215.22,718087.26
Central America and the Caribbean,Grenada,Vegetables,Offline,C,11-12-2014,540312612,11/20/2014,9364,154.06,90.93,1442617.84,851468.52,591149.32
Australia and Oceania,Australia,Meat,Offline,H,03-05-2012,425210654,04-05-2012,8137,421.89,364.69,3432918.93,2967482.53,465436.4
Australia and Oceania,Vanuatu,Vegetables,Offline,L,11/30/2014,865096795,1/16/2015,221,154.06,90.93,34047.26,20095.53,13951.73
Europe,Lithuania,Cosmetics,Offline,C,4/20/2013,394394862,5/15/2013,9059,437.2,263.33,3960594.8,2385506.47,1575088.33
Central America and the Caribbean,Honduras,Beverages,Offline,H,10-11-2013,767841184,11/27/2013,124,47.45,31.79,5883.8,3941.96,1941.84
Europe,Slovakia,Personal Care,Online,C,6/27/2012,210484588,08-01-2012,5922,81.73,56.67,484005.06,335599.74,148405.32
Sub-Saharan Africa,Guinea,Baby Food,Offline,C,3/19/2014,167686402,04-09-2014,988,255.28,159.42,252216.64,157506.96,94709.68
Central America and the Caribbean,El Salvador,Baby Food,Online,H,06-08-2013,355120456,07-08-2013,6889,255.28,159.42,1758623.92,1098244.38,660379.54
Asia,Bhutan,Fruits,Online,C,4/14/2013,108773076,5/30/2013,7225,9.33,6.92,67409.25,49997,17412.25
Europe,Lithuania,Meat,Offline,H,03-01-2014,634943091,4/14/2014,2625,421.89,364.69,1107461.25,957311.25,150150
Asia,Tajikistan,Cereal,Online,H,7/15/2017,960241830,7/24/2017,5751,205.7,117.11,1182980.7,673499.61,509481.09
Sub-Saharan Africa,Rwanda,Clothes,Online,H,7/31/2014,181593120,8/20/2014,6294,109.28,35.84,687808.32,225576.96,462231.36
Middle East and North Africa,Egypt,Household,Offline,L,09-03-2012,616233289,9/16/2012,5979,668.27,502.54,3995586.33,3004686.66,990899.67
Asia,Mongolia,Office Supplies,Offline,C,6/27/2016,151711165,7/13/2016,3560,651.21,524.96,2318307.6,1868857.6,449450
Europe,Norway,Beverages,Online,L,08-07-2016,795888078,8/27/2016,9823,47.45,31.79,466101.35,312273.17,153828.18
North America,United States of America,Household,Online,H,01-08-2016,126937854,01-10-2016,2587,668.27,502.54,1728814.49,1300070.98,428743.51
Europe,United Kingdom,Office Supplies,Offline,H,3/29/2011,743346822,04-04-2011,1698,651.21,524.96,1105754.58,891382.08,214372.5
Sub-Saharan Africa,Zimbabwe,Meat,Online,C,03-09-2011,813913810,3/19/2011,4038,421.89,364.69,1703591.82,1472618.22,230973.6
Middle East and North Africa,Egypt,Household,Online,M,9/13/2010,827750146,9/23/2010,8517,668.27,502.54,5691655.59,4280133.18,1411522.41
Asia,Sri Lanka,Snacks,Offline,C,1/17/2017,444279658,2/22/2017,1079,152.58,97.44,164633.82,105137.76,59496.06
Europe,Poland,Clothes,Online,M,11-03-2015,743238675,12-06-2015,9695,109.28,35.84,1059469.6,347468.8,712000.8
Europe,Croatia,Cosmetics,Online,M,09-08-2012,174676024,10/13/2012,9372,437.2,263.33,4097438.4,2467928.76,1629509.64
Sub-Saharan Africa,Burundi,Meat,Offline,L,04-07-2014,408953034,5/15/2014,7146,421.89,364.69,3014825.94,2606074.74,408751.2
Australia and Oceania,Federated States of Micronesia,Household,Offline,H,12/14/2016,486743533,01-10-2017,7083,668.27,502.54,4733356.41,3559490.82,1173865.59
Europe,Kosovo,Clothes,Offline,M,8/15/2010,869033849,8/15/2010,5283,109.28,35.84,577326.24,189342.72,387983.52
Sub-Saharan Africa,Cameroon,Office Supplies,Offline,M,9/17/2012,287122809,11-02-2012,4875,651.21,524.96,3174648.75,2559180,615468.75
Europe,Kosovo,Clothes,Offline,H,06-11-2011,692621743,6/21/2011,1020,109.28,35.84,111465.6,36556.8,74908.8
Europe,Poland,Cosmetics,Online,L,01-10-2015,507454478,2/14/2015,5912,437.2,263.33,2584726.4,1556806.96,1027919.44
Sub-Saharan Africa,Djibouti,Clothes,Offline,M,01-07-2010,473857343,1/25/2010,3773,109.28,35.84,412313.44,135224.32,277089.12
Europe,Montenegro,Personal Care,Offline,C,7/20/2010,504379165,7/21/2010,5858,81.73,56.67,478774.34,331972.86,146801.48
Sub-Saharan Africa,Comoros,Meat,Offline,H,09-01-2016,131881272,10-08-2016,5454,421.89,364.69,2300988.06,1989019.26,311968.8
Asia,North Korea,Clothes,Online,C,7/23/2010,759537494,08-08-2010,2878,109.28,35.84,314507.84,103147.52,211360.32
Sub-Saharan Africa,South Sudan,Snacks,Online,M,4/28/2013,710834157,06-10-2013,478,152.58,97.44,72933.24,46576.32,26356.92
Australia and Oceania,Samoa ,Snacks,Online,C,1/23/2013,179570090,02-02-2013,7635,152.58,97.44,1164948.3,743954.4,420993.9
Asia,Indonesia,Cereal,Online,M,02-01-2014,779856622,2/26/2014,5759,205.7,117.11,1184626.3,674436.49,510189.81
Asia,Turkmenistan,Meat,Online,M,5/29/2010,596117579,6/27/2010,3294,421.89,364.69,1389705.66,1201288.86,188416.8
Middle East and North Africa,Somalia,Office Supplies,Online,H,04-01-2012,933089292,05-04-2012,712,651.21,524.96,463661.52,373771.52,89890
Sub-Saharan Africa,Chad,Office Supplies,Online,L,12/21/2011,465820586,1/20/2012,5518,651.21,524.96,3593376.78,2896729.28,696647.5
Sub-Saharan Africa,Kenya,Household,Offline,M,7/24/2010,189672791,8/24/2010,7249,668.27,502.54,4844289.23,3642912.46,1201376.77
Asia,Sri Lanka,Clothes,Offline,L,11/14/2013,270319736,12/16/2013,2472,109.28,35.84,270140.16,88596.48,181543.68
Middle East and North Africa,Oman,Personal Care,Online,H,8/31/2013,493747746,10/15/2013,9785,81.73,56.67,799728.05,554515.95,245212.1
Asia,India,Meat,Online,C,2/17/2014,716255652,03-07-2014,4819,421.89,364.69,2033087.91,1757441.11,275646.8
Europe,Georgia,Meat,Offline,L,12/14/2012,414454782,12/28/2012,5235,421.89,364.69,2208594.15,1909152.15,299442
Europe,Kosovo,Personal Care,Online,L,8/30/2012,935268962,10-02-2012,5724,81.73,56.67,467822.52,324379.08,143443.44
Middle East and North Africa,Qatar,Personal Care,Online,C,11-09-2016,545934522,12/17/2016,3012,81.73,56.67,246170.76,170690.04,75480.72
Europe,Greece,Office Supplies,Offline,L,04-08-2011,284000289,05-11-2011,851,651.21,524.96,554179.71,446740.96,107438.75
Middle East and North Africa,Algeria,Clothes,Offline,M,12/24/2012,807327592,1/24/2013,5030,109.28,35.84,549678.4,180275.2,369403.2
Europe,Iceland,Vegetables,Offline,H,8/23/2013,144090259,9/30/2013,8364,154.06,90.93,1288557.84,760538.52,528019.32
Sub-Saharan Africa,Burkina Faso,Personal Care,Online,L,7/17/2013,442774617,08-05-2013,5704,81.73,56.67,466187.92,323245.68,142942.24
Asia,Singapore,Fruits,Online,H,3/28/2010,322179496,4/28/2010,8927,9.33,6.92,83288.91,61774.84,21514.07
Central America and the Caribbean,Dominican Republic,Personal Care,Online,C,07-04-2017,721416223,8/14/2017,1947,81.73,56.67,159128.31,110336.49,48791.82
Europe,Russia,Cereal,Offline,M,02-08-2016,849908626,2/14/2016,5704,205.7,117.11,1173312.8,667995.44,505317.36
Australia and Oceania,New Zealand,Beverages,Offline,L,08-01-2010,437393033,9/17/2010,3173,47.45,31.79,150558.85,100869.67,49689.18
Sub-Saharan Africa,Angola,Vegetables,Online,M,05-02-2010,183918273,5/23/2010,4359,154.06,90.93,671547.54,396363.87,275183.67
Asia,Maldives,Office Supplies,Offline,C,09-03-2010,409845674,09-03-2010,1297,651.21,524.96,844619.37,680873.12,163746.25
Asia,Nepal,Fruits,Offline,M,10-08-2011,605849063,11/23/2011,3056,9.33,6.92,28512.48,21147.52,7364.96
Europe,Slovakia,Clothes,Offline,L,11-05-2014,782914769,12-04-2014,733,109.28,35.84,80102.24,26270.72,53831.52
Europe,Montenegro,Snacks,Online,M,11-06-2010,122341620,11/17/2010,2459,152.58,97.44,375194.22,239604.96,135589.26
Asia,Bhutan,Fruits,Online,M,6/29/2014,125740945,7/17/2014,8395,9.33,6.92,78325.35,58093.4,20231.95
Central America and the Caribbean,Panama,Beverages,Online,H,1/23/2015,565036571,02-05-2015,5732,47.45,31.79,271983.4,182220.28,89763.12
Sub-Saharan Africa,Botswana,Fruits,Online,C,6/22/2010,832464826,7/14/2010,3696,9.33,6.92,34483.68,25576.32,8907.36
Sub-Saharan Africa,Sao Tome and Principe,Baby Food,Online,H,1/25/2011,390574538,02-02-2011,8540,255.28,159.42,2180091.2,1361446.8,818644.4
Sub-Saharan Africa,Liberia,Meat,Offline,L,02-08-2013,122227036,02-10-2013,8551,421.89,364.69,3607581.39,3118464.19,489117.2
Europe,Ukraine,Vegetables,Offline,L,2/18/2010,980596148,03-07-2010,9046,154.06,90.93,1393626.76,822552.78,571073.98
Sub-Saharan Africa,Zimbabwe,Household,Offline,H,11/24/2011,839168202,12/29/2011,7374,668.27,502.54,4927822.98,3705729.96,1222093.02
Europe,Belgium,Beverages,Online,L,4/13/2010,341742026,05-05-2010,7915,47.45,31.79,375566.75,251617.85,123948.9
Sub-Saharan Africa,Rwanda,Cosmetics,Online,L,5/19/2013,652428948,5/28/2013,7079,437.2,263.33,3094938.8,1864113.07,1230825.73
Asia,Turkmenistan,Household,Online,C,06-03-2011,305652797,6/19/2011,8310,668.27,502.54,5553323.7,4176107.4,1377216.3
Central America and the Caribbean,Jamaica,Fruits,Offline,L,11-03-2010,156149899,11/28/2010,7080,9.33,6.92,66056.4,48993.6,17062.8
Middle East and North Africa,Israel,Baby Food,Offline,C,05-10-2015,228969085,5/17/2015,5895,255.28,159.42,1504875.6,939780.9,565094.7
Central America and the Caribbean,The Bahamas,Household,Offline,H,08-08-2014,169471681,9/25/2014,9291,668.27,502.54,6208896.57,4669099.14,1539797.43
Sub-Saharan Africa,Swaziland,Fruits,Offline,H,8/21/2010,593331515,09-07-2010,8835,9.33,6.92,82430.55,61138.2,21292.35
Middle East and North Africa,Lebanon,Cosmetics,Online,M,03-01-2014,836534917,03-02-2014,8126,437.2,263.33,3552687.2,2139819.58,1412867.62
Australia and Oceania,Australia,Vegetables,Online,H,06-07-2010,305380713,07-02-2010,7794,154.06,90.93,1200743.64,708708.42,492035.22
Europe,Georgia,Cosmetics,Offline,L,1/23/2016,726480233,2/17/2016,500,437.2,263.33,218600,131665,86935
Middle East and North Africa,Lebanon,Cosmetics,Offline,H,8/26/2014,296757304,9/22/2014,5936,437.2,263.33,2595219.2,1563126.88,1032092.32
Asia,South Korea,Clothes,Offline,M,08-01-2013,433448255,8/21/2013,5826,109.28,35.84,636665.28,208803.84,427861.44
Sub-Saharan Africa,Zambia,Fruits,Online,H,07-10-2017,824101912,08-10-2017,8924,9.33,6.92,83260.92,61754.08,21506.84
Central America and the Caribbean,Jamaica,Snacks,Online,L,1/18/2017,776579606,03-09-2017,6018,152.58,97.44,918226.44,586393.92,331832.52
Europe,Romania,Clothes,Offline,H,03-05-2015,569055163,03-10-2015,4923,109.28,35.84,537985.44,176440.32,361545.12
Central America and the Caribbean,El Salvador,Cereal,Offline,L,12/18/2015,100014913,1/27/2016,5490,205.7,117.11,1129293,642933.9,486359.1
Central America and the Caribbean,The Bahamas,Snacks,Online,M,03-12-2013,238257682,4/14/2013,4598,152.58,97.44,701562.84,448029.12,253533.72
Sub-Saharan Africa,Lesotho,Snacks,Offline,L,11-09-2016,572894799,12-08-2016,1157,152.58,97.44,176535.06,112738.08,63796.98
Asia,Philippines,Cosmetics,Online,C,07-01-2011,763350093,07-10-2011,1111,437.2,263.33,485729.2,292559.63,193169.57
Middle East and North Africa,Qatar,Office Supplies,Online,H,01-07-2013,989359891,1/25/2013,2432,651.21,524.96,1583742.72,1276702.72,307040
Europe,Albania,Vegetables,Online,H,11/20/2011,600973021,12/30/2011,127,154.06,90.93,19565.62,11548.11,8017.51
Middle East and North Africa,Saudi Arabia,Personal Care,Online,M,10-10-2014,368550813,10/31/2014,1230,81.73,56.67,100527.9,69704.1,30823.8
Europe,Sweden,Household,Offline,L,6/27/2010,232767093,08-12-2010,9810,668.27,502.54,6555728.7,4929917.4,1625811.3
Europe,Georgia,Baby Food,Offline,H,8/14/2011,654608190,8/27/2011,1965,255.28,159.42,501625.2,313260.3,188364.9
Europe,Portugal,Cereal,Offline,H,11/20/2012,365372931,11/29/2012,825,205.7,117.11,169702.5,96615.75,73086.75
Europe,Italy,Cereal,Offline,H,02-01-2010,416672646,03-06-2010,1550,205.7,117.11,318835,181520.5,137314.5
Asia,Mongolia,Office Supplies,Online,L,06-06-2011,130431163,6/30/2011,6334,651.21,524.96,4124764.14,3325096.64,799667.5
Europe,Italy,Baby Food,Offline,M,1/16/2011,248884809,2/18/2011,9400,255.28,159.42,2399632,1498548,901084
North America,Canada,Cosmetics,Offline,H,6/28/2015,684582412,8/16/2015,2003,437.2,263.33,875711.6,527449.99,348261.61
Central America and the Caribbean,Saint Lucia,Household,Online,L,3/27/2017,970385301,4/20/2017,7429,668.27,502.54,4964577.83,3733369.66,1231208.17
Middle East and North Africa,Somalia,Household,Online,M,8/13/2013,709467303,8/14/2013,5996,668.27,502.54,4006946.92,3013229.84,993717.08
Sub-Saharan Africa,Democratic Republic of the Congo,Clothes,Offline,H,08-04-2010,925314748,09-07-2010,51,109.28,35.84,5573.28,1827.84,3745.44
Sub-Saharan Africa,Sudan,Beverages,Offline,H,5/28/2011,911726462,06-12-2011,8976,47.45,31.79,425911.2,285347.04,140564.16
Europe,Luxembourg,Personal Care,Offline,C,10/16/2012,482813775,10/16/2012,4180,81.73,56.67,341631.4,236880.6,104750.8
Europe,Kosovo,Personal Care,Offline,M,05-03-2016,423000514,06-07-2016,4107,81.73,56.67,335665.11,232743.69,102921.42
Sub-Saharan Africa,Guinea-Bissau,Vegetables,Online,M,2/13/2017,237023007,03-10-2017,9230,154.06,90.93,1421973.8,839283.9,582689.9
Australia and Oceania,Fiji,Office Supplies,Online,H,1/27/2015,399930083,2/13/2015,7054,651.21,524.96,4593635.34,3703067.84,890567.5
Asia,Singapore,Baby Food,Offline,M,03-10-2011,107083070,3/31/2011,7115,255.28,159.42,1816317.2,1134273.3,682043.9
Australia and Oceania,Fiji,Meat,Online,M,4/24/2011,424155795,5/27/2011,5980,421.89,364.69,2522902.2,2180846.2,342056
Australia and Oceania,Federated States of Micronesia,Cereal,Offline,H,10-12-2014,237134587,10/26/2014,2249,205.7,117.11,462619.3,263380.39,199238.91
Asia,Malaysia,Baby Food,Offline,M,8/21/2010,302318274,09-03-2010,1550,255.28,159.42,395684,247101,148583
Asia,Taiwan,Cereal,Online,C,9/19/2011,996318185,11-02-2011,1546,205.7,117.11,318012.2,181052.06,136960.14
Europe,Andorra,Personal Care,Online,M,12/20/2012,966058146,12/23/2012,6928,81.73,56.67,566225.44,392609.76,173615.68
Central America and the Caribbean,Saint Vincent and the Grenadines,Cosmetics,Offline,H,06-05-2010,278774487,6/14/2010,4421,437.2,263.33,1932861.2,1164181.93,768679.27
Sub-Saharan Africa,Democratic Republic of the Congo,Snacks,Offline,L,7/15/2012,872016036,7/26/2012,7778,152.58,97.44,1186767.24,757888.32,428878.92
Sub-Saharan Africa,Senegal,Cosmetics,Online,H,8/31/2013,703644120,9/25/2013,2787,437.2,263.33,1218476.4,733900.71,484575.69
Sub-Saharan Africa,Namibia,Baby Food,Offline,L,1/13/2013,501832568,1/17/2013,2264,255.28,159.42,577953.92,360926.88,217027.04
Europe,Austria,Clothes,Offline,C,12-05-2010,615067708,12/22/2010,1058,109.28,35.84,115618.24,37918.72,77699.52
Europe,Andorra,Cosmetics,Offline,H,6/25/2012,562148368,07-12-2012,1049,437.2,263.33,458622.8,276233.17,182389.63
Sub-Saharan Africa,Equatorial Guinea,Office Supplies,Offline,L,4/29/2016,382185876,5/23/2016,6149,651.21,524.96,4004290.29,3227979.04,776311.25
Australia and Oceania,Vanuatu,Baby Food,Offline,H,10/17/2010,184604060,11/30/2010,7299,255.28,159.42,1863288.72,1163606.58,699682.14
Middle East and North Africa,United Arab Emirates,Cosmetics,Offline,H,7/29/2015,599139249,9/14/2015,7473,437.2,263.33,3267195.6,1967865.09,1299330.51
Middle East and North Africa,Algeria,Cosmetics,Offline,C,05-05-2017,525840270,6/15/2017,6676,437.2,263.33,2918747.2,1757991.08,1160756.12
Middle East and North Africa,Bahrain,Baby Food,Online,H,06-02-2011,285068452,7/21/2011,6945,255.28,159.42,1772919.6,1107171.9,665747.7
Middle East and North Africa,Iraq,Snacks,Offline,C,02-09-2013,267497622,03-09-2013,7346,152.58,97.44,1120852.68,715794.24,405058.44
Australia and Oceania,Tonga,Personal Care,Online,H,1/29/2016,484114110,02-02-2016,8978,81.73,56.67,733771.94,508783.26,224988.68
Sub-Saharan Africa,Ethiopia,Cereal,Online,C,04-05-2011,116216742,5/14/2011,9972,205.7,117.11,2051240.4,1167820.92,883419.48
North America,Canada,Cosmetics,Online,C,5/16/2013,665416848,5/21/2013,487,437.2,263.33,212916.4,128241.71,84674.69
Sub-Saharan Africa,Liberia,Household,Online,L,9/14/2011,103638255,10-01-2011,7718,668.27,502.54,5157707.86,3878603.72,1279104.14
Sub-Saharan Africa,Seychelles ,Cosmetics,Offline,L,9/25/2011,523117291,11/14/2011,886,437.2,263.33,387359.2,233310.38,154048.82
Europe,San Marino,Cosmetics,Online,C,3/29/2016,486402785,4/17/2016,6248,437.2,263.33,2731625.6,1645285.84,1086339.76
Middle East and North Africa,United Arab Emirates,Fruits,Offline,L,11/29/2013,876356065,12-01-2013,2089,9.33,6.92,19490.37,14455.88,5034.49
Middle East and North Africa,Saudi Arabia,Snacks,Online,C,06-06-2013,846150958,6/22/2013,3727,152.58,97.44,568665.66,363158.88,205506.78
Europe,Belarus,Cosmetics,Online,L,12/22/2016,969273793,1/31/2017,8510,437.2,263.33,3720572,2240938.3,1479633.7
Sub-Saharan Africa,Equatorial Guinea,Personal Care,Online,M,06-06-2016,989523398,7/17/2016,818,81.73,56.67,66855.14,46356.06,20499.08
Sub-Saharan Africa,Gabon,Fruits,Offline,L,4/27/2012,271011102,6/16/2012,7062,9.33,6.92,65888.46,48869.04,17019.42
Sub-Saharan Africa,Zimbabwe,Vegetables,Online,M,01-05-2010,948160731,02-10-2010,685,154.06,90.93,105531.1,62287.05,43244.05
Sub-Saharan Africa,Cape Verde,Clothes,Online,L,12/13/2015,275708615,1/14/2016,7161,109.28,35.84,782554.08,256650.24,525903.84
Australia and Oceania,Marshall Islands,Personal Care,Offline,H,2/14/2011,978703582,2/23/2011,8994,81.73,56.67,735079.62,509689.98,225389.64
Europe,Luxembourg,Personal Care,Offline,C,6/19/2015,902506959,6/20/2015,720,81.73,56.67,58845.6,40802.4,18043.2
Middle East and North Africa,Somalia,Personal Care,Offline,M,11/20/2015,662792575,12/22/2015,3906,81.73,56.67,319237.38,221353.02,97884.36
Europe,Portugal,Vegetables,Offline,H,07-07-2015,495546758,08-11-2015,2153,154.06,90.93,331691.18,195772.29,135918.89
Europe,Slovenia,Office Supplies,Online,M,10-01-2014,707068336,11-05-2014,6088,651.21,524.96,3964566.48,3195956.48,768610
Central America and the Caribbean,Saint Lucia,Vegetables,Online,M,1/23/2015,323968636,02-11-2015,8374,154.06,90.93,1290098.44,761447.82,528650.62
Central America and the Caribbean,Honduras,Clothes,Online,L,3/13/2015,243171489,3/25/2015,8702,109.28,35.84,950954.56,311879.68,639074.88
Asia,Bhutan,Beverages,Online,M,12/18/2014,981913220,12/23/2014,8797,47.45,31.79,417417.65,279656.63,137761.02
Sub-Saharan Africa,Madagascar,Fruits,Offline,C,6/16/2011,427742660,07-09-2011,7413,9.33,6.92,69163.29,51297.96,17865.33
Sub-Saharan Africa,Senegal,Snacks,Online,H,5/26/2010,588521134,06-02-2010,5337,152.58,97.44,814319.46,520037.28,294282.18
Europe,Poland,Cereal,Offline,H,10/20/2014,842422473,11/26/2014,385,205.7,117.11,79194.5,45087.35,34107.15
Sub-Saharan Africa,Eritrea,Snacks,Online,L,08-02-2013,187933003,08-03-2013,2407,152.58,97.44,367260.06,234538.08,132721.98
Middle East and North Africa,Yemen,Fruits,Offline,C,09-05-2015,393851554,10-09-2015,8282,9.33,6.92,77271.06,57311.44,19959.62
Europe,Portugal,Fruits,Online,H,12-01-2015,149289453,12/27/2015,6921,9.33,6.92,64572.93,47893.32,16679.61
Middle East and North Africa,Algeria,Household,Offline,H,12/29/2013,913670527,01-08-2014,4268,668.27,502.54,2852176.36,2144840.72,707335.64
Asia,Kyrgyzstan,Fruits,Offline,M,09-03-2010,166731107,10-05-2010,8294,9.33,6.92,77383.02,57394.48,19988.54
Europe,Belgium,Clothes,Online,M,7/23/2011,858520019,8/16/2011,4007,109.28,35.84,437884.96,143610.88,294274.08
Sub-Saharan Africa,Sao Tome and Principe,Clothes,Offline,M,10-03-2015,159398591,11-04-2015,8440,109.28,35.84,922323.2,302489.6,619833.6
Asia,Tajikistan,Snacks,Online,L,1/25/2012,710040652,03-08-2012,5663,152.58,97.44,864060.54,551802.72,312257.82
Europe,Ireland,Office Supplies,Offline,H,1/31/2013,271432530,02-03-2013,1772,651.21,524.96,1153944.12,930229.12,223715
Europe,Bosnia and Herzegovina,Beverages,Online,H,7/15/2013,274873054,7/15/2013,9900,47.45,31.79,469755,314721,155034
Europe,Netherlands,Personal Care,Offline,H,10-11-2016,871973550,11/14/2016,5205,81.73,56.67,425404.65,294967.35,130437.3
Sub-Saharan Africa,Ghana,Snacks,Online,C,11/17/2015,484657847,12/29/2015,9882,152.58,97.44,1507795.56,962902.08,544893.48
Asia,Philippines,Meat,Online,C,7/17/2012,755162274,08-11-2012,8153,421.89,364.69,3439669.17,2973317.57,466351.6
Sub-Saharan Africa,Cameroon,Baby Food,Online,L,4/29/2013,696035659,5/22/2013,1274,255.28,159.42,325226.72,203101.08,122125.64
Central America and the Caribbean,Saint Lucia,Baby Food,Online,H,9/14/2010,740139329,10/23/2010,2530,255.28,159.42,645858.4,403332.6,242525.8
Europe,Slovenia,Clothes,Online,M,2/23/2017,490647113,03-09-2017,2239,109.28,35.84,244677.92,80245.76,164432.16
Central America and the Caribbean,Nicaragua,Snacks,Online,M,11/27/2015,971045339,11/29/2015,2749,152.58,97.44,419442.42,267862.56,151579.86
Sub-Saharan Africa,Senegal,Cosmetics,Online,L,3/21/2010,575132834,05-08-2010,3441,437.2,263.33,1504405.2,906118.53,598286.67
Sub-Saharan Africa,Senegal,Fruits,Offline,C,12/20/2011,917020928,12/24/2011,5726,9.33,6.92,53423.58,39623.92,13799.66
Sub-Saharan Africa,Chad,Beverages,Online,M,03-02-2015,981133449,3/20/2015,8045,47.45,31.79,381735.25,255750.55,125984.7
Europe,Iceland,Meat,Offline,C,11/22/2014,272206723,01-07-2015,873,421.89,364.69,368309.97,318374.37,49935.6
Middle East and North Africa,Oman,Personal Care,Online,H,1/29/2011,165289580,03-03-2011,1715,81.73,56.67,140166.95,97189.05,42977.9
Europe,Slovakia,Meat,Online,C,4/14/2012,755743348,5/24/2012,106,421.89,364.69,44720.34,38657.14,6063.2
Sub-Saharan Africa,Mauritius ,Meat,Online,H,10/17/2016,409241855,10/29/2016,2614,421.89,364.69,1102820.46,953299.66,149520.8
Sub-Saharan Africa,Eritrea,Snacks,Online,M,5/14/2016,711771428,5/26/2016,7838,152.58,97.44,1195922.04,763734.72,432187.32
Middle East and North Africa,Iraq,Household,Offline,M,03-11-2015,619630897,4/18/2015,1407,668.27,502.54,940255.89,707073.78,233182.11
Australia and Oceania,Kiribati,Beverages,Offline,H,12/14/2010,509431588,12/15/2010,982,47.45,31.79,46595.9,31217.78,15378.12
Middle East and North Africa,Qatar,Clothes,Offline,M,10-01-2013,828097331,10-04-2013,1257,109.28,35.84,137364.96,45050.88,92314.08
Asia,Turkmenistan,Beverages,Online,C,1/17/2012,742864453,1/25/2012,8955,47.45,31.79,424914.75,284679.45,140235.3
Asia,Vietnam,Office Supplies,Offline,H,04-12-2014,391281783,4/30/2014,7830,651.21,524.96,5098974.3,4110436.8,988537.5
Central America and the Caribbean,Jamaica,Snacks,Online,M,10/28/2014,431210649,12/14/2014,3668,152.58,97.44,559663.44,357409.92,202253.52
Europe,France,Beverages,Offline,M,11/24/2012,690824878,1/13/2013,9288,47.45,31.79,440715.6,295265.52,145450.08
Australia and Oceania,New Zealand,Cosmetics,Online,M,05-12-2016,618610799,6/25/2016,9537,437.2,263.33,4169576.4,2511378.21,1658198.19
Europe,Ukraine,Cosmetics,Offline,M,3/15/2015,633367240,4/16/2015,6296,437.2,263.33,2752611.2,1657925.68,1094685.52
Australia and Oceania,Federated States of Micronesia,Vegetables,Offline,C,8/16/2015,774205529,9/20/2015,3476,154.06,90.93,535512.56,316072.68,219439.88
Central America and the Caribbean,Costa Rica,Cereal,Offline,H,07-12-2013,250549495,7/21/2013,2018,205.7,117.11,415102.6,236327.98,178774.62
Central America and the Caribbean,Nicaragua,Personal Care,Offline,H,6/18/2013,592135465,07-12-2013,4897,81.73,56.67,400231.81,277512.99,122718.82
Sub-Saharan Africa,Chad,Cosmetics,Online,L,04-02-2017,699012267,05-11-2017,2118,437.2,263.33,925989.6,557732.94,368256.66
Europe,Bulgaria,Clothes,Offline,C,8/20/2012,891541230,9/13/2012,5717,109.28,35.84,624753.76,204897.28,419856.48
Europe,Czech Republic,Household,Online,M,12-05-2014,660396182,1/14/2015,4761,668.27,502.54,3181633.47,2392592.94,789040.53
North America,Mexico,Personal Care,Online,L,3/18/2010,916563451,3/27/2010,348,81.73,56.67,28442.04,19721.16,8720.88
Asia,Tajikistan,Personal Care,Offline,M,2/22/2012,841341865,04-07-2012,609,81.73,56.67,49773.57,34512.03,15261.54
Asia,Thailand,Vegetables,Offline,L,9/22/2012,136342751,10-12-2012,5705,154.06,90.93,878912.3,518755.65,360156.65
Asia,Bhutan,Household,Online,L,5/21/2016,373489940,07-09-2016,2828,668.27,502.54,1889867.56,1421183.12,468684.44
Asia,Sri Lanka,Fruits,Online,L,6/20/2013,945019757,6/26/2013,1201,9.33,6.92,11205.33,8310.92,2894.41
Middle East and North Africa,Bahrain,Personal Care,Online,H,4/25/2014,413481032,05-03-2014,7081,81.73,56.67,578730.13,401280.27,177449.86
Sub-Saharan Africa,Madagascar,Cosmetics,Offline,H,03-10-2015,561735093,04-11-2015,8752,437.2,263.33,3826374.4,2304664.16,1521710.24
Asia,Cambodia,Meat,Online,L,3/14/2017,542955768,4/27/2017,1532,421.89,364.69,646335.48,558705.08,87630.4
Sub-Saharan Africa,Djibouti,Snacks,Online,L,12/15/2014,930629384,01-07-2015,2770,152.58,97.44,422646.6,269908.8,152737.8
Middle East and North Africa,Somalia,Meat,Offline,L,6/26/2015,568554770,08-02-2015,6846,421.89,364.69,2888258.94,2496667.74,391591.2
Sub-Saharan Africa,Cote d'Ivoire,Meat,Offline,H,9/25/2011,620843255,10-12-2011,171,421.89,364.69,72143.19,62361.99,9781.2
Sub-Saharan Africa,Ghana,Fruits,Online,H,8/26/2016,521918666,9/28/2016,6186,9.33,6.92,57715.38,42807.12,14908.26
Sub-Saharan Africa,Mozambique,Meat,Offline,L,12/15/2013,226517331,01-01-2014,367,421.89,364.69,154833.63,133841.23,20992.4
Sub-Saharan Africa,The Gambia,Office Supplies,Online,C,12-08-2014,659688079,1/16/2015,5217,651.21,524.96,3397362.57,2738716.32,658646.25
Europe,Czech Republic,Household,Offline,C,10/19/2016,566792237,11/23/2016,5273,668.27,502.54,3523787.71,2649893.42,873894.29
Central America and the Caribbean,Trinidad and Tobago,Fruits,Offline,C,1/13/2014,563503634,02-07-2014,2103,9.33,6.92,19620.99,14552.76,5068.23
Sub-Saharan Africa,Lesotho,Personal Care,Offline,H,05-03-2017,885808598,6/18/2017,9304,81.73,56.67,760415.92,527257.68,233158.24
Asia,Thailand,Household,Online,C,12/19/2011,940005958,01-10-2012,7507,668.27,502.54,5016702.89,3772567.78,1244135.11
Asia,Bangladesh,Clothes,Offline,M,7/14/2014,652707040,8/24/2014,9373,109.28,35.84,1024281.44,335928.32,688353.12
Asia,Philippines,Personal Care,Offline,H,3/18/2016,920835673,4/13/2016,4594,81.73,56.67,375467.62,260341.98,115125.64
Asia,China,Vegetables,Online,L,10/25/2016,461628186,11-12-2016,4894,154.06,90.93,753969.64,445011.42,308958.22
Sub-Saharan Africa,Ethiopia,Office Supplies,Online,C,06-08-2013,762633407,7/22/2013,9027,651.21,524.96,5878472.67,4738813.92,1139658.75
Middle East and North Africa,Algeria,Cereal,Offline,C,10/18/2011,231712663,12-01-2011,7781,205.7,117.11,1600551.7,911232.91,689318.79
Europe,Sweden,Meat,Online,L,11/26/2014,947039783,01-11-2015,8972,421.89,364.69,3785197.08,3271998.68,513198.4
Australia and Oceania,Federated States of Micronesia,Clothes,Offline,L,09-07-2011,107101094,10/19/2011,2449,109.28,35.84,267626.72,87772.16,179854.56
Asia,Indonesia,Beverages,Offline,C,1/22/2011,380695426,02-03-2011,5091,47.45,31.79,241567.95,161842.89,79725.06
Middle East and North Africa,Kuwait,Clothes,Offline,C,6/13/2015,456934106,6/14/2015,5811,109.28,35.84,635026.08,208266.24,426759.84
Middle East and North Africa,Yemen,Vegetables,Online,C,12/18/2016,895240962,1/27/2017,550,154.06,90.93,84733,50011.5,34721.5
Australia and Oceania,New Zealand,Fruits,Offline,C,5/16/2016,975352323,06-09-2016,7282,9.33,6.92,67941.06,50391.44,17549.62
Europe,Ireland,Vegetables,Online,L,9/15/2011,947317016,10/21/2011,1011,154.06,90.93,155754.66,91930.23,63824.43
North America,Canada,Cosmetics,Offline,C,3/17/2017,681496369,04-08-2017,8775,437.2,263.33,3836430,2310720.75,1525709.25
Sub-Saharan Africa,Malawi,Fruits,Offline,H,2/13/2014,118564212,03-03-2014,4640,9.33,6.92,43291.2,32108.8,11182.4
Europe,Romania,Baby Food,Offline,L,01-11-2015,619506871,02-02-2015,4705,255.28,159.42,1201092.4,750071.1,451021.3
Middle East and North Africa,Lebanon,Baby Food,Online,L,8/28/2014,915623176,9/17/2014,2100,255.28,159.42,536088,334782,201306
Central America and the Caribbean,Belize,Vegetables,Offline,L,5/14/2016,258524453,5/27/2016,1986,154.06,90.93,305963.16,180586.98,125376.18
Europe,Switzerland,Office Supplies,Online,M,3/24/2013,670134532,4/30/2013,6555,651.21,524.96,4268681.55,3441112.8,827568.75
Sub-Saharan Africa,Sudan,Cosmetics,Online,L,07-07-2014,192689740,8/21/2014,31,437.2,263.33,13553.2,8163.23,5389.97
Sub-Saharan Africa,Uganda,Baby Food,Online,M,8/21/2011,538738906,9/16/2011,3669,255.28,159.42,936622.32,584911.98,351710.34
Sub-Saharan Africa,Comoros,Personal Care,Offline,M,3/20/2012,341143357,4/21/2012,755,81.73,56.67,61706.15,42785.85,18920.3
Sub-Saharan Africa,Mali,Baby Food,Online,L,7/31/2013,103076922,08-05-2013,1607,255.28,159.42,410234.96,256187.94,154047.02
Central America and the Caribbean,Grenada,Cereal,Offline,C,2/13/2014,848025929,04-04-2014,8572,205.7,117.11,1763260.4,1003866.92,759393.48
Sub-Saharan Africa,Swaziland,Personal Care,Offline,M,1/29/2017,969789206,02-06-2017,1032,81.73,56.67,84345.36,58483.44,25861.92
Europe,Germany,Cereal,Online,C,8/14/2011,282478082,9/20/2011,397,205.7,117.11,81662.9,46492.67,35170.23
